[    1656ms] [INFO] %cDownload the React DevTools for a better development experience: https://reactjs.org/link/react-devtools font-weight:bold @ webpack-internal:///(app-pages-browser)/./node_modules/next/dist/compiled/react-dom/cjs/react-dom.development.js:38559
[    1977ms] [LOG] [Auth] Utilisateur connecté détecté {userId: cmt3i6d290000qn8stnmxf460, role: admin, email: admin@nexaflow.com} @ webpack-internal:///(app-pages-browser)/./src/lib/procedures/client-auth.ts:15
[    1979ms] [LOG] [Auth] Utilisateur connecté détecté {userId: cmt3i6d290000qn8stnmxf460, role: admin, email: admin@nexaflow.com} @ webpack-internal:///(app-pages-browser)/./src/lib/procedures/client-auth.ts:15
[    2001ms] [LOG] [StructureBDD] render loading @ webpack-internal:///(app-pages-browser)/./src/app/(dashboard)/structure-bdd/page.tsx:1468
[    2001ms] [LOG] [StructureBDD] render loading @ webpack-internal:///(app-pages-browser)/./src/app/(dashboard)/structure-bdd/page.tsx:1468
[    2022ms] [LOG] [StructureBDD] mount @ webpack-internal:///(app-pages-browser)/./src/app/(dashboard)/structure-bdd/page.tsx:591
[    2025ms] [LOG] [StructureBDD] loadTrees start @ webpack-internal:///(app-pages-browser)/./src/app/(dashboard)/structure-bdd/page.tsx:464
[    2047ms] [LOG] [StructureBDD] mount @ webpack-internal:///(app-pages-browser)/./src/app/(dashboard)/structure-bdd/page.tsx:591
[    2049ms] [LOG] [StructureBDD] loadTrees start @ webpack-internal:///(app-pages-browser)/./src/app/(dashboard)/structure-bdd/page.tsx:464
[    2086ms] [LOG] [Auth] Utilisateur connecté détecté {userId: cmt3i6d290000qn8stnmxf460, role: admin, email: admin@nexaflow.com} @ webpack-internal:///(app-pages-browser)/./src/lib/procedures/client-auth.ts:15
[    2087ms] [LOG] [Auth] Utilisateur connecté détecté {userId: cmt3i6d290000qn8stnmxf460, role: admin, email: admin@nexaflow.com} @ webpack-internal:///(app-pages-browser)/./src/lib/procedures/client-auth.ts:15
[    2097ms] [LOG] [StructureBDD] render loading @ webpack-internal:///(app-pages-browser)/./src/app/(dashboard)/structure-bdd/page.tsx:1468
[    2097ms] [LOG] [StructureBDD] render loading @ webpack-internal:///(app-pages-browser)/./src/app/(dashboard)/structure-bdd/page.tsx:1468
[    2107ms] [LOG] [StructureBDD] mount @ webpack-internal:///(app-pages-browser)/./src/app/(dashboard)/structure-bdd/page.tsx:591
[    2110ms] [LOG] [StructureBDD] loadTrees start @ webpack-internal:///(app-pages-browser)/./src/app/(dashboard)/structure-bdd/page.tsx:464
[    2118ms] [LOG] [StructureBDD] mount @ webpack-internal:///(app-pages-browser)/./src/app/(dashboard)/structure-bdd/page.tsx:591
[    2119ms] [LOG] [StructureBDD] loadTrees start @ webpack-internal:///(app-pages-browser)/./src/app/(dashboard)/structure-bdd/page.tsx:464
[    4130ms] [WARNING] [SQLite] OPFS SAH Pool indisponible, repli sur IndexedDB (SqlJsDb). Error: Missing required OPFS APIs.
    at sqlite3.installOpfsSAHPoolVfs (webpack-internal:///(app-pages-browser)/./node_modules/@sqlite.org/sqlite-wasm/dist/index.mjs:15637:284)
    at openPersistentDatabase (webpack-internal:///(app-pages-browser)/./src/lib/client-engine/sqlite.ts:24:44)
    at eval (webpack-internal:///(app-pages-browser)/./src/lib/client-engine/sqlite.ts:51:20) @ webpack-internal:///(app-pages-browser)/./src/lib/client-engine/sqlite.ts:30
[    4130ms] [WARNING] [SQLite] Aucun stockage OPFS persistant disponible : repli sur localStorage (les données survivront au rechargement dans la limite de stockage du navigateur). @ webpack-internal:///(app-pages-browser)/./src/lib/client-engine/sqlite.ts:34
[    4276ms] [LOG] [SQLite] Base de données locale initialisée @ webpack-internal:///(app-pages-browser)/./src/lib/client-engine/sqlite.ts:52
[    4304ms] [LOG] [VectorStore] Base de données vectorielle IndexedDB initialisée @ webpack-internal:///(app-pages-browser)/./src/lib/client-engine/vector-store.ts:92
[    4304ms] [LOG] [VectorStore] Base de données vectorielle IndexedDB initialisée @ webpack-internal:///(app-pages-browser)/./src/lib/client-engine/vector-store.ts:92
[    4305ms] [LOG] [VectorStore] Base de données vectorielle IndexedDB initialisée @ webpack-internal:///(app-pages-browser)/./src/lib/client-engine/vector-store.ts:92
[    4305ms] [LOG] [VectorStore] Base de données vectorielle IndexedDB initialisée @ webpack-internal:///(app-pages-browser)/./src/lib/client-engine/vector-store.ts:92
[    4306ms] [LOG] [JsonStore] Base de données JSON IndexedDB initialisée @ webpack-internal:///(app-pages-browser)/./src/lib/client-engine/json-store.ts:50
[    4307ms] [LOG] [JsonStore] Base de données JSON IndexedDB initialisée @ webpack-internal:///(app-pages-browser)/./src/lib/client-engine/json-store.ts:50
[    4307ms] [LOG] [JsonStore] Base de données JSON IndexedDB initialisée @ webpack-internal:///(app-pages-browser)/./src/lib/client-engine/json-store.ts:50
[    4307ms] [LOG] [JsonStore] Base de données JSON IndexedDB initialisée @ webpack-internal:///(app-pages-browser)/./src/lib/client-engine/json-store.ts:50
[    4307ms] [LOG] [ClientEngine] Initialisation terminée: {sqlite: true, vectorStore: true, jsonStore: true} @ webpack-internal:///(app-pages-browser)/./src/lib/client-engine/index.ts:77
[    4307ms] [LOG] [ClientEngine] Initialisation terminée: {sqlite: true, vectorStore: true, jsonStore: true} @ webpack-internal:///(app-pages-browser)/./src/lib/client-engine/index.ts:77
[    4308ms] [LOG] [ClientEngine] Initialisation terminée: {sqlite: true, vectorStore: true, jsonStore: true} @ webpack-internal:///(app-pages-browser)/./src/lib/client-engine/index.ts:77
[    4308ms] [LOG] [ClientEngine] Initialisation terminée: {sqlite: true, vectorStore: true, jsonStore: true} @ webpack-internal:///(app-pages-browser)/./src/lib/client-engine/index.ts:77
[    4342ms] [LOG] [StructureBDD] local tree loaded {count: 0} @ webpack-internal:///(app-pages-browser)/./src/app/(dashboard)/structure-bdd/page.tsx:493
[    4343ms] [LOG] [StructureBDD] local tree loaded {count: 0} @ webpack-internal:///(app-pages-browser)/./src/app/(dashboard)/structure-bdd/page.tsx:493
[    4343ms] [LOG] [StructureBDD] local tree loaded {count: 0} @ webpack-internal:///(app-pages-browser)/./src/app/(dashboard)/structure-bdd/page.tsx:493
[    4343ms] [LOG] [StructureBDD] local tree loaded {count: 0} @ webpack-internal:///(app-pages-browser)/./src/app/(dashboard)/structure-bdd/page.tsx:493
[    4344ms] [LOG] [StructureBDD] vector docs loaded {count: 0} @ webpack-internal:///(app-pages-browser)/./src/app/(dashboard)/structure-bdd/page.tsx:517
[    4345ms] [LOG] [StructureBDD] vector docs loaded {count: 0} @ webpack-internal:///(app-pages-browser)/./src/app/(dashboard)/structure-bdd/page.tsx:517
[    4346ms] [LOG] [StructureBDD] vector docs loaded {count: 0} @ webpack-internal:///(app-pages-browser)/./src/app/(dashboard)/structure-bdd/page.tsx:517
[    4346ms] [LOG] [StructureBDD] vector docs loaded {count: 0} @ webpack-internal:///(app-pages-browser)/./src/app/(dashboard)/structure-bdd/page.tsx:517
[    4348ms] [LOG] [StructureBDD] render loading @ webpack-internal:///(app-pages-browser)/./src/app/(dashboard)/structure-bdd/page.tsx:1468
[    4349ms] [LOG] [StructureBDD] render loading @ webpack-internal:///(app-pages-browser)/./src/app/(dashboard)/structure-bdd/page.tsx:1468
[    4351ms] [LOG] [StructureBDD] vector tree loaded {count: 0} @ webpack-internal:///(app-pages-browser)/./src/app/(dashboard)/structure-bdd/page.tsx:531
[    4352ms] [LOG] [StructureBDD] vector tree loaded {count: 0} @ webpack-internal:///(app-pages-browser)/./src/app/(dashboard)/structure-bdd/page.tsx:531
[    4352ms] [LOG] [StructureBDD] vector tree loaded {count: 0} @ webpack-internal:///(app-pages-browser)/./src/app/(dashboard)/structure-bdd/page.tsx:531
[    4352ms] [LOG] [StructureBDD] vector tree loaded {count: 0} @ webpack-internal:///(app-pages-browser)/./src/app/(dashboard)/structure-bdd/page.tsx:531
[    4354ms] [LOG] [StructureBDD] render loading @ webpack-internal:///(app-pages-browser)/./src/app/(dashboard)/structure-bdd/page.tsx:1468
[    4354ms] [LOG] [StructureBDD] render loading @ webpack-internal:///(app-pages-browser)/./src/app/(dashboard)/structure-bdd/page.tsx:1468
[    6131ms] [LOG] [StructureBDD] /api/images/tree status 200 @ webpack-internal:///(app-pages-browser)/./src/app/(dashboard)/structure-bdd/page.tsx:558
[    6132ms] [LOG] [StructureBDD] image tree loaded {count: 1} @ webpack-internal:///(app-pages-browser)/./src/app/(dashboard)/structure-bdd/page.tsx:563
[    6204ms] [LOG] [StructureBDD] /api/tree status 200 @ webpack-internal:///(app-pages-browser)/./src/app/(dashboard)/structure-bdd/page.tsx:472
[    6210ms] [LOG] [StructureBDD] web tree loaded {count: 7} @ webpack-internal:///(app-pages-browser)/./src/app/(dashboard)/structure-bdd/page.tsx:480
[    6870ms] [LOG] [Auth] Utilisateur connecté détecté {userId: cmt3i6d290000qn8stnmxf460, role: admin, email: admin@nexaflow.com} @ webpack-internal:///(app-pages-browser)/./src/lib/procedures/client-auth.ts:15
[    6871ms] [LOG] [Auth] Utilisateur connecté détecté {userId: cmt3i6d290000qn8stnmxf460, role: admin, email: admin@nexaflow.com} @ webpack-internal:///(app-pages-browser)/./src/lib/procedures/client-auth.ts:15
[    8285ms] [LOG] [StructureBDD] /api/images/tree status 200 @ webpack-internal:///(app-pages-browser)/./src/app/(dashboard)/structure-bdd/page.tsx:558
[    8286ms] [LOG] [StructureBDD] image tree loaded {count: 1} @ webpack-internal:///(app-pages-browser)/./src/app/(dashboard)/structure-bdd/page.tsx:563
[    8332ms] [LOG] [StructureBDD] /api/tree status 200 @ webpack-internal:///(app-pages-browser)/./src/app/(dashboard)/structure-bdd/page.tsx:472
[    8334ms] [LOG] [StructureBDD] web tree loaded {count: 7} @ webpack-internal:///(app-pages-browser)/./src/app/(dashboard)/structure-bdd/page.tsx:480
[    8600ms] [LOG] [Auth] Utilisateur connecté détecté {userId: cmt3i6d290000qn8stnmxf460, role: admin, email: admin@nexaflow.com} @ webpack-internal:///(app-pages-browser)/./src/lib/procedures/client-auth.ts:15
[    8601ms] [LOG] [Auth] Utilisateur connecté détecté {userId: cmt3i6d290000qn8stnmxf460, role: admin, email: admin@nexaflow.com} @ webpack-internal:///(app-pages-browser)/./src/lib/procedures/client-auth.ts:15
[    8613ms] [LOG] [Auth] Utilisateur connecté détecté {userId: cmt3i6d290000qn8stnmxf460, role: admin, email: admin@nexaflow.com} @ webpack-internal:///(app-pages-browser)/./src/lib/procedures/client-auth.ts:15
[    8614ms] [LOG] [Auth] Utilisateur connecté détecté {userId: cmt3i6d290000qn8stnmxf460, role: admin, email: admin@nexaflow.com} @ webpack-internal:///(app-pages-browser)/./src/lib/procedures/client-auth.ts:15
[    9045ms] [LOG] [StructureBDD] /api/tree status 200 @ webpack-internal:///(app-pages-browser)/./src/app/(dashboard)/structure-bdd/page.tsx:472
[    9048ms] [LOG] [StructureBDD] web tree loaded {count: 7} @ webpack-internal:///(app-pages-browser)/./src/app/(dashboard)/structure-bdd/page.tsx:480
[    9050ms] [LOG] [StructureBDD] render loading @ webpack-internal:///(app-pages-browser)/./src/app/(dashboard)/structure-bdd/page.tsx:1468
[    9051ms] [LOG] [StructureBDD] render loading @ webpack-internal:///(app-pages-browser)/./src/app/(dashboard)/structure-bdd/page.tsx:1468
[    9080ms] [LOG] [StructureBDD] /api/images/tree status 200 @ webpack-internal:///(app-pages-browser)/./src/app/(dashboard)/structure-bdd/page.tsx:558
[    9081ms] [LOG] [StructureBDD] image tree loaded {count: 1} @ webpack-internal:///(app-pages-browser)/./src/app/(dashboard)/structure-bdd/page.tsx:563
[    9084ms] [LOG] [StructureBDD] render loading @ webpack-internal:///(app-pages-browser)/./src/app/(dashboard)/structure-bdd/page.tsx:1468
[    9084ms] [LOG] [StructureBDD] render loading @ webpack-internal:///(app-pages-browser)/./src/app/(dashboard)/structure-bdd/page.tsx:1468
[    9197ms] [LOG] [Auth] Utilisateur connecté détecté {userId: cmt3i6d290000qn8stnmxf460, role: admin, email: admin@nexaflow.com} @ webpack-internal:///(app-pages-browser)/./src/lib/procedures/client-auth.ts:15
[    9198ms] [LOG] [Auth] Utilisateur connecté détecté {userId: cmt3i6d290000qn8stnmxf460, role: admin, email: admin@nexaflow.com} @ webpack-internal:///(app-pages-browser)/./src/lib/procedures/client-auth.ts:15
[    9400ms] [LOG] [StructureBDD] /api/images/tree status 200 @ webpack-internal:///(app-pages-browser)/./src/app/(dashboard)/structure-bdd/page.tsx:558
[    9401ms] [LOG] [StructureBDD] image tree loaded {count: 1} @ webpack-internal:///(app-pages-browser)/./src/app/(dashboard)/structure-bdd/page.tsx:563
[    9401ms] [LOG] [StructureBDD] render loading @ webpack-internal:///(app-pages-browser)/./src/app/(dashboard)/structure-bdd/page.tsx:1468
[    9402ms] [LOG] [StructureBDD] render loading @ webpack-internal:///(app-pages-browser)/./src/app/(dashboard)/structure-bdd/page.tsx:1468
[    9424ms] [LOG] [StructureBDD] /api/tree status 200 @ webpack-internal:///(app-pages-browser)/./src/app/(dashboard)/structure-bdd/page.tsx:472
[    9427ms] [LOG] [StructureBDD] web tree loaded {count: 7} @ webpack-internal:///(app-pages-browser)/./src/app/(dashboard)/structure-bdd/page.tsx:480
[    9430ms] [LOG] [StructureBDD] render loading @ webpack-internal:///(app-pages-browser)/./src/app/(dashboard)/structure-bdd/page.tsx:1468
[    9430ms] [LOG] [StructureBDD] render loading @ webpack-internal:///(app-pages-browser)/./src/app/(dashboard)/structure-bdd/page.tsx:1468
[    9435ms] [LOG] [StructureBDD] render result {web: 7, local: 0, vector: 0, images: 1, webError: false} @ webpack-internal:///(app-pages-browser)/./src/app/(dashboard)/structure-bdd/page.tsx:1485
[    9436ms] [LOG] [StructureBDD] render result {web: 7, local: 0, vector: 0, images: 1, webError: false} @ webpack-internal:///(app-pages-browser)/./src/app/(dashboard)/structure-bdd/page.tsx:1485
[    9574ms] [LOG] [StructureBDD] render result {web: 7, local: 0, vector: 0, images: 1, webError: false} @ webpack-internal:///(app-pages-browser)/./src/app/(dashboard)/structure-bdd/page.tsx:1485
[    9576ms] [LOG] [StructureBDD] render result {web: 7, local: 0, vector: 0, images: 1, webError: false} @ webpack-internal:///(app-pages-browser)/./src/app/(dashboard)/structure-bdd/page.tsx:1485
[   27807ms] [LOG] [StructureBDD] render result {web: 7, local: 0, vector: 0, images: 1, webError: false} @ webpack-internal:///(app-pages-browser)/./src/app/(dashboard)/structure-bdd/page.tsx:1485
[   27809ms] [LOG] [StructureBDD] render result {web: 7, local: 0, vector: 0, images: 1, webError: false} @ webpack-internal:///(app-pages-browser)/./src/app/(dashboard)/structure-bdd/page.tsx:1485
[   32217ms] [LOG] [Auth] Utilisateur connecté détecté {userId: cmt3i6d290000qn8stnmxf460, role: admin, email: admin@nexaflow.com} @ webpack-internal:///(app-pages-browser)/./src/lib/procedures/client-auth.ts:15
[   32218ms] [LOG] [Auth] Utilisateur connecté détecté {userId: cmt3i6d290000qn8stnmxf460, role: admin, email: admin@nexaflow.com} @ webpack-internal:///(app-pages-browser)/./src/lib/procedures/client-auth.ts:15
[   62361ms] [LOG] [Auth] Utilisateur connecté détecté {userId: cmt3i6d290000qn8stnmxf460, role: admin, email: admin@nexaflow.com} @ webpack-internal:///(app-pages-browser)/./src/lib/procedures/client-auth.ts:15
[   62362ms] [LOG] [Auth] Utilisateur connecté détecté {userId: cmt3i6d290000qn8stnmxf460, role: admin, email: admin@nexaflow.com} @ webpack-internal:///(app-pages-browser)/./src/lib/procedures/client-auth.ts:15
[   81080ms] [LOG] [StructureBDD] render result {web: 7, local: 0, vector: 0, images: 1, webError: false} @ webpack-internal:///(app-pages-browser)/./src/app/(dashboard)/structure-bdd/page.tsx:1485
[   81082ms] [LOG] [StructureBDD] render result {web: 7, local: 0, vector: 0, images: 1, webError: false} @ webpack-internal:///(app-pages-browser)/./src/app/(dashboard)/structure-bdd/page.tsx:1485
[   84458ms] [LOG] [StructureBDD] render result {web: 7, local: 0, vector: 0, images: 1, webError: false} @ webpack-internal:///(app-pages-browser)/./src/app/(dashboard)/structure-bdd/page.tsx:1485
[   84459ms] [LOG] [StructureBDD] render result {web: 7, local: 0, vector: 0, images: 1, webError: false} @ webpack-internal:///(app-pages-browser)/./src/app/(dashboard)/structure-bdd/page.tsx:1485
[   92302ms] [LOG] [Auth] Utilisateur connecté détecté {userId: cmt3i6d290000qn8stnmxf460, role: admin, email: admin@nexaflow.com} @ webpack-internal:///(app-pages-browser)/./src/lib/procedures/client-auth.ts:15
[   92303ms] [LOG] [Auth] Utilisateur connecté détecté {userId: cmt3i6d290000qn8stnmxf460, role: admin, email: admin@nexaflow.com} @ webpack-internal:///(app-pages-browser)/./src/lib/procedures/client-auth.ts:15
[  122207ms] [LOG] [Auth] Utilisateur connecté détecté {userId: cmt3i6d290000qn8stnmxf460, role: admin, email: admin@nexaflow.com} @ webpack-internal:///(app-pages-browser)/./src/lib/procedures/client-auth.ts:15
[  122207ms] [LOG] [Auth] Utilisateur connecté détecté {userId: cmt3i6d290000qn8stnmxf460, role: admin, email: admin@nexaflow.com} @ webpack-internal:///(app-pages-browser)/./src/lib/procedures/client-auth.ts:15
[  152215ms] [LOG] [Auth] Utilisateur connecté détecté {userId: cmt3i6d290000qn8stnmxf460, role: admin, email: admin@nexaflow.com} @ webpack-internal:///(app-pages-browser)/./src/lib/procedures/client-auth.ts:15
[  152216ms] [LOG] [Auth] Utilisateur connecté détecté {userId: cmt3i6d290000qn8stnmxf460, role: admin, email: admin@nexaflow.com} @ webpack-internal:///(app-pages-browser)/./src/lib/procedures/client-auth.ts:15
[  182225ms] [LOG] [Auth] Utilisateur connecté détecté {userId: cmt3i6d290000qn8stnmxf460, role: admin, email: admin@nexaflow.com} @ webpack-internal:///(app-pages-browser)/./src/lib/procedures/client-auth.ts:15
[  182225ms] [LOG] [Auth] Utilisateur connecté détecté {userId: cmt3i6d290000qn8stnmxf460, role: admin, email: admin@nexaflow.com} @ webpack-internal:///(app-pages-browser)/./src/lib/procedures/client-auth.ts:15
[  212259ms] [LOG] [Auth] Utilisateur connecté détecté {userId: cmt3i6d290000qn8stnmxf460, role: admin, email: admin@nexaflow.com} @ webpack-internal:///(app-pages-browser)/./src/lib/procedures/client-auth.ts:15
[  212259ms] [LOG] [Auth] Utilisateur connecté détecté {userId: cmt3i6d290000qn8stnmxf460, role: admin, email: admin@nexaflow.com} @ webpack-internal:///(app-pages-browser)/./src/lib/procedures/client-auth.ts:15
[  242205ms] [LOG] [Auth] Utilisateur connecté détecté {userId: cmt3i6d290000qn8stnmxf460, role: admin, email: admin@nexaflow.com} @ webpack-internal:///(app-pages-browser)/./src/lib/procedures/client-auth.ts:15
[  242205ms] [LOG] [Auth] Utilisateur connecté détecté {userId: cmt3i6d290000qn8stnmxf460, role: admin, email: admin@nexaflow.com} @ webpack-internal:///(app-pages-browser)/./src/lib/procedures/client-auth.ts:15
[  272211ms] [LOG] [Auth] Utilisateur connecté détecté {userId: cmt3i6d290000qn8stnmxf460, role: admin, email: admin@nexaflow.com} @ webpack-internal:///(app-pages-browser)/./src/lib/procedures/client-auth.ts:15
[  272211ms] [LOG] [Auth] Utilisateur connecté détecté {userId: cmt3i6d290000qn8stnmxf460, role: admin, email: admin@nexaflow.com} @ webpack-internal:///(app-pages-browser)/./src/lib/procedures/client-auth.ts:15
[  302219ms] [LOG] [Auth] Utilisateur connecté détecté {userId: cmt3i6d290000qn8stnmxf460, role: admin, email: admin@nexaflow.com} @ webpack-internal:///(app-pages-browser)/./src/lib/procedures/client-auth.ts:15
[  302219ms] [LOG] [Auth] Utilisateur connecté détecté {userId: cmt3i6d290000qn8stnmxf460, role: admin, email: admin@nexaflow.com} @ webpack-internal:///(app-pages-browser)/./src/lib/procedures/client-auth.ts:15
[  332207ms] [LOG] [Auth] Utilisateur connecté détecté {userId: cmt3i6d290000qn8stnmxf460, role: admin, email: admin@nexaflow.com} @ webpack-internal:///(app-pages-browser)/./src/lib/procedures/client-auth.ts:15
[  332207ms] [LOG] [Auth] Utilisateur connecté détecté {userId: cmt3i6d290000qn8stnmxf460, role: admin, email: admin@nexaflow.com} @ webpack-internal:///(app-pages-browser)/./src/lib/procedures/client-auth.ts:15
[  362225ms] [LOG] [Auth] Utilisateur connecté détecté {userId: cmt3i6d290000qn8stnmxf460, role: admin, email: admin@nexaflow.com} @ webpack-internal:///(app-pages-browser)/./src/lib/procedures/client-auth.ts:15
[  362226ms] [LOG] [Auth] Utilisateur connecté détecté {userId: cmt3i6d290000qn8stnmxf460, role: admin, email: admin@nexaflow.com} @ webpack-internal:///(app-pages-browser)/./src/lib/procedures/client-auth.ts:15
[  392225ms] [LOG] [Auth] Utilisateur connecté détecté {userId: cmt3i6d290000qn8stnmxf460, role: admin, email: admin@nexaflow.com} @ webpack-internal:///(app-pages-browser)/./src/lib/procedures/client-auth.ts:15
[  392226ms] [LOG] [Auth] Utilisateur connecté détecté {userId: cmt3i6d290000qn8stnmxf460, role: admin, email: admin@nexaflow.com} @ webpack-internal:///(app-pages-browser)/./src/lib/procedures/client-auth.ts:15
[  422198ms] [LOG] [Auth] Utilisateur connecté détecté {userId: cmt3i6d290000qn8stnmxf460, role: admin, email: admin@nexaflow.com} @ webpack-internal:///(app-pages-browser)/./src/lib/procedures/client-auth.ts:15
[  422199ms] [LOG] [Auth] Utilisateur connecté détecté {userId: cmt3i6d290000qn8stnmxf460, role: admin, email: admin@nexaflow.com} @ webpack-internal:///(app-pages-browser)/./src/lib/procedures/client-auth.ts:15
[  452203ms] [LOG] [Auth] Utilisateur connecté détecté {userId: cmt3i6d290000qn8stnmxf460, role: admin, email: admin@nexaflow.com} @ webpack-internal:///(app-pages-browser)/./src/lib/procedures/client-auth.ts:15
[  452203ms] [LOG] [Auth] Utilisateur connecté détecté {userId: cmt3i6d290000qn8stnmxf460, role: admin, email: admin@nexaflow.com} @ webpack-internal:///(app-pages-browser)/./src/lib/procedures/client-auth.ts:15
[  482207ms] [LOG] [Auth] Utilisateur connecté détecté {userId: cmt3i6d290000qn8stnmxf460, role: admin, email: admin@nexaflow.com} @ webpack-internal:///(app-pages-browser)/./src/lib/procedures/client-auth.ts:15
[  482207ms] [LOG] [Auth] Utilisateur connecté détecté {userId: cmt3i6d290000qn8stnmxf460, role: admin, email: admin@nexaflow.com} @ webpack-internal:///(app-pages-browser)/./src/lib/procedures/client-auth.ts:15
[  512312ms] [LOG] [Auth] Utilisateur connecté détecté {userId: cmt3i6d290000qn8stnmxf460, role: admin, email: admin@nexaflow.com} @ webpack-internal:///(app-pages-browser)/./src/lib/procedures/client-auth.ts:15
[  512313ms] [LOG] [Auth] Utilisateur connecté détecté {userId: cmt3i6d290000qn8stnmxf460, role: admin, email: admin@nexaflow.com} @ webpack-internal:///(app-pages-browser)/./src/lib/procedures/client-auth.ts:15
[  542228ms] [LOG] [Auth] Utilisateur connecté détecté {userId: cmt3i6d290000qn8stnmxf460, role: admin, email: admin@nexaflow.com} @ webpack-internal:///(app-pages-browser)/./src/lib/procedures/client-auth.ts:15
[  542229ms] [LOG] [Auth] Utilisateur connecté détecté {userId: cmt3i6d290000qn8stnmxf460, role: admin, email: admin@nexaflow.com} @ webpack-internal:///(app-pages-browser)/./src/lib/procedures/client-auth.ts:15
[  572239ms] [LOG] [Auth] Utilisateur connecté détecté {userId: cmt3i6d290000qn8stnmxf460, role: admin, email: admin@nexaflow.com} @ webpack-internal:///(app-pages-browser)/./src/lib/procedures/client-auth.ts:15
[  572239ms] [LOG] [Auth] Utilisateur connecté détecté {userId: cmt3i6d290000qn8stnmxf460, role: admin, email: admin@nexaflow.com} @ webpack-internal:///(app-pages-browser)/./src/lib/procedures/client-auth.ts:15
[  602203ms] [LOG] [Auth] Utilisateur connecté détecté {userId: cmt3i6d290000qn8stnmxf460, role: admin, email: admin@nexaflow.com} @ webpack-internal:///(app-pages-browser)/./src/lib/procedures/client-auth.ts:15
[  602203ms] [LOG] [Auth] Utilisateur connecté détecté {userId: cmt3i6d290000qn8stnmxf460, role: admin, email: admin@nexaflow.com} @ webpack-internal:///(app-pages-browser)/./src/lib/procedures/client-auth.ts:15
[  632202ms] [LOG] [Auth] Utilisateur connecté détecté {userId: cmt3i6d290000qn8stnmxf460, role: admin, email: admin@nexaflow.com} @ webpack-internal:///(app-pages-browser)/./src/lib/procedures/client-auth.ts:15
[  632203ms] [LOG] [Auth] Utilisateur connecté détecté {userId: cmt3i6d290000qn8stnmxf460, role: admin, email: admin@nexaflow.com} @ webpack-internal:///(app-pages-browser)/./src/lib/procedures/client-auth.ts:15
[  662214ms] [LOG] [Auth] Utilisateur connecté détecté {userId: cmt3i6d290000qn8stnmxf460, role: admin, email: admin@nexaflow.com} @ webpack-internal:///(app-pages-browser)/./src/lib/procedures/client-auth.ts:15
[  662215ms] [LOG] [Auth] Utilisateur connecté détecté {userId: cmt3i6d290000qn8stnmxf460, role: admin, email: admin@nexaflow.com} @ webpack-internal:///(app-pages-browser)/./src/lib/procedures/client-auth.ts:15
[  692253ms] [LOG] [Auth] Utilisateur connecté détecté {userId: cmt3i6d290000qn8stnmxf460, role: admin, email: admin@nexaflow.com} @ webpack-internal:///(app-pages-browser)/./src/lib/procedures/client-auth.ts:15
[  692254ms] [LOG] [Auth] Utilisateur connecté détecté {userId: cmt3i6d290000qn8stnmxf460, role: admin, email: admin@nexaflow.com} @ webpack-internal:///(app-pages-browser)/./src/lib/procedures/client-auth.ts:15
[  722262ms] [LOG] [Auth] Utilisateur connecté détecté {userId: cmt3i6d290000qn8stnmxf460, role: admin, email: admin@nexaflow.com} @ webpack-internal:///(app-pages-browser)/./src/lib/procedures/client-auth.ts:15
[  722263ms] [LOG] [Auth] Utilisateur connecté détecté {userId: cmt3i6d290000qn8stnmxf460, role: admin, email: admin@nexaflow.com} @ webpack-internal:///(app-pages-browser)/./src/lib/procedures/client-auth.ts:15
[  752266ms] [LOG] [Auth] Utilisateur connecté détecté {userId: cmt3i6d290000qn8stnmxf460, role: admin, email: admin@nexaflow.com} @ webpack-internal:///(app-pages-browser)/./src/lib/procedures/client-auth.ts:15
[  752267ms] [LOG] [Auth] Utilisateur connecté détecté {userId: cmt3i6d290000qn8stnmxf460, role: admin, email: admin@nexaflow.com} @ webpack-internal:///(app-pages-browser)/./src/lib/procedures/client-auth.ts:15
[  782272ms] [LOG] [Auth] Utilisateur connecté détecté {userId: cmt3i6d290000qn8stnmxf460, role: admin, email: admin@nexaflow.com} @ webpack-internal:///(app-pages-browser)/./src/lib/procedures/client-auth.ts:15
[  782273ms] [LOG] [Auth] Utilisateur connecté détecté {userId: cmt3i6d290000qn8stnmxf460, role: admin, email: admin@nexaflow.com} @ webpack-internal:///(app-pages-browser)/./src/lib/procedures/client-auth.ts:15
[  812380ms] [LOG] [Auth] Utilisateur connecté détecté {userId: cmt3i6d290000qn8stnmxf460, role: admin, email: admin@nexaflow.com} @ webpack-internal:///(app-pages-browser)/./src/lib/procedures/client-auth.ts:15
[  812381ms] [LOG] [Auth] Utilisateur connecté détecté {userId: cmt3i6d290000qn8stnmxf460, role: admin, email: admin@nexaflow.com} @ webpack-internal:///(app-pages-browser)/./src/lib/procedures/client-auth.ts:15
[  842279ms] [LOG] [Auth] Utilisateur connecté détecté {userId: cmt3i6d290000qn8stnmxf460, role: admin, email: admin@nexaflow.com} @ webpack-internal:///(app-pages-browser)/./src/lib/procedures/client-auth.ts:15
[  842280ms] [LOG] [Auth] Utilisateur connecté détecté {userId: cmt3i6d290000qn8stnmxf460, role: admin, email: admin@nexaflow.com} @ webpack-internal:///(app-pages-browser)/./src/lib/procedures/client-auth.ts:15
[  872268ms] [LOG] [Auth] Utilisateur connecté détecté {userId: cmt3i6d290000qn8stnmxf460, role: admin, email: admin@nexaflow.com} @ webpack-internal:///(app-pages-browser)/./src/lib/procedures/client-auth.ts:15
[  872269ms] [LOG] [Auth] Utilisateur connecté détecté {userId: cmt3i6d290000qn8stnmxf460, role: admin, email: admin@nexaflow.com} @ webpack-internal:///(app-pages-browser)/./src/lib/procedures/client-auth.ts:15
[  902260ms] [LOG] [Auth] Utilisateur connecté détecté {userId: cmt3i6d290000qn8stnmxf460, role: admin, email: admin@nexaflow.com} @ webpack-internal:///(app-pages-browser)/./src/lib/procedures/client-auth.ts:15
[  902261ms] [LOG] [Auth] Utilisateur connecté détecté {userId: cmt3i6d290000qn8stnmxf460, role: admin, email: admin@nexaflow.com} @ webpack-internal:///(app-pages-browser)/./src/lib/procedures/client-auth.ts:15
[  932348ms] [LOG] [Auth] Utilisateur connecté détecté {userId: cmt3i6d290000qn8stnmxf460, role: admin, email: admin@nexaflow.com} @ webpack-internal:///(app-pages-browser)/./src/lib/procedures/client-auth.ts:15
[  932348ms] [LOG] [Auth] Utilisateur connecté détecté {userId: cmt3i6d290000qn8stnmxf460, role: admin, email: admin@nexaflow.com} @ webpack-internal:///(app-pages-browser)/./src/lib/procedures/client-auth.ts:15
[  962264ms] [LOG] [Auth] Utilisateur connecté détecté {userId: cmt3i6d290000qn8stnmxf460, role: admin, email: admin@nexaflow.com} @ webpack-internal:///(app-pages-browser)/./src/lib/procedures/client-auth.ts:15
[  962266ms] [LOG] [Auth] Utilisateur connecté détecté {userId: cmt3i6d290000qn8stnmxf460, role: admin, email: admin@nexaflow.com} @ webpack-internal:///(app-pages-browser)/./src/lib/procedures/client-auth.ts:15
[  992253ms] [LOG] [Auth] Utilisateur connecté détecté {userId: cmt3i6d290000qn8stnmxf460, role: admin, email: admin@nexaflow.com} @ webpack-internal:///(app-pages-browser)/./src/lib/procedures/client-auth.ts:15
[  992253ms] [LOG] [Auth] Utilisateur connecté détecté {userId: cmt3i6d290000qn8stnmxf460, role: admin, email: admin@nexaflow.com} @ webpack-internal:///(app-pages-browser)/./src/lib/procedures/client-auth.ts:15
[ 1022268ms] [LOG] [Auth] Utilisateur connecté détecté {userId: cmt3i6d290000qn8stnmxf460, role: admin, email: admin@nexaflow.com} @ webpack-internal:///(app-pages-browser)/./src/lib/procedures/client-auth.ts:15
[ 1022268ms] [LOG] [Auth] Utilisateur connecté détecté {userId: cmt3i6d290000qn8stnmxf460, role: admin, email: admin@nexaflow.com} @ webpack-internal:///(app-pages-browser)/./src/lib/procedures/client-auth.ts:15
[ 1052271ms] [LOG] [Auth] Utilisateur connecté détecté {userId: cmt3i6d290000qn8stnmxf460, role: admin, email: admin@nexaflow.com} @ webpack-internal:///(app-pages-browser)/./src/lib/procedures/client-auth.ts:15
[ 1052271ms] [LOG] [Auth] Utilisateur connecté détecté {userId: cmt3i6d290000qn8stnmxf460, role: admin, email: admin@nexaflow.com} @ webpack-internal:///(app-pages-browser)/./src/lib/procedures/client-auth.ts:15
[ 1082218ms] [LOG] [Auth] Utilisateur connecté détecté {userId: cmt3i6d290000qn8stnmxf460, role: admin, email: admin@nexaflow.com} @ webpack-internal:///(app-pages-browser)/./src/lib/procedures/client-auth.ts:15
[ 1082219ms] [LOG] [Auth] Utilisateur connecté détecté {userId: cmt3i6d290000qn8stnmxf460, role: admin, email: admin@nexaflow.com} @ webpack-internal:///(app-pages-browser)/./src/lib/procedures/client-auth.ts:15
[ 1112267ms] [LOG] [Auth] Utilisateur connecté détecté {userId: cmt3i6d290000qn8stnmxf460, role: admin, email: admin@nexaflow.com} @ webpack-internal:///(app-pages-browser)/./src/lib/procedures/client-auth.ts:15
[ 1112267ms] [LOG] [Auth] Utilisateur connecté détecté {userId: cmt3i6d290000qn8stnmxf460, role: admin, email: admin@nexaflow.com} @ webpack-internal:///(app-pages-browser)/./src/lib/procedures/client-auth.ts:15
[ 1142330ms] [LOG] [Auth] Utilisateur connecté détecté {userId: cmt3i6d290000qn8stnmxf460, role: admin, email: admin@nexaflow.com} @ webpack-internal:///(app-pages-browser)/./src/lib/procedures/client-auth.ts:15
[ 1142331ms] [LOG] [Auth] Utilisateur connecté détecté {userId: cmt3i6d290000qn8stnmxf460, role: admin, email: admin@nexaflow.com} @ webpack-internal:///(app-pages-browser)/./src/lib/procedures/client-auth.ts:15
[ 1172270ms] [LOG] [Auth] Utilisateur connecté détecté {userId: cmt3i6d290000qn8stnmxf460, role: admin, email: admin@nexaflow.com} @ webpack-internal:///(app-pages-browser)/./src/lib/procedures/client-auth.ts:15
[ 1172270ms] [LOG] [Auth] Utilisateur connecté détecté {userId: cmt3i6d290000qn8stnmxf460, role: admin, email: admin@nexaflow.com} @ webpack-internal:///(app-pages-browser)/./src/lib/procedures/client-auth.ts:15
[ 1202262ms] [LOG] [Auth] Utilisateur connecté détecté {userId: cmt3i6d290000qn8stnmxf460, role: admin, email: admin@nexaflow.com} @ webpack-internal:///(app-pages-browser)/./src/lib/procedures/client-auth.ts:15
[ 1202262ms] [LOG] [Auth] Utilisateur connecté détecté {userId: cmt3i6d290000qn8stnmxf460, role: admin, email: admin@nexaflow.com} @ webpack-internal:///(app-pages-browser)/./src/lib/procedures/client-auth.ts:15
[ 1232225ms] [LOG] [Auth] Utilisateur connecté détecté {userId: cmt3i6d290000qn8stnmxf460, role: admin, email: admin@nexaflow.com} @ webpack-internal:///(app-pages-browser)/./src/lib/procedures/client-auth.ts:15
[ 1232225ms] [LOG] [Auth] Utilisateur connecté détecté {userId: cmt3i6d290000qn8stnmxf460, role: admin, email: admin@nexaflow.com} @ webpack-internal:///(app-pages-browser)/./src/lib/procedures/client-auth.ts:15
[ 1262225ms] [LOG] [Auth] Utilisateur connecté détecté {userId: cmt3i6d290000qn8stnmxf460, role: admin, email: admin@nexaflow.com} @ webpack-internal:///(app-pages-browser)/./src/lib/procedures/client-auth.ts:15
[ 1262226ms] [LOG] [Auth] Utilisateur connecté détecté {userId: cmt3i6d290000qn8stnmxf460, role: admin, email: admin@nexaflow.com} @ webpack-internal:///(app-pages-browser)/./src/lib/procedures/client-auth.ts:15
[ 1292236ms] [LOG] [Auth] Utilisateur connecté détecté {userId: cmt3i6d290000qn8stnmxf460, role: admin, email: admin@nexaflow.com} @ webpack-internal:///(app-pages-browser)/./src/lib/procedures/client-auth.ts:15
[ 1292237ms] [LOG] [Auth] Utilisateur connecté détecté {userId: cmt3i6d290000qn8stnmxf460, role: admin, email: admin@nexaflow.com} @ webpack-internal:///(app-pages-browser)/./src/lib/procedures/client-auth.ts:15
[ 1322245ms] [LOG] [Auth] Utilisateur connecté détecté {userId: cmt3i6d290000qn8stnmxf460, role: admin, email: admin@nexaflow.com} @ webpack-internal:///(app-pages-browser)/./src/lib/procedures/client-auth.ts:15
[ 1322246ms] [LOG] [Auth] Utilisateur connecté détecté {userId: cmt3i6d290000qn8stnmxf460, role: admin, email: admin@nexaflow.com} @ webpack-internal:///(app-pages-browser)/./src/lib/procedures/client-auth.ts:15
[ 1352232ms] [LOG] [Auth] Utilisateur connecté détecté {userId: cmt3i6d290000qn8stnmxf460, role: admin, email: admin@nexaflow.com} @ webpack-internal:///(app-pages-browser)/./src/lib/procedures/client-auth.ts:15
[ 1352232ms] [LOG] [Auth] Utilisateur connecté détecté {userId: cmt3i6d290000qn8stnmxf460, role: admin, email: admin@nexaflow.com} @ webpack-internal:///(app-pages-browser)/./src/lib/procedures/client-auth.ts:15
[ 1382240ms] [LOG] [Auth] Utilisateur connecté détecté {userId: cmt3i6d290000qn8stnmxf460, role: admin, email: admin@nexaflow.com} @ webpack-internal:///(app-pages-browser)/./src/lib/procedures/client-auth.ts:15
[ 1382242ms] [LOG] [Auth] Utilisateur connecté détecté {userId: cmt3i6d290000qn8stnmxf460, role: admin, email: admin@nexaflow.com} @ webpack-internal:///(app-pages-browser)/./src/lib/procedures/client-auth.ts:15
[ 1412231ms] [LOG] [Auth] Utilisateur connecté détecté {userId: cmt3i6d290000qn8stnmxf460, role: admin, email: admin@nexaflow.com} @ webpack-internal:///(app-pages-browser)/./src/lib/procedures/client-auth.ts:15
[ 1412231ms] [LOG] [Auth] Utilisateur connecté détecté {userId: cmt3i6d290000qn8stnmxf460, role: admin, email: admin@nexaflow.com} @ webpack-internal:///(app-pages-browser)/./src/lib/procedures/client-auth.ts:15
[ 1442223ms] [LOG] [Auth] Utilisateur connecté détecté {userId: cmt3i6d290000qn8stnmxf460, role: admin, email: admin@nexaflow.com} @ webpack-internal:///(app-pages-browser)/./src/lib/procedures/client-auth.ts:15
[ 1442224ms] [LOG] [Auth] Utilisateur connecté détecté {userId: cmt3i6d290000qn8stnmxf460, role: admin, email: admin@nexaflow.com} @ webpack-internal:///(app-pages-browser)/./src/lib/procedures/client-auth.ts:15
[ 1472230ms] [LOG] [Auth] Utilisateur connecté détecté {userId: cmt3i6d290000qn8stnmxf460, role: admin, email: admin@nexaflow.com} @ webpack-internal:///(app-pages-browser)/./src/lib/procedures/client-auth.ts:15
[ 1472230ms] [LOG] [Auth] Utilisateur connecté détecté {userId: cmt3i6d290000qn8stnmxf460, role: admin, email: admin@nexaflow.com} @ webpack-internal:///(app-pages-browser)/./src/lib/procedures/client-auth.ts:15
[ 1502230ms] [LOG] [Auth] Utilisateur connecté détecté {userId: cmt3i6d290000qn8stnmxf460, role: admin, email: admin@nexaflow.com} @ webpack-internal:///(app-pages-browser)/./src/lib/procedures/client-auth.ts:15
[ 1502230ms] [LOG] [Auth] Utilisateur connecté détecté {userId: cmt3i6d290000qn8stnmxf460, role: admin, email: admin@nexaflow.com} @ webpack-internal:///(app-pages-browser)/./src/lib/procedures/client-auth.ts:15
[ 1532228ms] [LOG] [Auth] Utilisateur connecté détecté {userId: cmt3i6d290000qn8stnmxf460, role: admin, email: admin@nexaflow.com} @ webpack-internal:///(app-pages-browser)/./src/lib/procedures/client-auth.ts:15
[ 1532228ms] [LOG] [Auth] Utilisateur connecté détecté {userId: cmt3i6d290000qn8stnmxf460, role: admin, email: admin@nexaflow.com} @ webpack-internal:///(app-pages-browser)/./src/lib/procedures/client-auth.ts:15
[ 1562232ms] [LOG] [Auth] Utilisateur connecté détecté {userId: cmt3i6d290000qn8stnmxf460, role: admin, email: admin@nexaflow.com} @ webpack-internal:///(app-pages-browser)/./src/lib/procedures/client-auth.ts:15
[ 1562232ms] [LOG] [Auth] Utilisateur connecté détecté {userId: cmt3i6d290000qn8stnmxf460, role: admin, email: admin@nexaflow.com} @ webpack-internal:///(app-pages-browser)/./src/lib/procedures/client-auth.ts:15
[ 1592235ms] [LOG] [Auth] Utilisateur connecté détecté {userId: cmt3i6d290000qn8stnmxf460, role: admin, email: admin@nexaflow.com} @ webpack-internal:///(app-pages-browser)/./src/lib/procedures/client-auth.ts:15
[ 1592235ms] [LOG] [Auth] Utilisateur connecté détecté {userId: cmt3i6d290000qn8stnmxf460, role: admin, email: admin@nexaflow.com} @ webpack-internal:///(app-pages-browser)/./src/lib/procedures/client-auth.ts:15
[ 1622231ms] [LOG] [Auth] Utilisateur connecté détecté {userId: cmt3i6d290000qn8stnmxf460, role: admin, email: admin@nexaflow.com} @ webpack-internal:///(app-pages-browser)/./src/lib/procedures/client-auth.ts:15
[ 1622232ms] [LOG] [Auth] Utilisateur connecté détecté {userId: cmt3i6d290000qn8stnmxf460, role: admin, email: admin@nexaflow.com} @ webpack-internal:///(app-pages-browser)/./src/lib/procedures/client-auth.ts:15
[ 1652225ms] [LOG] [Auth] Utilisateur connecté détecté {userId: cmt3i6d290000qn8stnmxf460, role: admin, email: admin@nexaflow.com} @ webpack-internal:///(app-pages-browser)/./src/lib/procedures/client-auth.ts:15
[ 1652225ms] [LOG] [Auth] Utilisateur connecté détecté {userId: cmt3i6d290000qn8stnmxf460, role: admin, email: admin@nexaflow.com} @ webpack-internal:///(app-pages-browser)/./src/lib/procedures/client-auth.ts:15
[ 1682221ms] [LOG] [Auth] Utilisateur connecté détecté {userId: cmt3i6d290000qn8stnmxf460, role: admin, email: admin@nexaflow.com} @ webpack-internal:///(app-pages-browser)/./src/lib/procedures/client-auth.ts:15
[ 1682222ms] [LOG] [Auth] Utilisateur connecté détecté {userId: cmt3i6d290000qn8stnmxf460, role: admin, email: admin@nexaflow.com} @ webpack-internal:///(app-pages-browser)/./src/lib/procedures/client-auth.ts:15
[ 1712227ms] [LOG] [Auth] Utilisateur connecté détecté {userId: cmt3i6d290000qn8stnmxf460, role: admin, email: admin@nexaflow.com} @ webpack-internal:///(app-pages-browser)/./src/lib/procedures/client-auth.ts:15
[ 1712228ms] [LOG] [Auth] Utilisateur connecté détecté {userId: cmt3i6d290000qn8stnmxf460, role: admin, email: admin@nexaflow.com} @ webpack-internal:///(app-pages-browser)/./src/lib/procedures/client-auth.ts:15
[ 1742227ms] [LOG] [Auth] Utilisateur connecté détecté {userId: cmt3i6d290000qn8stnmxf460, role: admin, email: admin@nexaflow.com} @ webpack-internal:///(app-pages-browser)/./src/lib/procedures/client-auth.ts:15
[ 1742227ms] [LOG] [Auth] Utilisateur connecté détecté {userId: cmt3i6d290000qn8stnmxf460, role: admin, email: admin@nexaflow.com} @ webpack-internal:///(app-pages-browser)/./src/lib/procedures/client-auth.ts:15
[ 1772349ms] [LOG] [Auth] Utilisateur connecté détecté {userId: cmt3i6d290000qn8stnmxf460, role: admin, email: admin@nexaflow.com} @ webpack-internal:///(app-pages-browser)/./src/lib/procedures/client-auth.ts:15
[ 1772350ms] [LOG] [Auth] Utilisateur connecté détecté {userId: cmt3i6d290000qn8stnmxf460, role: admin, email: admin@nexaflow.com} @ webpack-internal:///(app-pages-browser)/./src/lib/procedures/client-auth.ts:15
[ 1802228ms] [LOG] [Auth] Utilisateur connecté détecté {userId: cmt3i6d290000qn8stnmxf460, role: admin, email: admin@nexaflow.com} @ webpack-internal:///(app-pages-browser)/./src/lib/procedures/client-auth.ts:15
[ 1802228ms] [LOG] [Auth] Utilisateur connecté détecté {userId: cmt3i6d290000qn8stnmxf460, role: admin, email: admin@nexaflow.com} @ webpack-internal:///(app-pages-browser)/./src/lib/procedures/client-auth.ts:15
[ 1832222ms] [LOG] [Auth] Utilisateur connecté détecté {userId: cmt3i6d290000qn8stnmxf460, role: admin, email: admin@nexaflow.com} @ webpack-internal:///(app-pages-browser)/./src/lib/procedures/client-auth.ts:15
[ 1832222ms] [LOG] [Auth] Utilisateur connecté détecté {userId: cmt3i6d290000qn8stnmxf460, role: admin, email: admin@nexaflow.com} @ webpack-internal:///(app-pages-browser)/./src/lib/procedures/client-auth.ts:15
[ 1862233ms] [LOG] [Auth] Utilisateur connecté détecté {userId: cmt3i6d290000qn8stnmxf460, role: admin, email: admin@nexaflow.com} @ webpack-internal:///(app-pages-browser)/./src/lib/procedures/client-auth.ts:15
[ 1862233ms] [LOG] [Auth] Utilisateur connecté détecté {userId: cmt3i6d290000qn8stnmxf460, role: admin, email: admin@nexaflow.com} @ webpack-internal:///(app-pages-browser)/./src/lib/procedures/client-auth.ts:15
[ 1892222ms] [LOG] [Auth] Utilisateur connecté détecté {userId: cmt3i6d290000qn8stnmxf460, role: admin, email: admin@nexaflow.com} @ webpack-internal:///(app-pages-browser)/./src/lib/procedures/client-auth.ts:15
[ 1892222ms] [LOG] [Auth] Utilisateur connecté détecté {userId: cmt3i6d290000qn8stnmxf460, role: admin, email: admin@nexaflow.com} @ webpack-internal:///(app-pages-browser)/./src/lib/procedures/client-auth.ts:15
[ 1922227ms] [LOG] [Auth] Utilisateur connecté détecté {userId: cmt3i6d290000qn8stnmxf460, role: admin, email: admin@nexaflow.com} @ webpack-internal:///(app-pages-browser)/./src/lib/procedures/client-auth.ts:15
[ 1922228ms] [LOG] [Auth] Utilisateur connecté détecté {userId: cmt3i6d290000qn8stnmxf460, role: admin, email: admin@nexaflow.com} @ webpack-internal:///(app-pages-browser)/./src/lib/procedures/client-auth.ts:15
[ 1952223ms] [LOG] [Auth] Utilisateur connecté détecté {userId: cmt3i6d290000qn8stnmxf460, role: admin, email: admin@nexaflow.com} @ webpack-internal:///(app-pages-browser)/./src/lib/procedures/client-auth.ts:15
[ 1952223ms] [LOG] [Auth] Utilisateur connecté détecté {userId: cmt3i6d290000qn8stnmxf460, role: admin, email: admin@nexaflow.com} @ webpack-internal:///(app-pages-browser)/./src/lib/procedures/client-auth.ts:15
[ 1982227ms] [LOG] [Auth] Utilisateur connecté détecté {userId: cmt3i6d290000qn8stnmxf460, role: admin, email: admin@nexaflow.com} @ webpack-internal:///(app-pages-browser)/./src/lib/procedures/client-auth.ts:15
[ 1982227ms] [LOG] [Auth] Utilisateur connecté détecté {userId: cmt3i6d290000qn8stnmxf460, role: admin, email: admin@nexaflow.com} @ webpack-internal:///(app-pages-browser)/./src/lib/procedures/client-auth.ts:15
[ 2012227ms] [LOG] [Auth] Utilisateur connecté détecté {userId: cmt3i6d290000qn8stnmxf460, role: admin, email: admin@nexaflow.com} @ webpack-internal:///(app-pages-browser)/./src/lib/procedures/client-auth.ts:15
[ 2012228ms] [LOG] [Auth] Utilisateur connecté détecté {userId: cmt3i6d290000qn8stnmxf460, role: admin, email: admin@nexaflow.com} @ webpack-internal:///(app-pages-browser)/./src/lib/procedures/client-auth.ts:15
[ 2042231ms] [LOG] [Auth] Utilisateur connecté détecté {userId: cmt3i6d290000qn8stnmxf460, role: admin, email: admin@nexaflow.com} @ webpack-internal:///(app-pages-browser)/./src/lib/procedures/client-auth.ts:15
[ 2042232ms] [LOG] [Auth] Utilisateur connecté détecté {userId: cmt3i6d290000qn8stnmxf460, role: admin, email: admin@nexaflow.com} @ webpack-internal:///(app-pages-browser)/./src/lib/procedures/client-auth.ts:15
[ 2072231ms] [LOG] [Auth] Utilisateur connecté détecté {userId: cmt3i6d290000qn8stnmxf460, role: admin, email: admin@nexaflow.com} @ webpack-internal:///(app-pages-browser)/./src/lib/procedures/client-auth.ts:15
[ 2072231ms] [LOG] [Auth] Utilisateur connecté détecté {userId: cmt3i6d290000qn8stnmxf460, role: admin, email: admin@nexaflow.com} @ webpack-internal:///(app-pages-browser)/./src/lib/procedures/client-auth.ts:15
[ 2102294ms] [LOG] [Auth] Utilisateur connecté détecté {userId: cmt3i6d290000qn8stnmxf460, role: admin, email: admin@nexaflow.com} @ webpack-internal:///(app-pages-browser)/./src/lib/procedures/client-auth.ts:15
[ 2102294ms] [LOG] [Auth] Utilisateur connecté détecté {userId: cmt3i6d290000qn8stnmxf460, role: admin, email: admin@nexaflow.com} @ webpack-internal:///(app-pages-browser)/./src/lib/procedures/client-auth.ts:15
[ 2132223ms] [LOG] [Auth] Utilisateur connecté détecté {userId: cmt3i6d290000qn8stnmxf460, role: admin, email: admin@nexaflow.com} @ webpack-internal:///(app-pages-browser)/./src/lib/procedures/client-auth.ts:15
[ 2132223ms] [LOG] [Auth] Utilisateur connecté détecté {userId: cmt3i6d290000qn8stnmxf460, role: admin, email: admin@nexaflow.com} @ webpack-internal:///(app-pages-browser)/./src/lib/procedures/client-auth.ts:15
[ 2162228ms] [LOG] [Auth] Utilisateur connecté détecté {userId: cmt3i6d290000qn8stnmxf460, role: admin, email: admin@nexaflow.com} @ webpack-internal:///(app-pages-browser)/./src/lib/procedures/client-auth.ts:15
[ 2162229ms] [LOG] [Auth] Utilisateur connecté détecté {userId: cmt3i6d290000qn8stnmxf460, role: admin, email: admin@nexaflow.com} @ webpack-internal:///(app-pages-browser)/./src/lib/procedures/client-auth.ts:15
[ 2192228ms] [LOG] [Auth] Utilisateur connecté détecté {userId: cmt3i6d290000qn8stnmxf460, role: admin, email: admin@nexaflow.com} @ webpack-internal:///(app-pages-browser)/./src/lib/procedures/client-auth.ts:15
[ 2192229ms] [LOG] [Auth] Utilisateur connecté détecté {userId: cmt3i6d290000qn8stnmxf460, role: admin, email: admin@nexaflow.com} @ webpack-internal:///(app-pages-browser)/./src/lib/procedures/client-auth.ts:15
[ 2222230ms] [LOG] [Auth] Utilisateur connecté détecté {userId: cmt3i6d290000qn8stnmxf460, role: admin, email: admin@nexaflow.com} @ webpack-internal:///(app-pages-browser)/./src/lib/procedures/client-auth.ts:15
[ 2222231ms] [LOG] [Auth] Utilisateur connecté détecté {userId: cmt3i6d290000qn8stnmxf460, role: admin, email: admin@nexaflow.com} @ webpack-internal:///(app-pages-browser)/./src/lib/procedures/client-auth.ts:15
[ 2252227ms] [LOG] [Auth] Utilisateur connecté détecté {userId: cmt3i6d290000qn8stnmxf460, role: admin, email: admin@nexaflow.com} @ webpack-internal:///(app-pages-browser)/./src/lib/procedures/client-auth.ts:15
[ 2252228ms] [LOG] [Auth] Utilisateur connecté détecté {userId: cmt3i6d290000qn8stnmxf460, role: admin, email: admin@nexaflow.com} @ webpack-internal:///(app-pages-browser)/./src/lib/procedures/client-auth.ts:15
[ 2282231ms] [LOG] [Auth] Utilisateur connecté détecté {userId: cmt3i6d290000qn8stnmxf460, role: admin, email: admin@nexaflow.com} @ webpack-internal:///(app-pages-browser)/./src/lib/procedures/client-auth.ts:15
[ 2282231ms] [LOG] [Auth] Utilisateur connecté détecté {userId: cmt3i6d290000qn8stnmxf460, role: admin, email: admin@nexaflow.com} @ webpack-internal:///(app-pages-browser)/./src/lib/procedures/client-auth.ts:15
[ 2312218ms] [LOG] [Auth] Utilisateur connecté détecté {userId: cmt3i6d290000qn8stnmxf460, role: admin, email: admin@nexaflow.com} @ webpack-internal:///(app-pages-browser)/./src/lib/procedures/client-auth.ts:15
[ 2312219ms] [LOG] [Auth] Utilisateur connecté détecté {userId: cmt3i6d290000qn8stnmxf460, role: admin, email: admin@nexaflow.com} @ webpack-internal:///(app-pages-browser)/./src/lib/procedures/client-auth.ts:15
[ 2342224ms] [LOG] [Auth] Utilisateur connecté détecté {userId: cmt3i6d290000qn8stnmxf460, role: admin, email: admin@nexaflow.com} @ webpack-internal:///(app-pages-browser)/./src/lib/procedures/client-auth.ts:15
[ 2342224ms] [LOG] [Auth] Utilisateur connecté détecté {userId: cmt3i6d290000qn8stnmxf460, role: admin, email: admin@nexaflow.com} @ webpack-internal:///(app-pages-browser)/./src/lib/procedures/client-auth.ts:15
[ 2372211ms] [LOG] [Auth] Utilisateur connecté détecté {userId: cmt3i6d290000qn8stnmxf460, role: admin, email: admin@nexaflow.com} @ webpack-internal:///(app-pages-browser)/./src/lib/procedures/client-auth.ts:15
[ 2372211ms] [LOG] [Auth] Utilisateur connecté détecté {userId: cmt3i6d290000qn8stnmxf460, role: admin, email: admin@nexaflow.com} @ webpack-internal:///(app-pages-browser)/./src/lib/procedures/client-auth.ts:15
[ 2402214ms] [LOG] [Auth] Utilisateur connecté détecté {userId: cmt3i6d290000qn8stnmxf460, role: admin, email: admin@nexaflow.com} @ webpack-internal:///(app-pages-browser)/./src/lib/procedures/client-auth.ts:15
[ 2402214ms] [LOG] [Auth] Utilisateur connecté détecté {userId: cmt3i6d290000qn8stnmxf460, role: admin, email: admin@nexaflow.com} @ webpack-internal:///(app-pages-browser)/./src/lib/procedures/client-auth.ts:15
[ 2432225ms] [LOG] [Auth] Utilisateur connecté détecté {userId: cmt3i6d290000qn8stnmxf460, role: admin, email: admin@nexaflow.com} @ webpack-internal:///(app-pages-browser)/./src/lib/procedures/client-auth.ts:15
[ 2432227ms] [LOG] [Auth] Utilisateur connecté détecté {userId: cmt3i6d290000qn8stnmxf460, role: admin, email: admin@nexaflow.com} @ webpack-internal:///(app-pages-browser)/./src/lib/procedures/client-auth.ts:15
[ 2462243ms] [LOG] [Auth] Utilisateur connecté détecté {userId: cmt3i6d290000qn8stnmxf460, role: admin, email: admin@nexaflow.com} @ webpack-internal:///(app-pages-browser)/./src/lib/procedures/client-auth.ts:15
[ 2462243ms] [LOG] [Auth] Utilisateur connecté détecté {userId: cmt3i6d290000qn8stnmxf460, role: admin, email: admin@nexaflow.com} @ webpack-internal:///(app-pages-browser)/./src/lib/procedures/client-auth.ts:15
[ 2492215ms] [LOG] [Auth] Utilisateur connecté détecté {userId: cmt3i6d290000qn8stnmxf460, role: admin, email: admin@nexaflow.com} @ webpack-internal:///(app-pages-browser)/./src/lib/procedures/client-auth.ts:15
[ 2492216ms] [LOG] [Auth] Utilisateur connecté détecté {userId: cmt3i6d290000qn8stnmxf460, role: admin, email: admin@nexaflow.com} @ webpack-internal:///(app-pages-browser)/./src/lib/procedures/client-auth.ts:15
[ 2522224ms] [LOG] [Auth] Utilisateur connecté détecté {userId: cmt3i6d290000qn8stnmxf460, role: admin, email: admin@nexaflow.com} @ webpack-internal:///(app-pages-browser)/./src/lib/procedures/client-auth.ts:15
[ 2522225ms] [LOG] [Auth] Utilisateur connecté détecté {userId: cmt3i6d290000qn8stnmxf460, role: admin, email: admin@nexaflow.com} @ webpack-internal:///(app-pages-browser)/./src/lib/procedures/client-auth.ts:15
[ 2552236ms] [LOG] [Auth] Utilisateur connecté détecté {userId: cmt3i6d290000qn8stnmxf460, role: admin, email: admin@nexaflow.com} @ webpack-internal:///(app-pages-browser)/./src/lib/procedures/client-auth.ts:15
[ 2552236ms] [LOG] [Auth] Utilisateur connecté détecté {userId: cmt3i6d290000qn8stnmxf460, role: admin, email: admin@nexaflow.com} @ webpack-internal:///(app-pages-browser)/./src/lib/procedures/client-auth.ts:15
[ 2582230ms] [LOG] [Auth] Utilisateur connecté détecté {userId: cmt3i6d290000qn8stnmxf460, role: admin, email: admin@nexaflow.com} @ webpack-internal:///(app-pages-browser)/./src/lib/procedures/client-auth.ts:15
[ 2582231ms] [LOG] [Auth] Utilisateur connecté détecté {userId: cmt3i6d290000qn8stnmxf460, role: admin, email: admin@nexaflow.com} @ webpack-internal:///(app-pages-browser)/./src/lib/procedures/client-auth.ts:15
[ 2612216ms] [LOG] [Auth] Utilisateur connecté détecté {userId: cmt3i6d290000qn8stnmxf460, role: admin, email: admin@nexaflow.com} @ webpack-internal:///(app-pages-browser)/./src/lib/procedures/client-auth.ts:15
[ 2612217ms] [LOG] [Auth] Utilisateur connecté détecté {userId: cmt3i6d290000qn8stnmxf460, role: admin, email: admin@nexaflow.com} @ webpack-internal:///(app-pages-browser)/./src/lib/procedures/client-auth.ts:15
[ 2642216ms] [LOG] [Auth] Utilisateur connecté détecté {userId: cmt3i6d290000qn8stnmxf460, role: admin, email: admin@nexaflow.com} @ webpack-internal:///(app-pages-browser)/./src/lib/procedures/client-auth.ts:15
[ 2642217ms] [LOG] [Auth] Utilisateur connecté détecté {userId: cmt3i6d290000qn8stnmxf460, role: admin, email: admin@nexaflow.com} @ webpack-internal:///(app-pages-browser)/./src/lib/procedures/client-auth.ts:15
[ 2672232ms] [LOG] [Auth] Utilisateur connecté détecté {userId: cmt3i6d290000qn8stnmxf460, role: admin, email: admin@nexaflow.com} @ webpack-internal:///(app-pages-browser)/./src/lib/procedures/client-auth.ts:15
[ 2672233ms] [LOG] [Auth] Utilisateur connecté détecté {userId: cmt3i6d290000qn8stnmxf460, role: admin, email: admin@nexaflow.com} @ webpack-internal:///(app-pages-browser)/./src/lib/procedures/client-auth.ts:15
[ 2702217ms] [LOG] [Auth] Utilisateur connecté détecté {userId: cmt3i6d290000qn8stnmxf460, role: admin, email: admin@nexaflow.com} @ webpack-internal:///(app-pages-browser)/./src/lib/procedures/client-auth.ts:15
[ 2702218ms] [LOG] [Auth] Utilisateur connecté détecté {userId: cmt3i6d290000qn8stnmxf460, role: admin, email: admin@nexaflow.com} @ webpack-internal:///(app-pages-browser)/./src/lib/procedures/client-auth.ts:15
[ 2732284ms] [LOG] [Auth] Utilisateur connecté détecté {userId: cmt3i6d290000qn8stnmxf460, role: admin, email: admin@nexaflow.com} @ webpack-internal:///(app-pages-browser)/./src/lib/procedures/client-auth.ts:15
[ 2732284ms] [LOG] [Auth] Utilisateur connecté détecté {userId: cmt3i6d290000qn8stnmxf460, role: admin, email: admin@nexaflow.com} @ webpack-internal:///(app-pages-browser)/./src/lib/procedures/client-auth.ts:15
[ 2762230ms] [LOG] [Auth] Utilisateur connecté détecté {userId: cmt3i6d290000qn8stnmxf460, role: admin, email: admin@nexaflow.com} @ webpack-internal:///(app-pages-browser)/./src/lib/procedures/client-auth.ts:15
[ 2762231ms] [LOG] [Auth] Utilisateur connecté détecté {userId: cmt3i6d290000qn8stnmxf460, role: admin, email: admin@nexaflow.com} @ webpack-internal:///(app-pages-browser)/./src/lib/procedures/client-auth.ts:15
[ 2792235ms] [LOG] [Auth] Utilisateur connecté détecté {userId: cmt3i6d290000qn8stnmxf460, role: admin, email: admin@nexaflow.com} @ webpack-internal:///(app-pages-browser)/./src/lib/procedures/client-auth.ts:15
[ 2792236ms] [LOG] [Auth] Utilisateur connecté détecté {userId: cmt3i6d290000qn8stnmxf460, role: admin, email: admin@nexaflow.com} @ webpack-internal:///(app-pages-browser)/./src/lib/procedures/client-auth.ts:15
[ 2822281ms] [LOG] [Auth] Utilisateur connecté détecté {userId: cmt3i6d290000qn8stnmxf460, role: admin, email: admin@nexaflow.com} @ webpack-internal:///(app-pages-browser)/./src/lib/procedures/client-auth.ts:15
[ 2822282ms] [LOG] [Auth] Utilisateur connecté détecté {userId: cmt3i6d290000qn8stnmxf460, role: admin, email: admin@nexaflow.com} @ webpack-internal:///(app-pages-browser)/./src/lib/procedures/client-auth.ts:15
[ 2852215ms] [LOG] [Auth] Utilisateur connecté détecté {userId: cmt3i6d290000qn8stnmxf460, role: admin, email: admin@nexaflow.com} @ webpack-internal:///(app-pages-browser)/./src/lib/procedures/client-auth.ts:15
[ 2852216ms] [LOG] [Auth] Utilisateur connecté détecté {userId: cmt3i6d290000qn8stnmxf460, role: admin, email: admin@nexaflow.com} @ webpack-internal:///(app-pages-browser)/./src/lib/procedures/client-auth.ts:15
[ 2882230ms] [LOG] [Auth] Utilisateur connecté détecté {userId: cmt3i6d290000qn8stnmxf460, role: admin, email: admin@nexaflow.com} @ webpack-internal:///(app-pages-browser)/./src/lib/procedures/client-auth.ts:15
[ 2882231ms] [LOG] [Auth] Utilisateur connecté détecté {userId: cmt3i6d290000qn8stnmxf460, role: admin, email: admin@nexaflow.com} @ webpack-internal:///(app-pages-browser)/./src/lib/procedures/client-auth.ts:15
[ 2912216ms] [LOG] [Auth] Utilisateur connecté détecté {userId: cmt3i6d290000qn8stnmxf460, role: admin, email: admin@nexaflow.com} @ webpack-internal:///(app-pages-browser)/./src/lib/procedures/client-auth.ts:15
[ 2912217ms] [LOG] [Auth] Utilisateur connecté détecté {userId: cmt3i6d290000qn8stnmxf460, role: admin, email: admin@nexaflow.com} @ webpack-internal:///(app-pages-browser)/./src/lib/procedures/client-auth.ts:15
[ 2942215ms] [LOG] [Auth] Utilisateur connecté détecté {userId: cmt3i6d290000qn8stnmxf460, role: admin, email: admin@nexaflow.com} @ webpack-internal:///(app-pages-browser)/./src/lib/procedures/client-auth.ts:15
[ 2942215ms] [LOG] [Auth] Utilisateur connecté détecté {userId: cmt3i6d290000qn8stnmxf460, role: admin, email: admin@nexaflow.com} @ webpack-internal:///(app-pages-browser)/./src/lib/procedures/client-auth.ts:15
[ 2972222ms] [LOG] [Auth] Utilisateur connecté détecté {userId: cmt3i6d290000qn8stnmxf460, role: admin, email: admin@nexaflow.com} @ webpack-internal:///(app-pages-browser)/./src/lib/procedures/client-auth.ts:15
[ 2972224ms] [LOG] [Auth] Utilisateur connecté détecté {userId: cmt3i6d290000qn8stnmxf460, role: admin, email: admin@nexaflow.com} @ webpack-internal:///(app-pages-browser)/./src/lib/procedures/client-auth.ts:15
[ 3002231ms] [LOG] [Auth] Utilisateur connecté détecté {userId: cmt3i6d290000qn8stnmxf460, role: admin, email: admin@nexaflow.com} @ webpack-internal:///(app-pages-browser)/./src/lib/procedures/client-auth.ts:15
[ 3002232ms] [LOG] [Auth] Utilisateur connecté détecté {userId: cmt3i6d290000qn8stnmxf460, role: admin, email: admin@nexaflow.com} @ webpack-internal:///(app-pages-browser)/./src/lib/procedures/client-auth.ts:15
[ 3032244ms] [LOG] [Auth] Utilisateur connecté détecté {userId: cmt3i6d290000qn8stnmxf460, role: admin, email: admin@nexaflow.com} @ webpack-internal:///(app-pages-browser)/./src/lib/procedures/client-auth.ts:15
[ 3032245ms] [LOG] [Auth] Utilisateur connecté détecté {userId: cmt3i6d290000qn8stnmxf460, role: admin, email: admin@nexaflow.com} @ webpack-internal:///(app-pages-browser)/./src/lib/procedures/client-auth.ts:15
[ 3062472ms] [LOG] [Auth] Utilisateur connecté détecté {userId: cmt3i6d290000qn8stnmxf460, role: admin, email: admin@nexaflow.com} @ webpack-internal:///(app-pages-browser)/./src/lib/procedures/client-auth.ts:15
[ 3062473ms] [LOG] [Auth] Utilisateur connecté détecté {userId: cmt3i6d290000qn8stnmxf460, role: admin, email: admin@nexaflow.com} @ webpack-internal:///(app-pages-browser)/./src/lib/procedures/client-auth.ts:15
[ 3092302ms] [LOG] [Auth] Utilisateur connecté détecté {userId: cmt3i6d290000qn8stnmxf460, role: admin, email: admin@nexaflow.com} @ webpack-internal:///(app-pages-browser)/./src/lib/procedures/client-auth.ts:15
[ 3092302ms] [LOG] [Auth] Utilisateur connecté détecté {userId: cmt3i6d290000qn8stnmxf460, role: admin, email: admin@nexaflow.com} @ webpack-internal:///(app-pages-browser)/./src/lib/procedures/client-auth.ts:15
[ 3122237ms] [LOG] [Auth] Utilisateur connecté détecté {userId: cmt3i6d290000qn8stnmxf460, role: admin, email: admin@nexaflow.com} @ webpack-internal:///(app-pages-browser)/./src/lib/procedures/client-auth.ts:15
[ 3122237ms] [LOG] [Auth] Utilisateur connecté détecté {userId: cmt3i6d290000qn8stnmxf460, role: admin, email: admin@nexaflow.com} @ webpack-internal:///(app-pages-browser)/./src/lib/procedures/client-auth.ts:15
[ 3152232ms] [LOG] [Auth] Utilisateur connecté détecté {userId: cmt3i6d290000qn8stnmxf460, role: admin, email: admin@nexaflow.com} @ webpack-internal:///(app-pages-browser)/./src/lib/procedures/client-auth.ts:15
[ 3152233ms] [LOG] [Auth] Utilisateur connecté détecté {userId: cmt3i6d290000qn8stnmxf460, role: admin, email: admin@nexaflow.com} @ webpack-internal:///(app-pages-browser)/./src/lib/procedures/client-auth.ts:15
[ 3182231ms] [LOG] [Auth] Utilisateur connecté détecté {userId: cmt3i6d290000qn8stnmxf460, role: admin, email: admin@nexaflow.com} @ webpack-internal:///(app-pages-browser)/./src/lib/procedures/client-auth.ts:15
[ 3182231ms] [LOG] [Auth] Utilisateur connecté détecté {userId: cmt3i6d290000qn8stnmxf460, role: admin, email: admin@nexaflow.com} @ webpack-internal:///(app-pages-browser)/./src/lib/procedures/client-auth.ts:15
[ 3212244ms] [LOG] [Auth] Utilisateur connecté détecté {userId: cmt3i6d290000qn8stnmxf460, role: admin, email: admin@nexaflow.com} @ webpack-internal:///(app-pages-browser)/./src/lib/procedures/client-auth.ts:15
[ 3212245ms] [LOG] [Auth] Utilisateur connecté détecté {userId: cmt3i6d290000qn8stnmxf460, role: admin, email: admin@nexaflow.com} @ webpack-internal:///(app-pages-browser)/./src/lib/procedures/client-auth.ts:15
[ 3242248ms] [LOG] [Auth] Utilisateur connecté détecté {userId: cmt3i6d290000qn8stnmxf460, role: admin, email: admin@nexaflow.com} @ webpack-internal:///(app-pages-browser)/./src/lib/procedures/client-auth.ts:15
[ 3242249ms] [LOG] [Auth] Utilisateur connecté détecté {userId: cmt3i6d290000qn8stnmxf460, role: admin, email: admin@nexaflow.com} @ webpack-internal:///(app-pages-browser)/./src/lib/procedures/client-auth.ts:15
[ 3272237ms] [LOG] [Auth] Utilisateur connecté détecté {userId: cmt3i6d290000qn8stnmxf460, role: admin, email: admin@nexaflow.com} @ webpack-internal:///(app-pages-browser)/./src/lib/procedures/client-auth.ts:15
[ 3272237ms] [LOG] [Auth] Utilisateur connecté détecté {userId: cmt3i6d290000qn8stnmxf460, role: admin, email: admin@nexaflow.com} @ webpack-internal:///(app-pages-browser)/./src/lib/procedures/client-auth.ts:15
[ 3302225ms] [LOG] [Auth] Utilisateur connecté détecté {userId: cmt3i6d290000qn8stnmxf460, role: admin, email: admin@nexaflow.com} @ webpack-internal:///(app-pages-browser)/./src/lib/procedures/client-auth.ts:15
[ 3302226ms] [LOG] [Auth] Utilisateur connecté détecté {userId: cmt3i6d290000qn8stnmxf460, role: admin, email: admin@nexaflow.com} @ webpack-internal:///(app-pages-browser)/./src/lib/procedures/client-auth.ts:15
[ 3332224ms] [LOG] [Auth] Utilisateur connecté détecté {userId: cmt3i6d290000qn8stnmxf460, role: admin, email: admin@nexaflow.com} @ webpack-internal:///(app-pages-browser)/./src/lib/procedures/client-auth.ts:15
[ 3332225ms] [LOG] [Auth] Utilisateur connecté détecté {userId: cmt3i6d290000qn8stnmxf460, role: admin, email: admin@nexaflow.com} @ webpack-internal:///(app-pages-browser)/./src/lib/procedures/client-auth.ts:15
[ 3362241ms] [LOG] [Auth] Utilisateur connecté détecté {userId: cmt3i6d290000qn8stnmxf460, role: admin, email: admin@nexaflow.com} @ webpack-internal:///(app-pages-browser)/./src/lib/procedures/client-auth.ts:15
[ 3362241ms] [LOG] [Auth] Utilisateur connecté détecté {userId: cmt3i6d290000qn8stnmxf460, role: admin, email: admin@nexaflow.com} @ webpack-internal:///(app-pages-browser)/./src/lib/procedures/client-auth.ts:15
[ 3392231ms] [LOG] [Auth] Utilisateur connecté détecté {userId: cmt3i6d290000qn8stnmxf460, role: admin, email: admin@nexaflow.com} @ webpack-internal:///(app-pages-browser)/./src/lib/procedures/client-auth.ts:15
[ 3392232ms] [LOG] [Auth] Utilisateur connecté détecté {userId: cmt3i6d290000qn8stnmxf460, role: admin, email: admin@nexaflow.com} @ webpack-internal:///(app-pages-browser)/./src/lib/procedures/client-auth.ts:15
[ 3422227ms] [LOG] [Auth] Utilisateur connecté détecté {userId: cmt3i6d290000qn8stnmxf460, role: admin, email: admin@nexaflow.com} @ webpack-internal:///(app-pages-browser)/./src/lib/procedures/client-auth.ts:15
[ 3422228ms] [LOG] [Auth] Utilisateur connecté détecté {userId: cmt3i6d290000qn8stnmxf460, role: admin, email: admin@nexaflow.com} @ webpack-internal:///(app-pages-browser)/./src/lib/procedures/client-auth.ts:15
[ 3452229ms] [LOG] [Auth] Utilisateur connecté détecté {userId: cmt3i6d290000qn8stnmxf460, role: admin, email: admin@nexaflow.com} @ webpack-internal:///(app-pages-browser)/./src/lib/procedures/client-auth.ts:15
[ 3452229ms] [LOG] [Auth] Utilisateur connecté détecté {userId: cmt3i6d290000qn8stnmxf460, role: admin, email: admin@nexaflow.com} @ webpack-internal:///(app-pages-browser)/./src/lib/procedures/client-auth.ts:15
[ 3482205ms] [LOG] [Auth] Utilisateur connecté détecté {userId: cmt3i6d290000qn8stnmxf460, role: admin, email: admin@nexaflow.com} @ webpack-internal:///(app-pages-browser)/./src/lib/procedures/client-auth.ts:15
[ 3482206ms] [LOG] [Auth] Utilisateur connecté détecté {userId: cmt3i6d290000qn8stnmxf460, role: admin, email: admin@nexaflow.com} @ webpack-internal:///(app-pages-browser)/./src/lib/procedures/client-auth.ts:15
[ 3512220ms] [LOG] [Auth] Utilisateur connecté détecté {userId: cmt3i6d290000qn8stnmxf460, role: admin, email: admin@nexaflow.com} @ webpack-internal:///(app-pages-browser)/./src/lib/procedures/client-auth.ts:15
[ 3512221ms] [LOG] [Auth] Utilisateur connecté détecté {userId: cmt3i6d290000qn8stnmxf460, role: admin, email: admin@nexaflow.com} @ webpack-internal:///(app-pages-browser)/./src/lib/procedures/client-auth.ts:15
[ 3542228ms] [LOG] [Auth] Utilisateur connecté détecté {userId: cmt3i6d290000qn8stnmxf460, role: admin, email: admin@nexaflow.com} @ webpack-internal:///(app-pages-browser)/./src/lib/procedures/client-auth.ts:15
[ 3542229ms] [LOG] [Auth] Utilisateur connecté détecté {userId: cmt3i6d290000qn8stnmxf460, role: admin, email: admin@nexaflow.com} @ webpack-internal:///(app-pages-browser)/./src/lib/procedures/client-auth.ts:15
[ 3572230ms] [LOG] [Auth] Utilisateur connecté détecté {userId: cmt3i6d290000qn8stnmxf460, role: admin, email: admin@nexaflow.com} @ webpack-internal:///(app-pages-browser)/./src/lib/procedures/client-auth.ts:15
[ 3572231ms] [LOG] [Auth] Utilisateur connecté détecté {userId: cmt3i6d290000qn8stnmxf460, role: admin, email: admin@nexaflow.com} @ webpack-internal:///(app-pages-browser)/./src/lib/procedures/client-auth.ts:15
[ 3602252ms] [LOG] [Auth] Utilisateur connecté détecté {userId: cmt3i6d290000qn8stnmxf460, role: admin, email: admin@nexaflow.com} @ webpack-internal:///(app-pages-browser)/./src/lib/procedures/client-auth.ts:15
[ 3602253ms] [LOG] [Auth] Utilisateur connecté détecté {userId: cmt3i6d290000qn8stnmxf460, role: admin, email: admin@nexaflow.com} @ webpack-internal:///(app-pages-browser)/./src/lib/procedures/client-auth.ts:15
[ 3632223ms] [LOG] [Auth] Utilisateur connecté détecté {userId: cmt3i6d290000qn8stnmxf460, role: admin, email: admin@nexaflow.com} @ webpack-internal:///(app-pages-browser)/./src/lib/procedures/client-auth.ts:15
[ 3632224ms] [LOG] [Auth] Utilisateur connecté détecté {userId: cmt3i6d290000qn8stnmxf460, role: admin, email: admin@nexaflow.com} @ webpack-internal:///(app-pages-browser)/./src/lib/procedures/client-auth.ts:15
[ 3662225ms] [LOG] [Auth] Utilisateur connecté détecté {userId: cmt3i6d290000qn8stnmxf460, role: admin, email: admin@nexaflow.com} @ webpack-internal:///(app-pages-browser)/./src/lib/procedures/client-auth.ts:15
[ 3662225ms] [LOG] [Auth] Utilisateur connecté détecté {userId: cmt3i6d290000qn8stnmxf460, role: admin, email: admin@nexaflow.com} @ webpack-internal:///(app-pages-browser)/./src/lib/procedures/client-auth.ts:15
[ 3692294ms] [LOG] [Auth] Utilisateur connecté détecté {userId: cmt3i6d290000qn8stnmxf460, role: admin, email: admin@nexaflow.com} @ webpack-internal:///(app-pages-browser)/./src/lib/procedures/client-auth.ts:15
[ 3692295ms] [LOG] [Auth] Utilisateur connecté détecté {userId: cmt3i6d290000qn8stnmxf460, role: admin, email: admin@nexaflow.com} @ webpack-internal:///(app-pages-browser)/./src/lib/procedures/client-auth.ts:15
[ 3722223ms] [LOG] [Auth] Utilisateur connecté détecté {userId: cmt3i6d290000qn8stnmxf460, role: admin, email: admin@nexaflow.com} @ webpack-internal:///(app-pages-browser)/./src/lib/procedures/client-auth.ts:15
[ 3722223ms] [LOG] [Auth] Utilisateur connecté détecté {userId: cmt3i6d290000qn8stnmxf460, role: admin, email: admin@nexaflow.com} @ webpack-internal:///(app-pages-browser)/./src/lib/procedures/client-auth.ts:15
[ 3752228ms] [LOG] [Auth] Utilisateur connecté détecté {userId: cmt3i6d290000qn8stnmxf460, role: admin, email: admin@nexaflow.com} @ webpack-internal:///(app-pages-browser)/./src/lib/procedures/client-auth.ts:15
[ 3752229ms] [LOG] [Auth] Utilisateur connecté détecté {userId: cmt3i6d290000qn8stnmxf460, role: admin, email: admin@nexaflow.com} @ webpack-internal:///(app-pages-browser)/./src/lib/procedures/client-auth.ts:15
[ 3782218ms] [LOG] [Auth] Utilisateur connecté détecté {userId: cmt3i6d290000qn8stnmxf460, role: admin, email: admin@nexaflow.com} @ webpack-internal:///(app-pages-browser)/./src/lib/procedures/client-auth.ts:15
[ 3782218ms] [LOG] [Auth] Utilisateur connecté détecté {userId: cmt3i6d290000qn8stnmxf460, role: admin, email: admin@nexaflow.com} @ webpack-internal:///(app-pages-browser)/./src/lib/procedures/client-auth.ts:15
[ 3812219ms] [LOG] [Auth] Utilisateur connecté détecté {userId: cmt3i6d290000qn8stnmxf460, role: admin, email: admin@nexaflow.com} @ webpack-internal:///(app-pages-browser)/./src/lib/procedures/client-auth.ts:15
[ 3812220ms] [LOG] [Auth] Utilisateur connecté détecté {userId: cmt3i6d290000qn8stnmxf460, role: admin, email: admin@nexaflow.com} @ webpack-internal:///(app-pages-browser)/./src/lib/procedures/client-auth.ts:15
[ 3842223ms] [LOG] [Auth] Utilisateur connecté détecté {userId: cmt3i6d290000qn8stnmxf460, role: admin, email: admin@nexaflow.com} @ webpack-internal:///(app-pages-browser)/./src/lib/procedures/client-auth.ts:15
[ 3842223ms] [LOG] [Auth] Utilisateur connecté détecté {userId: cmt3i6d290000qn8stnmxf460, role: admin, email: admin@nexaflow.com} @ webpack-internal:///(app-pages-browser)/./src/lib/procedures/client-auth.ts:15
[ 3872221ms] [LOG] [Auth] Utilisateur connecté détecté {userId: cmt3i6d290000qn8stnmxf460, role: admin, email: admin@nexaflow.com} @ webpack-internal:///(app-pages-browser)/./src/lib/procedures/client-auth.ts:15
[ 3872221ms] [LOG] [Auth] Utilisateur connecté détecté {userId: cmt3i6d290000qn8stnmxf460, role: admin, email: admin@nexaflow.com} @ webpack-internal:///(app-pages-browser)/./src/lib/procedures/client-auth.ts:15
[ 3902221ms] [LOG] [Auth] Utilisateur connecté détecté {userId: cmt3i6d290000qn8stnmxf460, role: admin, email: admin@nexaflow.com} @ webpack-internal:///(app-pages-browser)/./src/lib/procedures/client-auth.ts:15
[ 3902222ms] [LOG] [Auth] Utilisateur connecté détecté {userId: cmt3i6d290000qn8stnmxf460, role: admin, email: admin@nexaflow.com} @ webpack-internal:///(app-pages-browser)/./src/lib/procedures/client-auth.ts:15
[ 3932219ms] [LOG] [Auth] Utilisateur connecté détecté {userId: cmt3i6d290000qn8stnmxf460, role: admin, email: admin@nexaflow.com} @ webpack-internal:///(app-pages-browser)/./src/lib/procedures/client-auth.ts:15
[ 3932219ms] [LOG] [Auth] Utilisateur connecté détecté {userId: cmt3i6d290000qn8stnmxf460, role: admin, email: admin@nexaflow.com} @ webpack-internal:///(app-pages-browser)/./src/lib/procedures/client-auth.ts:15
[ 3962217ms] [LOG] [Auth] Utilisateur connecté détecté {userId: cmt3i6d290000qn8stnmxf460, role: admin, email: admin@nexaflow.com} @ webpack-internal:///(app-pages-browser)/./src/lib/procedures/client-auth.ts:15
[ 3962218ms] [LOG] [Auth] Utilisateur connecté détecté {userId: cmt3i6d290000qn8stnmxf460, role: admin, email: admin@nexaflow.com} @ webpack-internal:///(app-pages-browser)/./src/lib/procedures/client-auth.ts:15
[ 3992222ms] [LOG] [Auth] Utilisateur connecté détecté {userId: cmt3i6d290000qn8stnmxf460, role: admin, email: admin@nexaflow.com} @ webpack-internal:///(app-pages-browser)/./src/lib/procedures/client-auth.ts:15
[ 3992223ms] [LOG] [Auth] Utilisateur connecté détecté {userId: cmt3i6d290000qn8stnmxf460, role: admin, email: admin@nexaflow.com} @ webpack-internal:///(app-pages-browser)/./src/lib/procedures/client-auth.ts:15
[ 4022331ms] [LOG] [Auth] Utilisateur connecté détecté {userId: cmt3i6d290000qn8stnmxf460, role: admin, email: admin@nexaflow.com} @ webpack-internal:///(app-pages-browser)/./src/lib/procedures/client-auth.ts:15
[ 4022332ms] [LOG] [Auth] Utilisateur connecté détecté {userId: cmt3i6d290000qn8stnmxf460, role: admin, email: admin@nexaflow.com} @ webpack-internal:///(app-pages-browser)/./src/lib/procedures/client-auth.ts:15
[ 4052222ms] [LOG] [Auth] Utilisateur connecté détecté {userId: cmt3i6d290000qn8stnmxf460, role: admin, email: admin@nexaflow.com} @ webpack-internal:///(app-pages-browser)/./src/lib/procedures/client-auth.ts:15
[ 4052223ms] [LOG] [Auth] Utilisateur connecté détecté {userId: cmt3i6d290000qn8stnmxf460, role: admin, email: admin@nexaflow.com} @ webpack-internal:///(app-pages-browser)/./src/lib/procedures/client-auth.ts:15
[ 4082220ms] [LOG] [Auth] Utilisateur connecté détecté {userId: cmt3i6d290000qn8stnmxf460, role: admin, email: admin@nexaflow.com} @ webpack-internal:///(app-pages-browser)/./src/lib/procedures/client-auth.ts:15
[ 4082220ms] [LOG] [Auth] Utilisateur connecté détecté {userId: cmt3i6d290000qn8stnmxf460, role: admin, email: admin@nexaflow.com} @ webpack-internal:///(app-pages-browser)/./src/lib/procedures/client-auth.ts:15
[ 4112219ms] [LOG] [Auth] Utilisateur connecté détecté {userId: cmt3i6d290000qn8stnmxf460, role: admin, email: admin@nexaflow.com} @ webpack-internal:///(app-pages-browser)/./src/lib/procedures/client-auth.ts:15
[ 4112219ms] [LOG] [Auth] Utilisateur connecté détecté {userId: cmt3i6d290000qn8stnmxf460, role: admin, email: admin@nexaflow.com} @ webpack-internal:///(app-pages-browser)/./src/lib/procedures/client-auth.ts:15
[ 4142221ms] [LOG] [Auth] Utilisateur connecté détecté {userId: cmt3i6d290000qn8stnmxf460, role: admin, email: admin@nexaflow.com} @ webpack-internal:///(app-pages-browser)/./src/lib/procedures/client-auth.ts:15
[ 4142222ms] [LOG] [Auth] Utilisateur connecté détecté {userId: cmt3i6d290000qn8stnmxf460, role: admin, email: admin@nexaflow.com} @ webpack-internal:///(app-pages-browser)/./src/lib/procedures/client-auth.ts:15
[ 4172220ms] [LOG] [Auth] Utilisateur connecté détecté {userId: cmt3i6d290000qn8stnmxf460, role: admin, email: admin@nexaflow.com} @ webpack-internal:///(app-pages-browser)/./src/lib/procedures/client-auth.ts:15
[ 4172220ms] [LOG] [Auth] Utilisateur connecté détecté {userId: cmt3i6d290000qn8stnmxf460, role: admin, email: admin@nexaflow.com} @ webpack-internal:///(app-pages-browser)/./src/lib/procedures/client-auth.ts:15
[ 4202218ms] [LOG] [Auth] Utilisateur connecté détecté {userId: cmt3i6d290000qn8stnmxf460, role: admin, email: admin@nexaflow.com} @ webpack-internal:///(app-pages-browser)/./src/lib/procedures/client-auth.ts:15
[ 4202218ms] [LOG] [Auth] Utilisateur connecté détecté {userId: cmt3i6d290000qn8stnmxf460, role: admin, email: admin@nexaflow.com} @ webpack-internal:///(app-pages-browser)/./src/lib/procedures/client-auth.ts:15
[ 4232221ms] [LOG] [Auth] Utilisateur connecté détecté {userId: cmt3i6d290000qn8stnmxf460, role: admin, email: admin@nexaflow.com} @ webpack-internal:///(app-pages-browser)/./src/lib/procedures/client-auth.ts:15
[ 4232221ms] [LOG] [Auth] Utilisateur connecté détecté {userId: cmt3i6d290000qn8stnmxf460, role: admin, email: admin@nexaflow.com} @ webpack-internal:///(app-pages-browser)/./src/lib/procedures/client-auth.ts:15
[ 4262253ms] [LOG] [Auth] Utilisateur connecté détecté {userId: cmt3i6d290000qn8stnmxf460, role: admin, email: admin@nexaflow.com} @ webpack-internal:///(app-pages-browser)/./src/lib/procedures/client-auth.ts:15
[ 4262254ms] [LOG] [Auth] Utilisateur connecté détecté {userId: cmt3i6d290000qn8stnmxf460, role: admin, email: admin@nexaflow.com} @ webpack-internal:///(app-pages-browser)/./src/lib/procedures/client-auth.ts:15
[ 4292218ms] [LOG] [Auth] Utilisateur connecté détecté {userId: cmt3i6d290000qn8stnmxf460, role: admin, email: admin@nexaflow.com} @ webpack-internal:///(app-pages-browser)/./src/lib/procedures/client-auth.ts:15
[ 4292219ms] [LOG] [Auth] Utilisateur connecté détecté {userId: cmt3i6d290000qn8stnmxf460, role: admin, email: admin@nexaflow.com} @ webpack-internal:///(app-pages-browser)/./src/lib/procedures/client-auth.ts:15
[ 4322221ms] [LOG] [Auth] Utilisateur connecté détecté {userId: cmt3i6d290000qn8stnmxf460, role: admin, email: admin@nexaflow.com} @ webpack-internal:///(app-pages-browser)/./src/lib/procedures/client-auth.ts:15
[ 4322221ms] [LOG] [Auth] Utilisateur connecté détecté {userId: cmt3i6d290000qn8stnmxf460, role: admin, email: admin@nexaflow.com} @ webpack-internal:///(app-pages-browser)/./src/lib/procedures/client-auth.ts:15
[ 4352221ms] [LOG] [Auth] Utilisateur connecté détecté {userId: cmt3i6d290000qn8stnmxf460, role: admin, email: admin@nexaflow.com} @ webpack-internal:///(app-pages-browser)/./src/lib/procedures/client-auth.ts:15
[ 4352222ms] [LOG] [Auth] Utilisateur connecté détecté {userId: cmt3i6d290000qn8stnmxf460, role: admin, email: admin@nexaflow.com} @ webpack-internal:///(app-pages-browser)/./src/lib/procedures/client-auth.ts:15
[ 4382220ms] [LOG] [Auth] Utilisateur connecté détecté {userId: cmt3i6d290000qn8stnmxf460, role: admin, email: admin@nexaflow.com} @ webpack-internal:///(app-pages-browser)/./src/lib/procedures/client-auth.ts:15
[ 4382220ms] [LOG] [Auth] Utilisateur connecté détecté {userId: cmt3i6d290000qn8stnmxf460, role: admin, email: admin@nexaflow.com} @ webpack-internal:///(app-pages-browser)/./src/lib/procedures/client-auth.ts:15
[ 4412221ms] [LOG] [Auth] Utilisateur connecté détecté {userId: cmt3i6d290000qn8stnmxf460, role: admin, email: admin@nexaflow.com} @ webpack-internal:///(app-pages-browser)/./src/lib/procedures/client-auth.ts:15
[ 4412221ms] [LOG] [Auth] Utilisateur connecté détecté {userId: cmt3i6d290000qn8stnmxf460, role: admin, email: admin@nexaflow.com} @ webpack-internal:///(app-pages-browser)/./src/lib/procedures/client-auth.ts:15
[ 4442222ms] [LOG] [Auth] Utilisateur connecté détecté {userId: cmt3i6d290000qn8stnmxf460, role: admin, email: admin@nexaflow.com} @ webpack-internal:///(app-pages-browser)/./src/lib/procedures/client-auth.ts:15
[ 4442222ms] [LOG] [Auth] Utilisateur connecté détecté {userId: cmt3i6d290000qn8stnmxf460, role: admin, email: admin@nexaflow.com} @ webpack-internal:///(app-pages-browser)/./src/lib/procedures/client-auth.ts:15
[ 4472220ms] [LOG] [Auth] Utilisateur connecté détecté {userId: cmt3i6d290000qn8stnmxf460, role: admin, email: admin@nexaflow.com} @ webpack-internal:///(app-pages-browser)/./src/lib/procedures/client-auth.ts:15
[ 4472220ms] [LOG] [Auth] Utilisateur connecté détecté {userId: cmt3i6d290000qn8stnmxf460, role: admin, email: admin@nexaflow.com} @ webpack-internal:///(app-pages-browser)/./src/lib/procedures/client-auth.ts:15
[ 4502224ms] [LOG] [Auth] Utilisateur connecté détecté {userId: cmt3i6d290000qn8stnmxf460, role: admin, email: admin@nexaflow.com} @ webpack-internal:///(app-pages-browser)/./src/lib/procedures/client-auth.ts:15
[ 4502225ms] [LOG] [Auth] Utilisateur connecté détecté {userId: cmt3i6d290000qn8stnmxf460, role: admin, email: admin@nexaflow.com} @ webpack-internal:///(app-pages-browser)/./src/lib/procedures/client-auth.ts:15
[ 4532219ms] [LOG] [Auth] Utilisateur connecté détecté {userId: cmt3i6d290000qn8stnmxf460, role: admin, email: admin@nexaflow.com} @ webpack-internal:///(app-pages-browser)/./src/lib/procedures/client-auth.ts:15
[ 4532220ms] [LOG] [Auth] Utilisateur connecté détecté {userId: cmt3i6d290000qn8stnmxf460, role: admin, email: admin@nexaflow.com} @ webpack-internal:///(app-pages-browser)/./src/lib/procedures/client-auth.ts:15
[ 4562220ms] [LOG] [Auth] Utilisateur connecté détecté {userId: cmt3i6d290000qn8stnmxf460, role: admin, email: admin@nexaflow.com} @ webpack-internal:///(app-pages-browser)/./src/lib/procedures/client-auth.ts:15
[ 4562220ms] [LOG] [Auth] Utilisateur connecté détecté {userId: cmt3i6d290000qn8stnmxf460, role: admin, email: admin@nexaflow.com} @ webpack-internal:///(app-pages-browser)/./src/lib/procedures/client-auth.ts:15
[ 4592219ms] [LOG] [Auth] Utilisateur connecté détecté {userId: cmt3i6d290000qn8stnmxf460, role: admin, email: admin@nexaflow.com} @ webpack-internal:///(app-pages-browser)/./src/lib/procedures/client-auth.ts:15
[ 4592219ms] [LOG] [Auth] Utilisateur connecté détecté {userId: cmt3i6d290000qn8stnmxf460, role: admin, email: admin@nexaflow.com} @ webpack-internal:///(app-pages-browser)/./src/lib/procedures/client-auth.ts:15
[ 4622241ms] [LOG] [Auth] Utilisateur connecté détecté {userId: cmt3i6d290000qn8stnmxf460, role: admin, email: admin@nexaflow.com} @ webpack-internal:///(app-pages-browser)/./src/lib/procedures/client-auth.ts:15
[ 4622242ms] [LOG] [Auth] Utilisateur connecté détecté {userId: cmt3i6d290000qn8stnmxf460, role: admin, email: admin@nexaflow.com} @ webpack-internal:///(app-pages-browser)/./src/lib/procedures/client-auth.ts:15
[ 4652294ms] [LOG] [Auth] Utilisateur connecté détecté {userId: cmt3i6d290000qn8stnmxf460, role: admin, email: admin@nexaflow.com} @ webpack-internal:///(app-pages-browser)/./src/lib/procedures/client-auth.ts:15
[ 4652294ms] [LOG] [Auth] Utilisateur connecté détecté {userId: cmt3i6d290000qn8stnmxf460, role: admin, email: admin@nexaflow.com} @ webpack-internal:///(app-pages-browser)/./src/lib/procedures/client-auth.ts:15
[ 4682225ms] [LOG] [Auth] Utilisateur connecté détecté {userId: cmt3i6d290000qn8stnmxf460, role: admin, email: admin@nexaflow.com} @ webpack-internal:///(app-pages-browser)/./src/lib/procedures/client-auth.ts:15
[ 4682225ms] [LOG] [Auth] Utilisateur connecté détecté {userId: cmt3i6d290000qn8stnmxf460, role: admin, email: admin@nexaflow.com} @ webpack-internal:///(app-pages-browser)/./src/lib/procedures/client-auth.ts:15
[ 4712219ms] [LOG] [Auth] Utilisateur connecté détecté {userId: cmt3i6d290000qn8stnmxf460, role: admin, email: admin@nexaflow.com} @ webpack-internal:///(app-pages-browser)/./src/lib/procedures/client-auth.ts:15
[ 4712219ms] [LOG] [Auth] Utilisateur connecté détecté {userId: cmt3i6d290000qn8stnmxf460, role: admin, email: admin@nexaflow.com} @ webpack-internal:///(app-pages-browser)/./src/lib/procedures/client-auth.ts:15
[ 4742223ms] [LOG] [Auth] Utilisateur connecté détecté {userId: cmt3i6d290000qn8stnmxf460, role: admin, email: admin@nexaflow.com} @ webpack-internal:///(app-pages-browser)/./src/lib/procedures/client-auth.ts:15
[ 4742223ms] [LOG] [Auth] Utilisateur connecté détecté {userId: cmt3i6d290000qn8stnmxf460, role: admin, email: admin@nexaflow.com} @ webpack-internal:///(app-pages-browser)/./src/lib/procedures/client-auth.ts:15
[ 4772224ms] [LOG] [Auth] Utilisateur connecté détecté {userId: cmt3i6d290000qn8stnmxf460, role: admin, email: admin@nexaflow.com} @ webpack-internal:///(app-pages-browser)/./src/lib/procedures/client-auth.ts:15
[ 4772225ms] [LOG] [Auth] Utilisateur connecté détecté {userId: cmt3i6d290000qn8stnmxf460, role: admin, email: admin@nexaflow.com} @ webpack-internal:///(app-pages-browser)/./src/lib/procedures/client-auth.ts:15
[ 4802281ms] [LOG] [Auth] Utilisateur connecté détecté {userId: cmt3i6d290000qn8stnmxf460, role: admin, email: admin@nexaflow.com} @ webpack-internal:///(app-pages-browser)/./src/lib/procedures/client-auth.ts:15
[ 4802281ms] [LOG] [Auth] Utilisateur connecté détecté {userId: cmt3i6d290000qn8stnmxf460, role: admin, email: admin@nexaflow.com} @ webpack-internal:///(app-pages-browser)/./src/lib/procedures/client-auth.ts:15
[ 4832262ms] [LOG] [Auth] Utilisateur connecté détecté {userId: cmt3i6d290000qn8stnmxf460, role: admin, email: admin@nexaflow.com} @ webpack-internal:///(app-pages-browser)/./src/lib/procedures/client-auth.ts:15
[ 4832262ms] [LOG] [Auth] Utilisateur connecté détecté {userId: cmt3i6d290000qn8stnmxf460, role: admin, email: admin@nexaflow.com} @ webpack-internal:///(app-pages-browser)/./src/lib/procedures/client-auth.ts:15
[ 4862269ms] [LOG] [Auth] Utilisateur connecté détecté {userId: cmt3i6d290000qn8stnmxf460, role: admin, email: admin@nexaflow.com} @ webpack-internal:///(app-pages-browser)/./src/lib/procedures/client-auth.ts:15
[ 4862269ms] [LOG] [Auth] Utilisateur connecté détecté {userId: cmt3i6d290000qn8stnmxf460, role: admin, email: admin@nexaflow.com} @ webpack-internal:///(app-pages-browser)/./src/lib/procedures/client-auth.ts:15
[ 4892245ms] [LOG] [Auth] Utilisateur connecté détecté {userId: cmt3i6d290000qn8stnmxf460, role: admin, email: admin@nexaflow.com} @ webpack-internal:///(app-pages-browser)/./src/lib/procedures/client-auth.ts:15
[ 4892245ms] [LOG] [Auth] Utilisateur connecté détecté {userId: cmt3i6d290000qn8stnmxf460, role: admin, email: admin@nexaflow.com} @ webpack-internal:///(app-pages-browser)/./src/lib/procedures/client-auth.ts:15
[ 4922247ms] [LOG] [Auth] Utilisateur connecté détecté {userId: cmt3i6d290000qn8stnmxf460, role: admin, email: admin@nexaflow.com} @ webpack-internal:///(app-pages-browser)/./src/lib/procedures/client-auth.ts:15
[ 4922248ms] [LOG] [Auth] Utilisateur connecté détecté {userId: cmt3i6d290000qn8stnmxf460, role: admin, email: admin@nexaflow.com} @ webpack-internal:///(app-pages-browser)/./src/lib/procedures/client-auth.ts:15
[ 4952270ms] [LOG] [Auth] Utilisateur connecté détecté {userId: cmt3i6d290000qn8stnmxf460, role: admin, email: admin@nexaflow.com} @ webpack-internal:///(app-pages-browser)/./src/lib/procedures/client-auth.ts:15
[ 4952270ms] [LOG] [Auth] Utilisateur connecté détecté {userId: cmt3i6d290000qn8stnmxf460, role: admin, email: admin@nexaflow.com} @ webpack-internal:///(app-pages-browser)/./src/lib/procedures/client-auth.ts:15
[ 4982346ms] [LOG] [Auth] Utilisateur connecté détecté {userId: cmt3i6d290000qn8stnmxf460, role: admin, email: admin@nexaflow.com} @ webpack-internal:///(app-pages-browser)/./src/lib/procedures/client-auth.ts:15
[ 4982346ms] [LOG] [Auth] Utilisateur connecté détecté {userId: cmt3i6d290000qn8stnmxf460, role: admin, email: admin@nexaflow.com} @ webpack-internal:///(app-pages-browser)/./src/lib/procedures/client-auth.ts:15
[ 5012262ms] [LOG] [Auth] Utilisateur connecté détecté {userId: cmt3i6d290000qn8stnmxf460, role: admin, email: admin@nexaflow.com} @ webpack-internal:///(app-pages-browser)/./src/lib/procedures/client-auth.ts:15
[ 5012262ms] [LOG] [Auth] Utilisateur connecté détecté {userId: cmt3i6d290000qn8stnmxf460, role: admin, email: admin@nexaflow.com} @ webpack-internal:///(app-pages-browser)/./src/lib/procedures/client-auth.ts:15
[ 5042270ms] [LOG] [Auth] Utilisateur connecté détecté {userId: cmt3i6d290000qn8stnmxf460, role: admin, email: admin@nexaflow.com} @ webpack-internal:///(app-pages-browser)/./src/lib/procedures/client-auth.ts:15
[ 5042270ms] [LOG] [Auth] Utilisateur connecté détecté {userId: cmt3i6d290000qn8stnmxf460, role: admin, email: admin@nexaflow.com} @ webpack-internal:///(app-pages-browser)/./src/lib/procedures/client-auth.ts:15
[ 5072245ms] [LOG] [Auth] Utilisateur connecté détecté {userId: cmt3i6d290000qn8stnmxf460, role: admin, email: admin@nexaflow.com} @ webpack-internal:///(app-pages-browser)/./src/lib/procedures/client-auth.ts:15
[ 5072245ms] [LOG] [Auth] Utilisateur connecté détecté {userId: cmt3i6d290000qn8stnmxf460, role: admin, email: admin@nexaflow.com} @ webpack-internal:///(app-pages-browser)/./src/lib/procedures/client-auth.ts:15
[ 5102257ms] [LOG] [Auth] Utilisateur connecté détecté {userId: cmt3i6d290000qn8stnmxf460, role: admin, email: admin@nexaflow.com} @ webpack-internal:///(app-pages-browser)/./src/lib/procedures/client-auth.ts:15
[ 5102258ms] [LOG] [Auth] Utilisateur connecté détecté {userId: cmt3i6d290000qn8stnmxf460, role: admin, email: admin@nexaflow.com} @ webpack-internal:///(app-pages-browser)/./src/lib/procedures/client-auth.ts:15
[ 5132247ms] [LOG] [Auth] Utilisateur connecté détecté {userId: cmt3i6d290000qn8stnmxf460, role: admin, email: admin@nexaflow.com} @ webpack-internal:///(app-pages-browser)/./src/lib/procedures/client-auth.ts:15
[ 5132247ms] [LOG] [Auth] Utilisateur connecté détecté {userId: cmt3i6d290000qn8stnmxf460, role: admin, email: admin@nexaflow.com} @ webpack-internal:///(app-pages-browser)/./src/lib/procedures/client-auth.ts:15
[ 5162264ms] [LOG] [Auth] Utilisateur connecté détecté {userId: cmt3i6d290000qn8stnmxf460, role: admin, email: admin@nexaflow.com} @ webpack-internal:///(app-pages-browser)/./src/lib/procedures/client-auth.ts:15
[ 5162265ms] [LOG] [Auth] Utilisateur connecté détecté {userId: cmt3i6d290000qn8stnmxf460, role: admin, email: admin@nexaflow.com} @ webpack-internal:///(app-pages-browser)/./src/lib/procedures/client-auth.ts:15
[ 5192254ms] [LOG] [Auth] Utilisateur connecté détecté {userId: cmt3i6d290000qn8stnmxf460, role: admin, email: admin@nexaflow.com} @ webpack-internal:///(app-pages-browser)/./src/lib/procedures/client-auth.ts:15
[ 5192256ms] [LOG] [Auth] Utilisateur connecté détecté {userId: cmt3i6d290000qn8stnmxf460, role: admin, email: admin@nexaflow.com} @ webpack-internal:///(app-pages-browser)/./src/lib/procedures/client-auth.ts:15
[ 5222247ms] [LOG] [Auth] Utilisateur connecté détecté {userId: cmt3i6d290000qn8stnmxf460, role: admin, email: admin@nexaflow.com} @ webpack-internal:///(app-pages-browser)/./src/lib/procedures/client-auth.ts:15
[ 5222247ms] [LOG] [Auth] Utilisateur connecté détecté {userId: cmt3i6d290000qn8stnmxf460, role: admin, email: admin@nexaflow.com} @ webpack-internal:///(app-pages-browser)/./src/lib/procedures/client-auth.ts:15
[ 5252244ms] [LOG] [Auth] Utilisateur connecté détecté {userId: cmt3i6d290000qn8stnmxf460, role: admin, email: admin@nexaflow.com} @ webpack-internal:///(app-pages-browser)/./src/lib/procedures/client-auth.ts:15
[ 5252245ms] [LOG] [Auth] Utilisateur connecté détecté {userId: cmt3i6d290000qn8stnmxf460, role: admin, email: admin@nexaflow.com} @ webpack-internal:///(app-pages-browser)/./src/lib/procedures/client-auth.ts:15
[ 5282277ms] [LOG] [Auth] Utilisateur connecté détecté {userId: cmt3i6d290000qn8stnmxf460, role: admin, email: admin@nexaflow.com} @ webpack-internal:///(app-pages-browser)/./src/lib/procedures/client-auth.ts:15
[ 5282278ms] [LOG] [Auth] Utilisateur connecté détecté {userId: cmt3i6d290000qn8stnmxf460, role: admin, email: admin@nexaflow.com} @ webpack-internal:///(app-pages-browser)/./src/lib/procedures/client-auth.ts:15
[ 5312266ms] [LOG] [Auth] Utilisateur connecté détecté {userId: cmt3i6d290000qn8stnmxf460, role: admin, email: admin@nexaflow.com} @ webpack-internal:///(app-pages-browser)/./src/lib/procedures/client-auth.ts:15
[ 5312266ms] [LOG] [Auth] Utilisateur connecté détecté {userId: cmt3i6d290000qn8stnmxf460, role: admin, email: admin@nexaflow.com} @ webpack-internal:///(app-pages-browser)/./src/lib/procedures/client-auth.ts:15
[ 5342247ms] [LOG] [Auth] Utilisateur connecté détecté {userId: cmt3i6d290000qn8stnmxf460, role: admin, email: admin@nexaflow.com} @ webpack-internal:///(app-pages-browser)/./src/lib/procedures/client-auth.ts:15
[ 5342247ms] [LOG] [Auth] Utilisateur connecté détecté {userId: cmt3i6d290000qn8stnmxf460, role: admin, email: admin@nexaflow.com} @ webpack-internal:///(app-pages-browser)/./src/lib/procedures/client-auth.ts:15
[ 5372246ms] [LOG] [Auth] Utilisateur connecté détecté {userId: cmt3i6d290000qn8stnmxf460, role: admin, email: admin@nexaflow.com} @ webpack-internal:///(app-pages-browser)/./src/lib/procedures/client-auth.ts:15
[ 5372248ms] [LOG] [Auth] Utilisateur connecté détecté {userId: cmt3i6d290000qn8stnmxf460, role: admin, email: admin@nexaflow.com} @ webpack-internal:///(app-pages-browser)/./src/lib/procedures/client-auth.ts:15
[ 5402258ms] [LOG] [Auth] Utilisateur connecté détecté {userId: cmt3i6d290000qn8stnmxf460, role: admin, email: admin@nexaflow.com} @ webpack-internal:///(app-pages-browser)/./src/lib/procedures/client-auth.ts:15
[ 5402259ms] [LOG] [Auth] Utilisateur connecté détecté {userId: cmt3i6d290000qn8stnmxf460, role: admin, email: admin@nexaflow.com} @ webpack-internal:///(app-pages-browser)/./src/lib/procedures/client-auth.ts:15
[ 5432245ms] [LOG] [Auth] Utilisateur connecté détecté {userId: cmt3i6d290000qn8stnmxf460, role: admin, email: admin@nexaflow.com} @ webpack-internal:///(app-pages-browser)/./src/lib/procedures/client-auth.ts:15
[ 5432246ms] [LOG] [Auth] Utilisateur connecté détecté {userId: cmt3i6d290000qn8stnmxf460, role: admin, email: admin@nexaflow.com} @ webpack-internal:///(app-pages-browser)/./src/lib/procedures/client-auth.ts:15
[ 5462263ms] [LOG] [Auth] Utilisateur connecté détecté {userId: cmt3i6d290000qn8stnmxf460, role: admin, email: admin@nexaflow.com} @ webpack-internal:///(app-pages-browser)/./src/lib/procedures/client-auth.ts:15
[ 5462263ms] [LOG] [Auth] Utilisateur connecté détecté {userId: cmt3i6d290000qn8stnmxf460, role: admin, email: admin@nexaflow.com} @ webpack-internal:///(app-pages-browser)/./src/lib/procedures/client-auth.ts:15
[ 5492264ms] [LOG] [Auth] Utilisateur connecté détecté {userId: cmt3i6d290000qn8stnmxf460, role: admin, email: admin@nexaflow.com} @ webpack-internal:///(app-pages-browser)/./src/lib/procedures/client-auth.ts:15
[ 5492265ms] [LOG] [Auth] Utilisateur connecté détecté {userId: cmt3i6d290000qn8stnmxf460, role: admin, email: admin@nexaflow.com} @ webpack-internal:///(app-pages-browser)/./src/lib/procedures/client-auth.ts:15
[ 5522260ms] [LOG] [Auth] Utilisateur connecté détecté {userId: cmt3i6d290000qn8stnmxf460, role: admin, email: admin@nexaflow.com} @ webpack-internal:///(app-pages-browser)/./src/lib/procedures/client-auth.ts:15
[ 5522261ms] [LOG] [Auth] Utilisateur connecté détecté {userId: cmt3i6d290000qn8stnmxf460, role: admin, email: admin@nexaflow.com} @ webpack-internal:///(app-pages-browser)/./src/lib/procedures/client-auth.ts:15
[ 5552291ms] [LOG] [Auth] Utilisateur connecté détecté {userId: cmt3i6d290000qn8stnmxf460, role: admin, email: admin@nexaflow.com} @ webpack-internal:///(app-pages-browser)/./src/lib/procedures/client-auth.ts:15
[ 5552292ms] [LOG] [Auth] Utilisateur connecté détecté {userId: cmt3i6d290000qn8stnmxf460, role: admin, email: admin@nexaflow.com} @ webpack-internal:///(app-pages-browser)/./src/lib/procedures/client-auth.ts:15
[ 5582252ms] [LOG] [Auth] Utilisateur connecté détecté {userId: cmt3i6d290000qn8stnmxf460, role: admin, email: admin@nexaflow.com} @ webpack-internal:///(app-pages-browser)/./src/lib/procedures/client-auth.ts:15
[ 5582253ms] [LOG] [Auth] Utilisateur connecté détecté {userId: cmt3i6d290000qn8stnmxf460, role: admin, email: admin@nexaflow.com} @ webpack-internal:///(app-pages-browser)/./src/lib/procedures/client-auth.ts:15
[ 5612330ms] [LOG] [Auth] Utilisateur connecté détecté {userId: cmt3i6d290000qn8stnmxf460, role: admin, email: admin@nexaflow.com} @ webpack-internal:///(app-pages-browser)/./src/lib/procedures/client-auth.ts:15
[ 5612330ms] [LOG] [Auth] Utilisateur connecté détecté {userId: cmt3i6d290000qn8stnmxf460, role: admin, email: admin@nexaflow.com} @ webpack-internal:///(app-pages-browser)/./src/lib/procedures/client-auth.ts:15
[ 5642265ms] [LOG] [Auth] Utilisateur connecté détecté {userId: cmt3i6d290000qn8stnmxf460, role: admin, email: admin@nexaflow.com} @ webpack-internal:///(app-pages-browser)/./src/lib/procedures/client-auth.ts:15
[ 5642266ms] [LOG] [Auth] Utilisateur connecté détecté {userId: cmt3i6d290000qn8stnmxf460, role: admin, email: admin@nexaflow.com} @ webpack-internal:///(app-pages-browser)/./src/lib/procedures/client-auth.ts:15
[ 5672261ms] [LOG] [Auth] Utilisateur connecté détecté {userId: cmt3i6d290000qn8stnmxf460, role: admin, email: admin@nexaflow.com} @ webpack-internal:///(app-pages-browser)/./src/lib/procedures/client-auth.ts:15
[ 5672261ms] [LOG] [Auth] Utilisateur connecté détecté {userId: cmt3i6d290000qn8stnmxf460, role: admin, email: admin@nexaflow.com} @ webpack-internal:///(app-pages-browser)/./src/lib/procedures/client-auth.ts:15
[ 5702257ms] [LOG] [Auth] Utilisateur connecté détecté {userId: cmt3i6d290000qn8stnmxf460, role: admin, email: admin@nexaflow.com} @ webpack-internal:///(app-pages-browser)/./src/lib/procedures/client-auth.ts:15
[ 5702258ms] [LOG] [Auth] Utilisateur connecté détecté {userId: cmt3i6d290000qn8stnmxf460, role: admin, email: admin@nexaflow.com} @ webpack-internal:///(app-pages-browser)/./src/lib/procedures/client-auth.ts:15
[ 5732258ms] [LOG] [Auth] Utilisateur connecté détecté {userId: cmt3i6d290000qn8stnmxf460, role: admin, email: admin@nexaflow.com} @ webpack-internal:///(app-pages-browser)/./src/lib/procedures/client-auth.ts:15
[ 5732259ms] [LOG] [Auth] Utilisateur connecté détecté {userId: cmt3i6d290000qn8stnmxf460, role: admin, email: admin@nexaflow.com} @ webpack-internal:///(app-pages-browser)/./src/lib/procedures/client-auth.ts:15
[ 5762241ms] [LOG] [Auth] Utilisateur connecté détecté {userId: cmt3i6d290000qn8stnmxf460, role: admin, email: admin@nexaflow.com} @ webpack-internal:///(app-pages-browser)/./src/lib/procedures/client-auth.ts:15
[ 5762241ms] [LOG] [Auth] Utilisateur connecté détecté {userId: cmt3i6d290000qn8stnmxf460, role: admin, email: admin@nexaflow.com} @ webpack-internal:///(app-pages-browser)/./src/lib/procedures/client-auth.ts:15
[ 5792254ms] [LOG] [Auth] Utilisateur connecté détecté {userId: cmt3i6d290000qn8stnmxf460, role: admin, email: admin@nexaflow.com} @ webpack-internal:///(app-pages-browser)/./src/lib/procedures/client-auth.ts:15
[ 5792255ms] [LOG] [Auth] Utilisateur connecté détecté {userId: cmt3i6d290000qn8stnmxf460, role: admin, email: admin@nexaflow.com} @ webpack-internal:///(app-pages-browser)/./src/lib/procedures/client-auth.ts:15
[ 5822259ms] [LOG] [Auth] Utilisateur connecté détecté {userId: cmt3i6d290000qn8stnmxf460, role: admin, email: admin@nexaflow.com} @ webpack-internal:///(app-pages-browser)/./src/lib/procedures/client-auth.ts:15
[ 5822260ms] [LOG] [Auth] Utilisateur connecté détecté {userId: cmt3i6d290000qn8stnmxf460, role: admin, email: admin@nexaflow.com} @ webpack-internal:///(app-pages-browser)/./src/lib/procedures/client-auth.ts:15
[ 5852243ms] [LOG] [Auth] Utilisateur connecté détecté {userId: cmt3i6d290000qn8stnmxf460, role: admin, email: admin@nexaflow.com} @ webpack-internal:///(app-pages-browser)/./src/lib/procedures/client-auth.ts:15
[ 5852243ms] [LOG] [Auth] Utilisateur connecté détecté {userId: cmt3i6d290000qn8stnmxf460, role: admin, email: admin@nexaflow.com} @ webpack-internal:///(app-pages-browser)/./src/lib/procedures/client-auth.ts:15
[ 5882242ms] [LOG] [Auth] Utilisateur connecté détecté {userId: cmt3i6d290000qn8stnmxf460, role: admin, email: admin@nexaflow.com} @ webpack-internal:///(app-pages-browser)/./src/lib/procedures/client-auth.ts:15
[ 5882242ms] [LOG] [Auth] Utilisateur connecté détecté {userId: cmt3i6d290000qn8stnmxf460, role: admin, email: admin@nexaflow.com} @ webpack-internal:///(app-pages-browser)/./src/lib/procedures/client-auth.ts:15
[ 5912222ms] [LOG] [Auth] Utilisateur connecté détecté {userId: cmt3i6d290000qn8stnmxf460, role: admin, email: admin@nexaflow.com} @ webpack-internal:///(app-pages-browser)/./src/lib/procedures/client-auth.ts:15
[ 5912223ms] [LOG] [Auth] Utilisateur connecté détecté {userId: cmt3i6d290000qn8stnmxf460, role: admin, email: admin@nexaflow.com} @ webpack-internal:///(app-pages-browser)/./src/lib/procedures/client-auth.ts:15
[ 5942339ms] [LOG] [Auth] Utilisateur connecté détecté {userId: cmt3i6d290000qn8stnmxf460, role: admin, email: admin@nexaflow.com} @ webpack-internal:///(app-pages-browser)/./src/lib/procedures/client-auth.ts:15
[ 5942340ms] [LOG] [Auth] Utilisateur connecté détecté {userId: cmt3i6d290000qn8stnmxf460, role: admin, email: admin@nexaflow.com} @ webpack-internal:///(app-pages-browser)/./src/lib/procedures/client-auth.ts:15
[ 5972239ms] [LOG] [Auth] Utilisateur connecté détecté {userId: cmt3i6d290000qn8stnmxf460, role: admin, email: admin@nexaflow.com} @ webpack-internal:///(app-pages-browser)/./src/lib/procedures/client-auth.ts:15
[ 5972239ms] [LOG] [Auth] Utilisateur connecté détecté {userId: cmt3i6d290000qn8stnmxf460, role: admin, email: admin@nexaflow.com} @ webpack-internal:///(app-pages-browser)/./src/lib/procedures/client-auth.ts:15
[ 6002253ms] [LOG] [Auth] Utilisateur connecté détecté {userId: cmt3i6d290000qn8stnmxf460, role: admin, email: admin@nexaflow.com} @ webpack-internal:///(app-pages-browser)/./src/lib/procedures/client-auth.ts:15
[ 6002254ms] [LOG] [Auth] Utilisateur connecté détecté {userId: cmt3i6d290000qn8stnmxf460, role: admin, email: admin@nexaflow.com} @ webpack-internal:///(app-pages-browser)/./src/lib/procedures/client-auth.ts:15
[ 6032235ms] [LOG] [Auth] Utilisateur connecté détecté {userId: cmt3i6d290000qn8stnmxf460, role: admin, email: admin@nexaflow.com} @ webpack-internal:///(app-pages-browser)/./src/lib/procedures/client-auth.ts:15
[ 6032236ms] [LOG] [Auth] Utilisateur connecté détecté {userId: cmt3i6d290000qn8stnmxf460, role: admin, email: admin@nexaflow.com} @ webpack-internal:///(app-pages-browser)/./src/lib/procedures/client-auth.ts:15
[ 6062230ms] [LOG] [Auth] Utilisateur connecté détecté {userId: cmt3i6d290000qn8stnmxf460, role: admin, email: admin@nexaflow.com} @ webpack-internal:///(app-pages-browser)/./src/lib/procedures/client-auth.ts:15
[ 6062230ms] [LOG] [Auth] Utilisateur connecté détecté {userId: cmt3i6d290000qn8stnmxf460, role: admin, email: admin@nexaflow.com} @ webpack-internal:///(app-pages-browser)/./src/lib/procedures/client-auth.ts:15
[ 6092234ms] [LOG] [Auth] Utilisateur connecté détecté {userId: cmt3i6d290000qn8stnmxf460, role: admin, email: admin@nexaflow.com} @ webpack-internal:///(app-pages-browser)/./src/lib/procedures/client-auth.ts:15
[ 6092234ms] [LOG] [Auth] Utilisateur connecté détecté {userId: cmt3i6d290000qn8stnmxf460, role: admin, email: admin@nexaflow.com} @ webpack-internal:///(app-pages-browser)/./src/lib/procedures/client-auth.ts:15
[ 6122234ms] [LOG] [Auth] Utilisateur connecté détecté {userId: cmt3i6d290000qn8stnmxf460, role: admin, email: admin@nexaflow.com} @ webpack-internal:///(app-pages-browser)/./src/lib/procedures/client-auth.ts:15
[ 6122234ms] [LOG] [Auth] Utilisateur connecté détecté {userId: cmt3i6d290000qn8stnmxf460, role: admin, email: admin@nexaflow.com} @ webpack-internal:///(app-pages-browser)/./src/lib/procedures/client-auth.ts:15
[ 6152238ms] [LOG] [Auth] Utilisateur connecté détecté {userId: cmt3i6d290000qn8stnmxf460, role: admin, email: admin@nexaflow.com} @ webpack-internal:///(app-pages-browser)/./src/lib/procedures/client-auth.ts:15
[ 6152239ms] [LOG] [Auth] Utilisateur connecté détecté {userId: cmt3i6d290000qn8stnmxf460, role: admin, email: admin@nexaflow.com} @ webpack-internal:///(app-pages-browser)/./src/lib/procedures/client-auth.ts:15
[ 6182235ms] [LOG] [Auth] Utilisateur connecté détecté {userId: cmt3i6d290000qn8stnmxf460, role: admin, email: admin@nexaflow.com} @ webpack-internal:///(app-pages-browser)/./src/lib/procedures/client-auth.ts:15
[ 6182235ms] [LOG] [Auth] Utilisateur connecté détecté {userId: cmt3i6d290000qn8stnmxf460, role: admin, email: admin@nexaflow.com} @ webpack-internal:///(app-pages-browser)/./src/lib/procedures/client-auth.ts:15
[ 6212235ms] [LOG] [Auth] Utilisateur connecté détecté {userId: cmt3i6d290000qn8stnmxf460, role: admin, email: admin@nexaflow.com} @ webpack-internal:///(app-pages-browser)/./src/lib/procedures/client-auth.ts:15
[ 6212235ms] [LOG] [Auth] Utilisateur connecté détecté {userId: cmt3i6d290000qn8stnmxf460, role: admin, email: admin@nexaflow.com} @ webpack-internal:///(app-pages-browser)/./src/lib/procedures/client-auth.ts:15
[ 6242229ms] [LOG] [Auth] Utilisateur connecté détecté {userId: cmt3i6d290000qn8stnmxf460, role: admin, email: admin@nexaflow.com} @ webpack-internal:///(app-pages-browser)/./src/lib/procedures/client-auth.ts:15
[ 6242230ms] [LOG] [Auth] Utilisateur connecté détecté {userId: cmt3i6d290000qn8stnmxf460, role: admin, email: admin@nexaflow.com} @ webpack-internal:///(app-pages-browser)/./src/lib/procedures/client-auth.ts:15
[ 6272233ms] [LOG] [Auth] Utilisateur connecté détecté {userId: cmt3i6d290000qn8stnmxf460, role: admin, email: admin@nexaflow.com} @ webpack-internal:///(app-pages-browser)/./src/lib/procedures/client-auth.ts:15
[ 6272233ms] [LOG] [Auth] Utilisateur connecté détecté {userId: cmt3i6d290000qn8stnmxf460, role: admin, email: admin@nexaflow.com} @ webpack-internal:///(app-pages-browser)/./src/lib/procedures/client-auth.ts:15
[ 6302260ms] [LOG] [Auth] Utilisateur connecté détecté {userId: cmt3i6d290000qn8stnmxf460, role: admin, email: admin@nexaflow.com} @ webpack-internal:///(app-pages-browser)/./src/lib/procedures/client-auth.ts:15
[ 6302261ms] [LOG] [Auth] Utilisateur connecté détecté {userId: cmt3i6d290000qn8stnmxf460, role: admin, email: admin@nexaflow.com} @ webpack-internal:///(app-pages-browser)/./src/lib/procedures/client-auth.ts:15
[ 6332233ms] [LOG] [Auth] Utilisateur connecté détecté {userId: cmt3i6d290000qn8stnmxf460, role: admin, email: admin@nexaflow.com} @ webpack-internal:///(app-pages-browser)/./src/lib/procedures/client-auth.ts:15
[ 6332234ms] [LOG] [Auth] Utilisateur connecté détecté {userId: cmt3i6d290000qn8stnmxf460, role: admin, email: admin@nexaflow.com} @ webpack-internal:///(app-pages-browser)/./src/lib/procedures/client-auth.ts:15
[ 6362234ms] [LOG] [Auth] Utilisateur connecté détecté {userId: cmt3i6d290000qn8stnmxf460, role: admin, email: admin@nexaflow.com} @ webpack-internal:///(app-pages-browser)/./src/lib/procedures/client-auth.ts:15
[ 6362234ms] [LOG] [Auth] Utilisateur connecté détecté {userId: cmt3i6d290000qn8stnmxf460, role: admin, email: admin@nexaflow.com} @ webpack-internal:///(app-pages-browser)/./src/lib/procedures/client-auth.ts:15
[ 6392228ms] [LOG] [Auth] Utilisateur connecté détecté {userId: cmt3i6d290000qn8stnmxf460, role: admin, email: admin@nexaflow.com} @ webpack-internal:///(app-pages-browser)/./src/lib/procedures/client-auth.ts:15
[ 6392228ms] [LOG] [Auth] Utilisateur connecté détecté {userId: cmt3i6d290000qn8stnmxf460, role: admin, email: admin@nexaflow.com} @ webpack-internal:///(app-pages-browser)/./src/lib/procedures/client-auth.ts:15
[ 6422232ms] [LOG] [Auth] Utilisateur connecté détecté {userId: cmt3i6d290000qn8stnmxf460, role: admin, email: admin@nexaflow.com} @ webpack-internal:///(app-pages-browser)/./src/lib/procedures/client-auth.ts:15
[ 6422232ms] [LOG] [Auth] Utilisateur connecté détecté {userId: cmt3i6d290000qn8stnmxf460, role: admin, email: admin@nexaflow.com} @ webpack-internal:///(app-pages-browser)/./src/lib/procedures/client-auth.ts:15
[ 6452230ms] [LOG] [Auth] Utilisateur connecté détecté {userId: cmt3i6d290000qn8stnmxf460, role: admin, email: admin@nexaflow.com} @ webpack-internal:///(app-pages-browser)/./src/lib/procedures/client-auth.ts:15
[ 6452231ms] [LOG] [Auth] Utilisateur connecté détecté {userId: cmt3i6d290000qn8stnmxf460, role: admin, email: admin@nexaflow.com} @ webpack-internal:///(app-pages-browser)/./src/lib/procedures/client-auth.ts:15
[ 6482235ms] [LOG] [Auth] Utilisateur connecté détecté {userId: cmt3i6d290000qn8stnmxf460, role: admin, email: admin@nexaflow.com} @ webpack-internal:///(app-pages-browser)/./src/lib/procedures/client-auth.ts:15
[ 6482236ms] [LOG] [Auth] Utilisateur connecté détecté {userId: cmt3i6d290000qn8stnmxf460, role: admin, email: admin@nexaflow.com} @ webpack-internal:///(app-pages-browser)/./src/lib/procedures/client-auth.ts:15
[ 6512230ms] [LOG] [Auth] Utilisateur connecté détecté {userId: cmt3i6d290000qn8stnmxf460, role: admin, email: admin@nexaflow.com} @ webpack-internal:///(app-pages-browser)/./src/lib/procedures/client-auth.ts:15
[ 6512231ms] [LOG] [Auth] Utilisateur connecté détecté {userId: cmt3i6d290000qn8stnmxf460, role: admin, email: admin@nexaflow.com} @ webpack-internal:///(app-pages-browser)/./src/lib/procedures/client-auth.ts:15
[ 6542236ms] [LOG] [Auth] Utilisateur connecté détecté {userId: cmt3i6d290000qn8stnmxf460, role: admin, email: admin@nexaflow.com} @ webpack-internal:///(app-pages-browser)/./src/lib/procedures/client-auth.ts:15
[ 6542236ms] [LOG] [Auth] Utilisateur connecté détecté {userId: cmt3i6d290000qn8stnmxf460, role: admin, email: admin@nexaflow.com} @ webpack-internal:///(app-pages-browser)/./src/lib/procedures/client-auth.ts:15
[ 6572294ms] [LOG] [Auth] Utilisateur connecté détecté {userId: cmt3i6d290000qn8stnmxf460, role: admin, email: admin@nexaflow.com} @ webpack-internal:///(app-pages-browser)/./src/lib/procedures/client-auth.ts:15
[ 6572294ms] [LOG] [Auth] Utilisateur connecté détecté {userId: cmt3i6d290000qn8stnmxf460, role: admin, email: admin@nexaflow.com} @ webpack-internal:///(app-pages-browser)/./src/lib/procedures/client-auth.ts:15
[ 6602238ms] [LOG] [Auth] Utilisateur connecté détecté {userId: cmt3i6d290000qn8stnmxf460, role: admin, email: admin@nexaflow.com} @ webpack-internal:///(app-pages-browser)/./src/lib/procedures/client-auth.ts:15
[ 6602239ms] [LOG] [Auth] Utilisateur connecté détecté {userId: cmt3i6d290000qn8stnmxf460, role: admin, email: admin@nexaflow.com} @ webpack-internal:///(app-pages-browser)/./src/lib/procedures/client-auth.ts:15
[ 6632234ms] [LOG] [Auth] Utilisateur connecté détecté {userId: cmt3i6d290000qn8stnmxf460, role: admin, email: admin@nexaflow.com} @ webpack-internal:///(app-pages-browser)/./src/lib/procedures/client-auth.ts:15
[ 6632235ms] [LOG] [Auth] Utilisateur connecté détecté {userId: cmt3i6d290000qn8stnmxf460, role: admin, email: admin@nexaflow.com} @ webpack-internal:///(app-pages-browser)/./src/lib/procedures/client-auth.ts:15
[ 6662471ms] [LOG] [Auth] Utilisateur connecté détecté {userId: cmt3i6d290000qn8stnmxf460, role: admin, email: admin@nexaflow.com} @ webpack-internal:///(app-pages-browser)/./src/lib/procedures/client-auth.ts:15
[ 6662471ms] [LOG] [Auth] Utilisateur connecté détecté {userId: cmt3i6d290000qn8stnmxf460, role: admin, email: admin@nexaflow.com} @ webpack-internal:///(app-pages-browser)/./src/lib/procedures/client-auth.ts:15
[ 6692230ms] [LOG] [Auth] Utilisateur connecté détecté {userId: cmt3i6d290000qn8stnmxf460, role: admin, email: admin@nexaflow.com} @ webpack-internal:///(app-pages-browser)/./src/lib/procedures/client-auth.ts:15
[ 6692230ms] [LOG] [Auth] Utilisateur connecté détecté {userId: cmt3i6d290000qn8stnmxf460, role: admin, email: admin@nexaflow.com} @ webpack-internal:///(app-pages-browser)/./src/lib/procedures/client-auth.ts:15
[ 6722234ms] [LOG] [Auth] Utilisateur connecté détecté {userId: cmt3i6d290000qn8stnmxf460, role: admin, email: admin@nexaflow.com} @ webpack-internal:///(app-pages-browser)/./src/lib/procedures/client-auth.ts:15
[ 6722234ms] [LOG] [Auth] Utilisateur connecté détecté {userId: cmt3i6d290000qn8stnmxf460, role: admin, email: admin@nexaflow.com} @ webpack-internal:///(app-pages-browser)/./src/lib/procedures/client-auth.ts:15
[ 6752232ms] [LOG] [Auth] Utilisateur connecté détecté {userId: cmt3i6d290000qn8stnmxf460, role: admin, email: admin@nexaflow.com} @ webpack-internal:///(app-pages-browser)/./src/lib/procedures/client-auth.ts:15
[ 6752232ms] [LOG] [Auth] Utilisateur connecté détecté {userId: cmt3i6d290000qn8stnmxf460, role: admin, email: admin@nexaflow.com} @ webpack-internal:///(app-pages-browser)/./src/lib/procedures/client-auth.ts:15
[ 6782233ms] [LOG] [Auth] Utilisateur connecté détecté {userId: cmt3i6d290000qn8stnmxf460, role: admin, email: admin@nexaflow.com} @ webpack-internal:///(app-pages-browser)/./src/lib/procedures/client-auth.ts:15
[ 6782234ms] [LOG] [Auth] Utilisateur connecté détecté {userId: cmt3i6d290000qn8stnmxf460, role: admin, email: admin@nexaflow.com} @ webpack-internal:///(app-pages-browser)/./src/lib/procedures/client-auth.ts:15
[ 6812233ms] [LOG] [Auth] Utilisateur connecté détecté {userId: cmt3i6d290000qn8stnmxf460, role: admin, email: admin@nexaflow.com} @ webpack-internal:///(app-pages-browser)/./src/lib/procedures/client-auth.ts:15
[ 6812233ms] [LOG] [Auth] Utilisateur connecté détecté {userId: cmt3i6d290000qn8stnmxf460, role: admin, email: admin@nexaflow.com} @ webpack-internal:///(app-pages-browser)/./src/lib/procedures/client-auth.ts:15
[ 6842234ms] [LOG] [Auth] Utilisateur connecté détecté {userId: cmt3i6d290000qn8stnmxf460, role: admin, email: admin@nexaflow.com} @ webpack-internal:///(app-pages-browser)/./src/lib/procedures/client-auth.ts:15
[ 6842234ms] [LOG] [Auth] Utilisateur connecté détecté {userId: cmt3i6d290000qn8stnmxf460, role: admin, email: admin@nexaflow.com} @ webpack-internal:///(app-pages-browser)/./src/lib/procedures/client-auth.ts:15
[ 6872244ms] [LOG] [Auth] Utilisateur connecté détecté {userId: cmt3i6d290000qn8stnmxf460, role: admin, email: admin@nexaflow.com} @ webpack-internal:///(app-pages-browser)/./src/lib/procedures/client-auth.ts:15
[ 6872244ms] [LOG] [Auth] Utilisateur connecté détecté {userId: cmt3i6d290000qn8stnmxf460, role: admin, email: admin@nexaflow.com} @ webpack-internal:///(app-pages-browser)/./src/lib/procedures/client-auth.ts:15
[ 6902298ms] [LOG] [Auth] Utilisateur connecté détecté {userId: cmt3i6d290000qn8stnmxf460, role: admin, email: admin@nexaflow.com} @ webpack-internal:///(app-pages-browser)/./src/lib/procedures/client-auth.ts:15
[ 6902298ms] [LOG] [Auth] Utilisateur connecté détecté {userId: cmt3i6d290000qn8stnmxf460, role: admin, email: admin@nexaflow.com} @ webpack-internal:///(app-pages-browser)/./src/lib/procedures/client-auth.ts:15
[ 6932230ms] [LOG] [Auth] Utilisateur connecté détecté {userId: cmt3i6d290000qn8stnmxf460, role: admin, email: admin@nexaflow.com} @ webpack-internal:///(app-pages-browser)/./src/lib/procedures/client-auth.ts:15
[ 6932230ms] [LOG] [Auth] Utilisateur connecté détecté {userId: cmt3i6d290000qn8stnmxf460, role: admin, email: admin@nexaflow.com} @ webpack-internal:///(app-pages-browser)/./src/lib/procedures/client-auth.ts:15
[ 6962232ms] [LOG] [Auth] Utilisateur connecté détecté {userId: cmt3i6d290000qn8stnmxf460, role: admin, email: admin@nexaflow.com} @ webpack-internal:///(app-pages-browser)/./src/lib/procedures/client-auth.ts:15
[ 6962232ms] [LOG] [Auth] Utilisateur connecté détecté {userId: cmt3i6d290000qn8stnmxf460, role: admin, email: admin@nexaflow.com} @ webpack-internal:///(app-pages-browser)/./src/lib/procedures/client-auth.ts:15
[ 6992241ms] [LOG] [Auth] Utilisateur connecté détecté {userId: cmt3i6d290000qn8stnmxf460, role: admin, email: admin@nexaflow.com} @ webpack-internal:///(app-pages-browser)/./src/lib/procedures/client-auth.ts:15
[ 6992241ms] [LOG] [Auth] Utilisateur connecté détecté {userId: cmt3i6d290000qn8stnmxf460, role: admin, email: admin@nexaflow.com} @ webpack-internal:///(app-pages-browser)/./src/lib/procedures/client-auth.ts:15
[ 7022229ms] [LOG] [Auth] Utilisateur connecté détecté {userId: cmt3i6d290000qn8stnmxf460, role: admin, email: admin@nexaflow.com} @ webpack-internal:///(app-pages-browser)/./src/lib/procedures/client-auth.ts:15
[ 7022230ms] [LOG] [Auth] Utilisateur connecté détecté {userId: cmt3i6d290000qn8stnmxf460, role: admin, email: admin@nexaflow.com} @ webpack-internal:///(app-pages-browser)/./src/lib/procedures/client-auth.ts:15
[ 7052231ms] [LOG] [Auth] Utilisateur connecté détecté {userId: cmt3i6d290000qn8stnmxf460, role: admin, email: admin@nexaflow.com} @ webpack-internal:///(app-pages-browser)/./src/lib/procedures/client-auth.ts:15
[ 7052232ms] [LOG] [Auth] Utilisateur connecté détecté {userId: cmt3i6d290000qn8stnmxf460, role: admin, email: admin@nexaflow.com} @ webpack-internal:///(app-pages-browser)/./src/lib/procedures/client-auth.ts:15
[ 7082236ms] [LOG] [Auth] Utilisateur connecté détecté {userId: cmt3i6d290000qn8stnmxf460, role: admin, email: admin@nexaflow.com} @ webpack-internal:///(app-pages-browser)/./src/lib/procedures/client-auth.ts:15
[ 7082236ms] [LOG] [Auth] Utilisateur connecté détecté {userId: cmt3i6d290000qn8stnmxf460, role: admin, email: admin@nexaflow.com} @ webpack-internal:///(app-pages-browser)/./src/lib/procedures/client-auth.ts:15
[ 7112207ms] [LOG] [Auth] Utilisateur connecté détecté {userId: cmt3i6d290000qn8stnmxf460, role: admin, email: admin@nexaflow.com} @ webpack-internal:///(app-pages-browser)/./src/lib/procedures/client-auth.ts:15
[ 7112207ms] [LOG] [Auth] Utilisateur connecté détecté {userId: cmt3i6d290000qn8stnmxf460, role: admin, email: admin@nexaflow.com} @ webpack-internal:///(app-pages-browser)/./src/lib/procedures/client-auth.ts:15
[ 7142231ms] [LOG] [Auth] Utilisateur connecté détecté {userId: cmt3i6d290000qn8stnmxf460, role: admin, email: admin@nexaflow.com} @ webpack-internal:///(app-pages-browser)/./src/lib/procedures/client-auth.ts:15
[ 7142231ms] [LOG] [Auth] Utilisateur connecté détecté {userId: cmt3i6d290000qn8stnmxf460, role: admin, email: admin@nexaflow.com} @ webpack-internal:///(app-pages-browser)/./src/lib/procedures/client-auth.ts:15
[ 7172236ms] [LOG] [Auth] Utilisateur connecté détecté {userId: cmt3i6d290000qn8stnmxf460, role: admin, email: admin@nexaflow.com} @ webpack-internal:///(app-pages-browser)/./src/lib/procedures/client-auth.ts:15
[ 7172237ms] [LOG] [Auth] Utilisateur connecté détecté {userId: cmt3i6d290000qn8stnmxf460, role: admin, email: admin@nexaflow.com} @ webpack-internal:///(app-pages-browser)/./src/lib/procedures/client-auth.ts:15
[ 7202233ms] [LOG] [Auth] Utilisateur connecté détecté {userId: cmt3i6d290000qn8stnmxf460, role: admin, email: admin@nexaflow.com} @ webpack-internal:///(app-pages-browser)/./src/lib/procedures/client-auth.ts:15
[ 7202234ms] [LOG] [Auth] Utilisateur connecté détecté {userId: cmt3i6d290000qn8stnmxf460, role: admin, email: admin@nexaflow.com} @ webpack-internal:///(app-pages-browser)/./src/lib/procedures/client-auth.ts:15
[ 7232232ms] [LOG] [Auth] Utilisateur connecté détecté {userId: cmt3i6d290000qn8stnmxf460, role: admin, email: admin@nexaflow.com} @ webpack-internal:///(app-pages-browser)/./src/lib/procedures/client-auth.ts:15
[ 7232232ms] [LOG] [Auth] Utilisateur connecté détecté {userId: cmt3i6d290000qn8stnmxf460, role: admin, email: admin@nexaflow.com} @ webpack-internal:///(app-pages-browser)/./src/lib/procedures/client-auth.ts:15
[ 7262235ms] [LOG] [Auth] Utilisateur connecté détecté {userId: cmt3i6d290000qn8stnmxf460, role: admin, email: admin@nexaflow.com} @ webpack-internal:///(app-pages-browser)/./src/lib/procedures/client-auth.ts:15
[ 7262236ms] [LOG] [Auth] Utilisateur connecté détecté {userId: cmt3i6d290000qn8stnmxf460, role: admin, email: admin@nexaflow.com} @ webpack-internal:///(app-pages-browser)/./src/lib/procedures/client-auth.ts:15
[ 7292227ms] [LOG] [Auth] Utilisateur connecté détecté {userId: cmt3i6d290000qn8stnmxf460, role: admin, email: admin@nexaflow.com} @ webpack-internal:///(app-pages-browser)/./src/lib/procedures/client-auth.ts:15
[ 7292228ms] [LOG] [Auth] Utilisateur connecté détecté {userId: cmt3i6d290000qn8stnmxf460, role: admin, email: admin@nexaflow.com} @ webpack-internal:///(app-pages-browser)/./src/lib/procedures/client-auth.ts:15
[ 7322260ms] [LOG] [Auth] Utilisateur connecté détecté {userId: cmt3i6d290000qn8stnmxf460, role: admin, email: admin@nexaflow.com} @ webpack-internal:///(app-pages-browser)/./src/lib/procedures/client-auth.ts:15
[ 7322261ms] [LOG] [Auth] Utilisateur connecté détecté {userId: cmt3i6d290000qn8stnmxf460, role: admin, email: admin@nexaflow.com} @ webpack-internal:///(app-pages-browser)/./src/lib/procedures/client-auth.ts:15
[ 7352221ms] [LOG] [Auth] Utilisateur connecté détecté {userId: cmt3i6d290000qn8stnmxf460, role: admin, email: admin@nexaflow.com} @ webpack-internal:///(app-pages-browser)/./src/lib/procedures/client-auth.ts:15
[ 7352222ms] [LOG] [Auth] Utilisateur connecté détecté {userId: cmt3i6d290000qn8stnmxf460, role: admin, email: admin@nexaflow.com} @ webpack-internal:///(app-pages-browser)/./src/lib/procedures/client-auth.ts:15
[ 7382221ms] [LOG] [Auth] Utilisateur connecté détecté {userId: cmt3i6d290000qn8stnmxf460, role: admin, email: admin@nexaflow.com} @ webpack-internal:///(app-pages-browser)/./src/lib/procedures/client-auth.ts:15
[ 7382222ms] [LOG] [Auth] Utilisateur connecté détecté {userId: cmt3i6d290000qn8stnmxf460, role: admin, email: admin@nexaflow.com} @ webpack-internal:///(app-pages-browser)/./src/lib/procedures/client-auth.ts:15
[ 7412212ms] [LOG] [Auth] Utilisateur connecté détecté {userId: cmt3i6d290000qn8stnmxf460, role: admin, email: admin@nexaflow.com} @ webpack-internal:///(app-pages-browser)/./src/lib/procedures/client-auth.ts:15
[ 7412213ms] [LOG] [Auth] Utilisateur connecté détecté {userId: cmt3i6d290000qn8stnmxf460, role: admin, email: admin@nexaflow.com} @ webpack-internal:///(app-pages-browser)/./src/lib/procedures/client-auth.ts:15
[ 7442238ms] [LOG] [Auth] Utilisateur connecté détecté {userId: cmt3i6d290000qn8stnmxf460, role: admin, email: admin@nexaflow.com} @ webpack-internal:///(app-pages-browser)/./src/lib/procedures/client-auth.ts:15
[ 7442238ms] [LOG] [Auth] Utilisateur connecté détecté {userId: cmt3i6d290000qn8stnmxf460, role: admin, email: admin@nexaflow.com} @ webpack-internal:///(app-pages-browser)/./src/lib/procedures/client-auth.ts:15
[ 7472211ms] [LOG] [Auth] Utilisateur connecté détecté {userId: cmt3i6d290000qn8stnmxf460, role: admin, email: admin@nexaflow.com} @ webpack-internal:///(app-pages-browser)/./src/lib/procedures/client-auth.ts:15
[ 7472211ms] [LOG] [Auth] Utilisateur connecté détecté {userId: cmt3i6d290000qn8stnmxf460, role: admin, email: admin@nexaflow.com} @ webpack-internal:///(app-pages-browser)/./src/lib/procedures/client-auth.ts:15
[ 7502223ms] [LOG] [Auth] Utilisateur connecté détecté {userId: cmt3i6d290000qn8stnmxf460, role: admin, email: admin@nexaflow.com} @ webpack-internal:///(app-pages-browser)/./src/lib/procedures/client-auth.ts:15
[ 7502224ms] [LOG] [Auth] Utilisateur connecté détecté {userId: cmt3i6d290000qn8stnmxf460, role: admin, email: admin@nexaflow.com} @ webpack-internal:///(app-pages-browser)/./src/lib/procedures/client-auth.ts:15
[ 7532388ms] [LOG] [Auth] Utilisateur connecté détecté {userId: cmt3i6d290000qn8stnmxf460, role: admin, email: admin@nexaflow.com} @ webpack-internal:///(app-pages-browser)/./src/lib/procedures/client-auth.ts:15
[ 7532388ms] [LOG] [Auth] Utilisateur connecté détecté {userId: cmt3i6d290000qn8stnmxf460, role: admin, email: admin@nexaflow.com} @ webpack-internal:///(app-pages-browser)/./src/lib/procedures/client-auth.ts:15
[ 7562208ms] [LOG] [Auth] Utilisateur connecté détecté {userId: cmt3i6d290000qn8stnmxf460, role: admin, email: admin@nexaflow.com} @ webpack-internal:///(app-pages-browser)/./src/lib/procedures/client-auth.ts:15
[ 7562209ms] [LOG] [Auth] Utilisateur connecté détecté {userId: cmt3i6d290000qn8stnmxf460, role: admin, email: admin@nexaflow.com} @ webpack-internal:///(app-pages-browser)/./src/lib/procedures/client-auth.ts:15
[ 7592228ms] [LOG] [Auth] Utilisateur connecté détecté {userId: cmt3i6d290000qn8stnmxf460, role: admin, email: admin@nexaflow.com} @ webpack-internal:///(app-pages-browser)/./src/lib/procedures/client-auth.ts:15
[ 7592229ms] [LOG] [Auth] Utilisateur connecté détecté {userId: cmt3i6d290000qn8stnmxf460, role: admin, email: admin@nexaflow.com} @ webpack-internal:///(app-pages-browser)/./src/lib/procedures/client-auth.ts:15
[ 7622234ms] [LOG] [Auth] Utilisateur connecté détecté {userId: cmt3i6d290000qn8stnmxf460, role: admin, email: admin@nexaflow.com} @ webpack-internal:///(app-pages-browser)/./src/lib/procedures/client-auth.ts:15
[ 7622234ms] [LOG] [Auth] Utilisateur connecté détecté {userId: cmt3i6d290000qn8stnmxf460, role: admin, email: admin@nexaflow.com} @ webpack-internal:///(app-pages-browser)/./src/lib/procedures/client-auth.ts:15
[ 7652232ms] [LOG] [Auth] Utilisateur connecté détecté {userId: cmt3i6d290000qn8stnmxf460, role: admin, email: admin@nexaflow.com} @ webpack-internal:///(app-pages-browser)/./src/lib/procedures/client-auth.ts:15
[ 7652232ms] [LOG] [Auth] Utilisateur connecté détecté {userId: cmt3i6d290000qn8stnmxf460, role: admin, email: admin@nexaflow.com} @ webpack-internal:///(app-pages-browser)/./src/lib/procedures/client-auth.ts:15
[ 7682220ms] [LOG] [Auth] Utilisateur connecté détecté {userId: cmt3i6d290000qn8stnmxf460, role: admin, email: admin@nexaflow.com} @ webpack-internal:///(app-pages-browser)/./src/lib/procedures/client-auth.ts:15
[ 7682221ms] [LOG] [Auth] Utilisateur connecté détecté {userId: cmt3i6d290000qn8stnmxf460, role: admin, email: admin@nexaflow.com} @ webpack-internal:///(app-pages-browser)/./src/lib/procedures/client-auth.ts:15
[ 7712221ms] [LOG] [Auth] Utilisateur connecté détecté {userId: cmt3i6d290000qn8stnmxf460, role: admin, email: admin@nexaflow.com} @ webpack-internal:///(app-pages-browser)/./src/lib/procedures/client-auth.ts:15
[ 7712221ms] [LOG] [Auth] Utilisateur connecté détecté {userId: cmt3i6d290000qn8stnmxf460, role: admin, email: admin@nexaflow.com} @ webpack-internal:///(app-pages-browser)/./src/lib/procedures/client-auth.ts:15
[ 7742208ms] [LOG] [Auth] Utilisateur connecté détecté {userId: cmt3i6d290000qn8stnmxf460, role: admin, email: admin@nexaflow.com} @ webpack-internal:///(app-pages-browser)/./src/lib/procedures/client-auth.ts:15
[ 7742209ms] [LOG] [Auth] Utilisateur connecté détecté {userId: cmt3i6d290000qn8stnmxf460, role: admin, email: admin@nexaflow.com} @ webpack-internal:///(app-pages-browser)/./src/lib/procedures/client-auth.ts:15
[ 7772229ms] [LOG] [Auth] Utilisateur connecté détecté {userId: cmt3i6d290000qn8stnmxf460, role: admin, email: admin@nexaflow.com} @ webpack-internal:///(app-pages-browser)/./src/lib/procedures/client-auth.ts:15
[ 7772230ms] [LOG] [Auth] Utilisateur connecté détecté {userId: cmt3i6d290000qn8stnmxf460, role: admin, email: admin@nexaflow.com} @ webpack-internal:///(app-pages-browser)/./src/lib/procedures/client-auth.ts:15
[ 7802229ms] [LOG] [Auth] Utilisateur connecté détecté {userId: cmt3i6d290000qn8stnmxf460, role: admin, email: admin@nexaflow.com} @ webpack-internal:///(app-pages-browser)/./src/lib/procedures/client-auth.ts:15
[ 7802229ms] [LOG] [Auth] Utilisateur connecté détecté {userId: cmt3i6d290000qn8stnmxf460, role: admin, email: admin@nexaflow.com} @ webpack-internal:///(app-pages-browser)/./src/lib/procedures/client-auth.ts:15
[ 7832235ms] [LOG] [Auth] Utilisateur connecté détecté {userId: cmt3i6d290000qn8stnmxf460, role: admin, email: admin@nexaflow.com} @ webpack-internal:///(app-pages-browser)/./src/lib/procedures/client-auth.ts:15
[ 7832236ms] [LOG] [Auth] Utilisateur connecté détecté {userId: cmt3i6d290000qn8stnmxf460, role: admin, email: admin@nexaflow.com} @ webpack-internal:///(app-pages-browser)/./src/lib/procedures/client-auth.ts:15
[ 7862272ms] [LOG] [Auth] Utilisateur connecté détecté {userId: cmt3i6d290000qn8stnmxf460, role: admin, email: admin@nexaflow.com} @ webpack-internal:///(app-pages-browser)/./src/lib/procedures/client-auth.ts:15
[ 7862272ms] [LOG] [Auth] Utilisateur connecté détecté {userId: cmt3i6d290000qn8stnmxf460, role: admin, email: admin@nexaflow.com} @ webpack-internal:///(app-pages-browser)/./src/lib/procedures/client-auth.ts:15
[ 7892232ms] [LOG] [Auth] Utilisateur connecté détecté {userId: cmt3i6d290000qn8stnmxf460, role: admin, email: admin@nexaflow.com} @ webpack-internal:///(app-pages-browser)/./src/lib/procedures/client-auth.ts:15
[ 7892232ms] [LOG] [Auth] Utilisateur connecté détecté {userId: cmt3i6d290000qn8stnmxf460, role: admin, email: admin@nexaflow.com} @ webpack-internal:///(app-pages-browser)/./src/lib/procedures/client-auth.ts:15
[ 7922231ms] [LOG] [Auth] Utilisateur connecté détecté {userId: cmt3i6d290000qn8stnmxf460, role: admin, email: admin@nexaflow.com} @ webpack-internal:///(app-pages-browser)/./src/lib/procedures/client-auth.ts:15
[ 7922231ms] [LOG] [Auth] Utilisateur connecté détecté {userId: cmt3i6d290000qn8stnmxf460, role: admin, email: admin@nexaflow.com} @ webpack-internal:///(app-pages-browser)/./src/lib/procedures/client-auth.ts:15
[ 7952231ms] [LOG] [Auth] Utilisateur connecté détecté {userId: cmt3i6d290000qn8stnmxf460, role: admin, email: admin@nexaflow.com} @ webpack-internal:///(app-pages-browser)/./src/lib/procedures/client-auth.ts:15
[ 7952232ms] [LOG] [Auth] Utilisateur connecté détecté {userId: cmt3i6d290000qn8stnmxf460, role: admin, email: admin@nexaflow.com} @ webpack-internal:///(app-pages-browser)/./src/lib/procedures/client-auth.ts:15
[ 7982231ms] [LOG] [Auth] Utilisateur connecté détecté {userId: cmt3i6d290000qn8stnmxf460, role: admin, email: admin@nexaflow.com} @ webpack-internal:///(app-pages-browser)/./src/lib/procedures/client-auth.ts:15
[ 7982231ms] [LOG] [Auth] Utilisateur connecté détecté {userId: cmt3i6d290000qn8stnmxf460, role: admin, email: admin@nexaflow.com} @ webpack-internal:///(app-pages-browser)/./src/lib/procedures/client-auth.ts:15
[ 8012213ms] [LOG] [Auth] Utilisateur connecté détecté {userId: cmt3i6d290000qn8stnmxf460, role: admin, email: admin@nexaflow.com} @ webpack-internal:///(app-pages-browser)/./src/lib/procedures/client-auth.ts:15
[ 8012215ms] [LOG] [Auth] Utilisateur connecté détecté {userId: cmt3i6d290000qn8stnmxf460, role: admin, email: admin@nexaflow.com} @ webpack-internal:///(app-pages-browser)/./src/lib/procedures/client-auth.ts:15
[ 8042227ms] [LOG] [Auth] Utilisateur connecté détecté {userId: cmt3i6d290000qn8stnmxf460, role: admin, email: admin@nexaflow.com} @ webpack-internal:///(app-pages-browser)/./src/lib/procedures/client-auth.ts:15
[ 8042228ms] [LOG] [Auth] Utilisateur connecté détecté {userId: cmt3i6d290000qn8stnmxf460, role: admin, email: admin@nexaflow.com} @ webpack-internal:///(app-pages-browser)/./src/lib/procedures/client-auth.ts:15
[ 8072233ms] [LOG] [Auth] Utilisateur connecté détecté {userId: cmt3i6d290000qn8stnmxf460, role: admin, email: admin@nexaflow.com} @ webpack-internal:///(app-pages-browser)/./src/lib/procedures/client-auth.ts:15
[ 8072234ms] [LOG] [Auth] Utilisateur connecté détecté {userId: cmt3i6d290000qn8stnmxf460, role: admin, email: admin@nexaflow.com} @ webpack-internal:///(app-pages-browser)/./src/lib/procedures/client-auth.ts:15
[ 8102228ms] [LOG] [Auth] Utilisateur connecté détecté {userId: cmt3i6d290000qn8stnmxf460, role: admin, email: admin@nexaflow.com} @ webpack-internal:///(app-pages-browser)/./src/lib/procedures/client-auth.ts:15
[ 8102230ms] [LOG] [Auth] Utilisateur connecté détecté {userId: cmt3i6d290000qn8stnmxf460, role: admin, email: admin@nexaflow.com} @ webpack-internal:///(app-pages-browser)/./src/lib/procedures/client-auth.ts:15
[ 8132224ms] [LOG] [Auth] Utilisateur connecté détecté {userId: cmt3i6d290000qn8stnmxf460, role: admin, email: admin@nexaflow.com} @ webpack-internal:///(app-pages-browser)/./src/lib/procedures/client-auth.ts:15
[ 8132224ms] [LOG] [Auth] Utilisateur connecté détecté {userId: cmt3i6d290000qn8stnmxf460, role: admin, email: admin@nexaflow.com} @ webpack-internal:///(app-pages-browser)/./src/lib/procedures/client-auth.ts:15
[ 8162222ms] [LOG] [Auth] Utilisateur connecté détecté {userId: cmt3i6d290000qn8stnmxf460, role: admin, email: admin@nexaflow.com} @ webpack-internal:///(app-pages-browser)/./src/lib/procedures/client-auth.ts:15
[ 8162222ms] [LOG] [Auth] Utilisateur connecté détecté {userId: cmt3i6d290000qn8stnmxf460, role: admin, email: admin@nexaflow.com} @ webpack-internal:///(app-pages-browser)/./src/lib/procedures/client-auth.ts:15
[ 8192222ms] [LOG] [Auth] Utilisateur connecté détecté {userId: cmt3i6d290000qn8stnmxf460, role: admin, email: admin@nexaflow.com} @ webpack-internal:///(app-pages-browser)/./src/lib/procedures/client-auth.ts:15
[ 8192223ms] [LOG] [Auth] Utilisateur connecté détecté {userId: cmt3i6d290000qn8stnmxf460, role: admin, email: admin@nexaflow.com} @ webpack-internal:///(app-pages-browser)/./src/lib/procedures/client-auth.ts:15
[ 8222215ms] [LOG] [Auth] Utilisateur connecté détecté {userId: cmt3i6d290000qn8stnmxf460, role: admin, email: admin@nexaflow.com} @ webpack-internal:///(app-pages-browser)/./src/lib/procedures/client-auth.ts:15
[ 8222215ms] [LOG] [Auth] Utilisateur connecté détecté {userId: cmt3i6d290000qn8stnmxf460, role: admin, email: admin@nexaflow.com} @ webpack-internal:///(app-pages-browser)/./src/lib/procedures/client-auth.ts:15
[ 8252248ms] [LOG] [Auth] Utilisateur connecté détecté {userId: cmt3i6d290000qn8stnmxf460, role: admin, email: admin@nexaflow.com} @ webpack-internal:///(app-pages-browser)/./src/lib/procedures/client-auth.ts:15
[ 8252249ms] [LOG] [Auth] Utilisateur connecté détecté {userId: cmt3i6d290000qn8stnmxf460, role: admin, email: admin@nexaflow.com} @ webpack-internal:///(app-pages-browser)/./src/lib/procedures/client-auth.ts:15
[ 8282215ms] [LOG] [Auth] Utilisateur connecté détecté {userId: cmt3i6d290000qn8stnmxf460, role: admin, email: admin@nexaflow.com} @ webpack-internal:///(app-pages-browser)/./src/lib/procedures/client-auth.ts:15
[ 8282215ms] [LOG] [Auth] Utilisateur connecté détecté {userId: cmt3i6d290000qn8stnmxf460, role: admin, email: admin@nexaflow.com} @ webpack-internal:///(app-pages-browser)/./src/lib/procedures/client-auth.ts:15
[ 8312222ms] [LOG] [Auth] Utilisateur connecté détecté {userId: cmt3i6d290000qn8stnmxf460, role: admin, email: admin@nexaflow.com} @ webpack-internal:///(app-pages-browser)/./src/lib/procedures/client-auth.ts:15
[ 8312222ms] [LOG] [Auth] Utilisateur connecté détecté {userId: cmt3i6d290000qn8stnmxf460, role: admin, email: admin@nexaflow.com} @ webpack-internal:///(app-pages-browser)/./src/lib/procedures/client-auth.ts:15
[ 8342234ms] [LOG] [Auth] Utilisateur connecté détecté {userId: cmt3i6d290000qn8stnmxf460, role: admin, email: admin@nexaflow.com} @ webpack-internal:///(app-pages-browser)/./src/lib/procedures/client-auth.ts:15
[ 8342235ms] [LOG] [Auth] Utilisateur connecté détecté {userId: cmt3i6d290000qn8stnmxf460, role: admin, email: admin@nexaflow.com} @ webpack-internal:///(app-pages-browser)/./src/lib/procedures/client-auth.ts:15
[ 8372225ms] [LOG] [Auth] Utilisateur connecté détecté {userId: cmt3i6d290000qn8stnmxf460, role: admin, email: admin@nexaflow.com} @ webpack-internal:///(app-pages-browser)/./src/lib/procedures/client-auth.ts:15
[ 8372227ms] [LOG] [Auth] Utilisateur connecté détecté {userId: cmt3i6d290000qn8stnmxf460, role: admin, email: admin@nexaflow.com} @ webpack-internal:///(app-pages-browser)/./src/lib/procedures/client-auth.ts:15
[ 8402236ms] [LOG] [Auth] Utilisateur connecté détecté {userId: cmt3i6d290000qn8stnmxf460, role: admin, email: admin@nexaflow.com} @ webpack-internal:///(app-pages-browser)/./src/lib/procedures/client-auth.ts:15
[ 8402237ms] [LOG] [Auth] Utilisateur connecté détecté {userId: cmt3i6d290000qn8stnmxf460, role: admin, email: admin@nexaflow.com} @ webpack-internal:///(app-pages-browser)/./src/lib/procedures/client-auth.ts:15
[ 8432219ms] [LOG] [Auth] Utilisateur connecté détecté {userId: cmt3i6d290000qn8stnmxf460, role: admin, email: admin@nexaflow.com} @ webpack-internal:///(app-pages-browser)/./src/lib/procedures/client-auth.ts:15
[ 8432220ms] [LOG] [Auth] Utilisateur connecté détecté {userId: cmt3i6d290000qn8stnmxf460, role: admin, email: admin@nexaflow.com} @ webpack-internal:///(app-pages-browser)/./src/lib/procedures/client-auth.ts:15
[ 8462229ms] [LOG] [Auth] Utilisateur connecté détecté {userId: cmt3i6d290000qn8stnmxf460, role: admin, email: admin@nexaflow.com} @ webpack-internal:///(app-pages-browser)/./src/lib/procedures/client-auth.ts:15
[ 8462229ms] [LOG] [Auth] Utilisateur connecté détecté {userId: cmt3i6d290000qn8stnmxf460, role: admin, email: admin@nexaflow.com} @ webpack-internal:///(app-pages-browser)/./src/lib/procedures/client-auth.ts:15
[ 8492335ms] [LOG] [Auth] Utilisateur connecté détecté {userId: cmt3i6d290000qn8stnmxf460, role: admin, email: admin@nexaflow.com} @ webpack-internal:///(app-pages-browser)/./src/lib/procedures/client-auth.ts:15
[ 8492336ms] [LOG] [Auth] Utilisateur connecté détecté {userId: cmt3i6d290000qn8stnmxf460, role: admin, email: admin@nexaflow.com} @ webpack-internal:///(app-pages-browser)/./src/lib/procedures/client-auth.ts:15
[ 8522239ms] [LOG] [Auth] Utilisateur connecté détecté {userId: cmt3i6d290000qn8stnmxf460, role: admin, email: admin@nexaflow.com} @ webpack-internal:///(app-pages-browser)/./src/lib/procedures/client-auth.ts:15
[ 8522240ms] [LOG] [Auth] Utilisateur connecté détecté {userId: cmt3i6d290000qn8stnmxf460, role: admin, email: admin@nexaflow.com} @ webpack-internal:///(app-pages-browser)/./src/lib/procedures/client-auth.ts:15
[ 8552241ms] [LOG] [Auth] Utilisateur connecté détecté {userId: cmt3i6d290000qn8stnmxf460, role: admin, email: admin@nexaflow.com} @ webpack-internal:///(app-pages-browser)/./src/lib/procedures/client-auth.ts:15
[ 8552241ms] [LOG] [Auth] Utilisateur connecté détecté {userId: cmt3i6d290000qn8stnmxf460, role: admin, email: admin@nexaflow.com} @ webpack-internal:///(app-pages-browser)/./src/lib/procedures/client-auth.ts:15
[ 8582229ms] [LOG] [Auth] Utilisateur connecté détecté {userId: cmt3i6d290000qn8stnmxf460, role: admin, email: admin@nexaflow.com} @ webpack-internal:///(app-pages-browser)/./src/lib/procedures/client-auth.ts:15
[ 8582229ms] [LOG] [Auth] Utilisateur connecté détecté {userId: cmt3i6d290000qn8stnmxf460, role: admin, email: admin@nexaflow.com} @ webpack-internal:///(app-pages-browser)/./src/lib/procedures/client-auth.ts:15
[ 8612236ms] [LOG] [Auth] Utilisateur connecté détecté {userId: cmt3i6d290000qn8stnmxf460, role: admin, email: admin@nexaflow.com} @ webpack-internal:///(app-pages-browser)/./src/lib/procedures/client-auth.ts:15
[ 8612236ms] [LOG] [Auth] Utilisateur connecté détecté {userId: cmt3i6d290000qn8stnmxf460, role: admin, email: admin@nexaflow.com} @ webpack-internal:///(app-pages-browser)/./src/lib/procedures/client-auth.ts:15
[ 8642236ms] [LOG] [Auth] Utilisateur connecté détecté {userId: cmt3i6d290000qn8stnmxf460, role: admin, email: admin@nexaflow.com} @ webpack-internal:///(app-pages-browser)/./src/lib/procedures/client-auth.ts:15
[ 8642236ms] [LOG] [Auth] Utilisateur connecté détecté {userId: cmt3i6d290000qn8stnmxf460, role: admin, email: admin@nexaflow.com} @ webpack-internal:///(app-pages-browser)/./src/lib/procedures/client-auth.ts:15
[ 8672224ms] [LOG] [Auth] Utilisateur connecté détecté {userId: cmt3i6d290000qn8stnmxf460, role: admin, email: admin@nexaflow.com} @ webpack-internal:///(app-pages-browser)/./src/lib/procedures/client-auth.ts:15
[ 8672225ms] [LOG] [Auth] Utilisateur connecté détecté {userId: cmt3i6d290000qn8stnmxf460, role: admin, email: admin@nexaflow.com} @ webpack-internal:///(app-pages-browser)/./src/lib/procedures/client-auth.ts:15
[ 8702232ms] [LOG] [Auth] Utilisateur connecté détecté {userId: cmt3i6d290000qn8stnmxf460, role: admin, email: admin@nexaflow.com} @ webpack-internal:///(app-pages-browser)/./src/lib/procedures/client-auth.ts:15
[ 8702232ms] [LOG] [Auth] Utilisateur connecté détecté {userId: cmt3i6d290000qn8stnmxf460, role: admin, email: admin@nexaflow.com} @ webpack-internal:///(app-pages-browser)/./src/lib/procedures/client-auth.ts:15
[ 8732235ms] [LOG] [Auth] Utilisateur connecté détecté {userId: cmt3i6d290000qn8stnmxf460, role: admin, email: admin@nexaflow.com} @ webpack-internal:///(app-pages-browser)/./src/lib/procedures/client-auth.ts:15
[ 8732235ms] [LOG] [Auth] Utilisateur connecté détecté {userId: cmt3i6d290000qn8stnmxf460, role: admin, email: admin@nexaflow.com} @ webpack-internal:///(app-pages-browser)/./src/lib/procedures/client-auth.ts:15
[ 8762236ms] [LOG] [Auth] Utilisateur connecté détecté {userId: cmt3i6d290000qn8stnmxf460, role: admin, email: admin@nexaflow.com} @ webpack-internal:///(app-pages-browser)/./src/lib/procedures/client-auth.ts:15
[ 8762237ms] [LOG] [Auth] Utilisateur connecté détecté {userId: cmt3i6d290000qn8stnmxf460, role: admin, email: admin@nexaflow.com} @ webpack-internal:///(app-pages-browser)/./src/lib/procedures/client-auth.ts:15
[ 8792236ms] [LOG] [Auth] Utilisateur connecté détecté {userId: cmt3i6d290000qn8stnmxf460, role: admin, email: admin@nexaflow.com} @ webpack-internal:///(app-pages-browser)/./src/lib/procedures/client-auth.ts:15
[ 8792237ms] [LOG] [Auth] Utilisateur connecté détecté {userId: cmt3i6d290000qn8stnmxf460, role: admin, email: admin@nexaflow.com} @ webpack-internal:///(app-pages-browser)/./src/lib/procedures/client-auth.ts:15
[ 8822333ms] [LOG] [Auth] Utilisateur connecté détecté {userId: cmt3i6d290000qn8stnmxf460, role: admin, email: admin@nexaflow.com} @ webpack-internal:///(app-pages-browser)/./src/lib/procedures/client-auth.ts:15
[ 8822334ms] [LOG] [Auth] Utilisateur connecté détecté {userId: cmt3i6d290000qn8stnmxf460, role: admin, email: admin@nexaflow.com} @ webpack-internal:///(app-pages-browser)/./src/lib/procedures/client-auth.ts:15
[ 8852231ms] [LOG] [Auth] Utilisateur connecté détecté {userId: cmt3i6d290000qn8stnmxf460, role: admin, email: admin@nexaflow.com} @ webpack-internal:///(app-pages-browser)/./src/lib/procedures/client-auth.ts:15
[ 8852232ms] [LOG] [Auth] Utilisateur connecté détecté {userId: cmt3i6d290000qn8stnmxf460, role: admin, email: admin@nexaflow.com} @ webpack-internal:///(app-pages-browser)/./src/lib/procedures/client-auth.ts:15
[ 8882214ms] [LOG] [Auth] Utilisateur connecté détecté {userId: cmt3i6d290000qn8stnmxf460, role: admin, email: admin@nexaflow.com} @ webpack-internal:///(app-pages-browser)/./src/lib/procedures/client-auth.ts:15
[ 8882215ms] [LOG] [Auth] Utilisateur connecté détecté {userId: cmt3i6d290000qn8stnmxf460, role: admin, email: admin@nexaflow.com} @ webpack-internal:///(app-pages-browser)/./src/lib/procedures/client-auth.ts:15
[ 8912234ms] [LOG] [Auth] Utilisateur connecté détecté {userId: cmt3i6d290000qn8stnmxf460, role: admin, email: admin@nexaflow.com} @ webpack-internal:///(app-pages-browser)/./src/lib/procedures/client-auth.ts:15
[ 8912235ms] [LOG] [Auth] Utilisateur connecté détecté {userId: cmt3i6d290000qn8stnmxf460, role: admin, email: admin@nexaflow.com} @ webpack-internal:///(app-pages-browser)/./src/lib/procedures/client-auth.ts:15
[ 8942237ms] [LOG] [Auth] Utilisateur connecté détecté {userId: cmt3i6d290000qn8stnmxf460, role: admin, email: admin@nexaflow.com} @ webpack-internal:///(app-pages-browser)/./src/lib/procedures/client-auth.ts:15
[ 8942238ms] [LOG] [Auth] Utilisateur connecté détecté {userId: cmt3i6d290000qn8stnmxf460, role: admin, email: admin@nexaflow.com} @ webpack-internal:///(app-pages-browser)/./src/lib/procedures/client-auth.ts:15
[ 8972236ms] [LOG] [Auth] Utilisateur connecté détecté {userId: cmt3i6d290000qn8stnmxf460, role: admin, email: admin@nexaflow.com} @ webpack-internal:///(app-pages-browser)/./src/lib/procedures/client-auth.ts:15
[ 8972236ms] [LOG] [Auth] Utilisateur connecté détecté {userId: cmt3i6d290000qn8stnmxf460, role: admin, email: admin@nexaflow.com} @ webpack-internal:///(app-pages-browser)/./src/lib/procedures/client-auth.ts:15
[ 9002231ms] [LOG] [Auth] Utilisateur connecté détecté {userId: cmt3i6d290000qn8stnmxf460, role: admin, email: admin@nexaflow.com} @ webpack-internal:///(app-pages-browser)/./src/lib/procedures/client-auth.ts:15
[ 9002231ms] [LOG] [Auth] Utilisateur connecté détecté {userId: cmt3i6d290000qn8stnmxf460, role: admin, email: admin@nexaflow.com} @ webpack-internal:///(app-pages-browser)/./src/lib/procedures/client-auth.ts:15
[ 9032234ms] [LOG] [Auth] Utilisateur connecté détecté {userId: cmt3i6d290000qn8stnmxf460, role: admin, email: admin@nexaflow.com} @ webpack-internal:///(app-pages-browser)/./src/lib/procedures/client-auth.ts:15
[ 9032235ms] [LOG] [Auth] Utilisateur connecté détecté {userId: cmt3i6d290000qn8stnmxf460, role: admin, email: admin@nexaflow.com} @ webpack-internal:///(app-pages-browser)/./src/lib/procedures/client-auth.ts:15
[ 9062237ms] [LOG] [Auth] Utilisateur connecté détecté {userId: cmt3i6d290000qn8stnmxf460, role: admin, email: admin@nexaflow.com} @ webpack-internal:///(app-pages-browser)/./src/lib/procedures/client-auth.ts:15
[ 9062237ms] [LOG] [Auth] Utilisateur connecté détecté {userId: cmt3i6d290000qn8stnmxf460, role: admin, email: admin@nexaflow.com} @ webpack-internal:///(app-pages-browser)/./src/lib/procedures/client-auth.ts:15
[ 9092235ms] [LOG] [Auth] Utilisateur connecté détecté {userId: cmt3i6d290000qn8stnmxf460, role: admin, email: admin@nexaflow.com} @ webpack-internal:///(app-pages-browser)/./src/lib/procedures/client-auth.ts:15
[ 9092235ms] [LOG] [Auth] Utilisateur connecté détecté {userId: cmt3i6d290000qn8stnmxf460, role: admin, email: admin@nexaflow.com} @ webpack-internal:///(app-pages-browser)/./src/lib/procedures/client-auth.ts:15
[ 9122238ms] [LOG] [Auth] Utilisateur connecté détecté {userId: cmt3i6d290000qn8stnmxf460, role: admin, email: admin@nexaflow.com} @ webpack-internal:///(app-pages-browser)/./src/lib/procedures/client-auth.ts:15
[ 9122238ms] [LOG] [Auth] Utilisateur connecté détecté {userId: cmt3i6d290000qn8stnmxf460, role: admin, email: admin@nexaflow.com} @ webpack-internal:///(app-pages-browser)/./src/lib/procedures/client-auth.ts:15
[ 9152235ms] [LOG] [Auth] Utilisateur connecté détecté {userId: cmt3i6d290000qn8stnmxf460, role: admin, email: admin@nexaflow.com} @ webpack-internal:///(app-pages-browser)/./src/lib/procedures/client-auth.ts:15
[ 9152235ms] [LOG] [Auth] Utilisateur connecté détecté {userId: cmt3i6d290000qn8stnmxf460, role: admin, email: admin@nexaflow.com} @ webpack-internal:///(app-pages-browser)/./src/lib/procedures/client-auth.ts:15
[ 9182327ms] [LOG] [Auth] Utilisateur connecté détecté {userId: cmt3i6d290000qn8stnmxf460, role: admin, email: admin@nexaflow.com} @ webpack-internal:///(app-pages-browser)/./src/lib/procedures/client-auth.ts:15
[ 9182327ms] [LOG] [Auth] Utilisateur connecté détecté {userId: cmt3i6d290000qn8stnmxf460, role: admin, email: admin@nexaflow.com} @ webpack-internal:///(app-pages-browser)/./src/lib/procedures/client-auth.ts:15
[ 9212227ms] [LOG] [Auth] Utilisateur connecté détecté {userId: cmt3i6d290000qn8stnmxf460, role: admin, email: admin@nexaflow.com} @ webpack-internal:///(app-pages-browser)/./src/lib/procedures/client-auth.ts:15
[ 9212228ms] [LOG] [Auth] Utilisateur connecté détecté {userId: cmt3i6d290000qn8stnmxf460, role: admin, email: admin@nexaflow.com} @ webpack-internal:///(app-pages-browser)/./src/lib/procedures/client-auth.ts:15
[ 9242230ms] [LOG] [Auth] Utilisateur connecté détecté {userId: cmt3i6d290000qn8stnmxf460, role: admin, email: admin@nexaflow.com} @ webpack-internal:///(app-pages-browser)/./src/lib/procedures/client-auth.ts:15
[ 9242231ms] [LOG] [Auth] Utilisateur connecté détecté {userId: cmt3i6d290000qn8stnmxf460, role: admin, email: admin@nexaflow.com} @ webpack-internal:///(app-pages-browser)/./src/lib/procedures/client-auth.ts:15
[ 9272234ms] [LOG] [Auth] Utilisateur connecté détecté {userId: cmt3i6d290000qn8stnmxf460, role: admin, email: admin@nexaflow.com} @ webpack-internal:///(app-pages-browser)/./src/lib/procedures/client-auth.ts:15
[ 9272234ms] [LOG] [Auth] Utilisateur connecté détecté {userId: cmt3i6d290000qn8stnmxf460, role: admin, email: admin@nexaflow.com} @ webpack-internal:///(app-pages-browser)/./src/lib/procedures/client-auth.ts:15
[ 9302236ms] [LOG] [Auth] Utilisateur connecté détecté {userId: cmt3i6d290000qn8stnmxf460, role: admin, email: admin@nexaflow.com} @ webpack-internal:///(app-pages-browser)/./src/lib/procedures/client-auth.ts:15
[ 9302236ms] [LOG] [Auth] Utilisateur connecté détecté {userId: cmt3i6d290000qn8stnmxf460, role: admin, email: admin@nexaflow.com} @ webpack-internal:///(app-pages-browser)/./src/lib/procedures/client-auth.ts:15
[ 9332234ms] [LOG] [Auth] Utilisateur connecté détecté {userId: cmt3i6d290000qn8stnmxf460, role: admin, email: admin@nexaflow.com} @ webpack-internal:///(app-pages-browser)/./src/lib/procedures/client-auth.ts:15
[ 9332234ms] [LOG] [Auth] Utilisateur connecté détecté {userId: cmt3i6d290000qn8stnmxf460, role: admin, email: admin@nexaflow.com} @ webpack-internal:///(app-pages-browser)/./src/lib/procedures/client-auth.ts:15
[ 9362229ms] [LOG] [Auth] Utilisateur connecté détecté {userId: cmt3i6d290000qn8stnmxf460, role: admin, email: admin@nexaflow.com} @ webpack-internal:///(app-pages-browser)/./src/lib/procedures/client-auth.ts:15
[ 9362229ms] [LOG] [Auth] Utilisateur connecté détecté {userId: cmt3i6d290000qn8stnmxf460, role: admin, email: admin@nexaflow.com} @ webpack-internal:///(app-pages-browser)/./src/lib/procedures/client-auth.ts:15
[ 9392228ms] [LOG] [Auth] Utilisateur connecté détecté {userId: cmt3i6d290000qn8stnmxf460, role: admin, email: admin@nexaflow.com} @ webpack-internal:///(app-pages-browser)/./src/lib/procedures/client-auth.ts:15
[ 9392228ms] [LOG] [Auth] Utilisateur connecté détecté {userId: cmt3i6d290000qn8stnmxf460, role: admin, email: admin@nexaflow.com} @ webpack-internal:///(app-pages-browser)/./src/lib/procedures/client-auth.ts:15
[ 9422222ms] [LOG] [Auth] Utilisateur connecté détecté {userId: cmt3i6d290000qn8stnmxf460, role: admin, email: admin@nexaflow.com} @ webpack-internal:///(app-pages-browser)/./src/lib/procedures/client-auth.ts:15
[ 9422223ms] [LOG] [Auth] Utilisateur connecté détecté {userId: cmt3i6d290000qn8stnmxf460, role: admin, email: admin@nexaflow.com} @ webpack-internal:///(app-pages-browser)/./src/lib/procedures/client-auth.ts:15
[ 9452333ms] [LOG] [Auth] Utilisateur connecté détecté {userId: cmt3i6d290000qn8stnmxf460, role: admin, email: admin@nexaflow.com} @ webpack-internal:///(app-pages-browser)/./src/lib/procedures/client-auth.ts:15
[ 9452333ms] [LOG] [Auth] Utilisateur connecté détecté {userId: cmt3i6d290000qn8stnmxf460, role: admin, email: admin@nexaflow.com} @ webpack-internal:///(app-pages-browser)/./src/lib/procedures/client-auth.ts:15
[ 9482239ms] [LOG] [Auth] Utilisateur connecté détecté {userId: cmt3i6d290000qn8stnmxf460, role: admin, email: admin@nexaflow.com} @ webpack-internal:///(app-pages-browser)/./src/lib/procedures/client-auth.ts:15
[ 9482240ms] [LOG] [Auth] Utilisateur connecté détecté {userId: cmt3i6d290000qn8stnmxf460, role: admin, email: admin@nexaflow.com} @ webpack-internal:///(app-pages-browser)/./src/lib/procedures/client-auth.ts:15
[ 9512214ms] [LOG] [Auth] Utilisateur connecté détecté {userId: cmt3i6d290000qn8stnmxf460, role: admin, email: admin@nexaflow.com} @ webpack-internal:///(app-pages-browser)/./src/lib/procedures/client-auth.ts:15
[ 9512215ms] [LOG] [Auth] Utilisateur connecté détecté {userId: cmt3i6d290000qn8stnmxf460, role: admin, email: admin@nexaflow.com} @ webpack-internal:///(app-pages-browser)/./src/lib/procedures/client-auth.ts:15
[ 9542232ms] [LOG] [Auth] Utilisateur connecté détecté {userId: cmt3i6d290000qn8stnmxf460, role: admin, email: admin@nexaflow.com} @ webpack-internal:///(app-pages-browser)/./src/lib/procedures/client-auth.ts:15
[ 9542233ms] [LOG] [Auth] Utilisateur connecté détecté {userId: cmt3i6d290000qn8stnmxf460, role: admin, email: admin@nexaflow.com} @ webpack-internal:///(app-pages-browser)/./src/lib/procedures/client-auth.ts:15
[ 9572234ms] [LOG] [Auth] Utilisateur connecté détecté {userId: cmt3i6d290000qn8stnmxf460, role: admin, email: admin@nexaflow.com} @ webpack-internal:///(app-pages-browser)/./src/lib/procedures/client-auth.ts:15
[ 9572234ms] [LOG] [Auth] Utilisateur connecté détecté {userId: cmt3i6d290000qn8stnmxf460, role: admin, email: admin@nexaflow.com} @ webpack-internal:///(app-pages-browser)/./src/lib/procedures/client-auth.ts:15
[ 9602233ms] [LOG] [Auth] Utilisateur connecté détecté {userId: cmt3i6d290000qn8stnmxf460, role: admin, email: admin@nexaflow.com} @ webpack-internal:///(app-pages-browser)/./src/lib/procedures/client-auth.ts:15
[ 9602233ms] [LOG] [Auth] Utilisateur connecté détecté {userId: cmt3i6d290000qn8stnmxf460, role: admin, email: admin@nexaflow.com} @ webpack-internal:///(app-pages-browser)/./src/lib/procedures/client-auth.ts:15
[ 9632243ms] [LOG] [Auth] Utilisateur connecté détecté {userId: cmt3i6d290000qn8stnmxf460, role: admin, email: admin@nexaflow.com} @ webpack-internal:///(app-pages-browser)/./src/lib/procedures/client-auth.ts:15
[ 9632244ms] [LOG] [Auth] Utilisateur connecté détecté {userId: cmt3i6d290000qn8stnmxf460, role: admin, email: admin@nexaflow.com} @ webpack-internal:///(app-pages-browser)/./src/lib/procedures/client-auth.ts:15
[ 9662247ms] [LOG] [Auth] Utilisateur connecté détecté {userId: cmt3i6d290000qn8stnmxf460, role: admin, email: admin@nexaflow.com} @ webpack-internal:///(app-pages-browser)/./src/lib/procedures/client-auth.ts:15
[ 9662248ms] [LOG] [Auth] Utilisateur connecté détecté {userId: cmt3i6d290000qn8stnmxf460, role: admin, email: admin@nexaflow.com} @ webpack-internal:///(app-pages-browser)/./src/lib/procedures/client-auth.ts:15
[ 9692247ms] [LOG] [Auth] Utilisateur connecté détecté {userId: cmt3i6d290000qn8stnmxf460, role: admin, email: admin@nexaflow.com} @ webpack-internal:///(app-pages-browser)/./src/lib/procedures/client-auth.ts:15
[ 9692248ms] [LOG] [Auth] Utilisateur connecté détecté {userId: cmt3i6d290000qn8stnmxf460, role: admin, email: admin@nexaflow.com} @ webpack-internal:///(app-pages-browser)/./src/lib/procedures/client-auth.ts:15
[ 9722245ms] [LOG] [Auth] Utilisateur connecté détecté {userId: cmt3i6d290000qn8stnmxf460, role: admin, email: admin@nexaflow.com} @ webpack-internal:///(app-pages-browser)/./src/lib/procedures/client-auth.ts:15
[ 9722245ms] [LOG] [Auth] Utilisateur connecté détecté {userId: cmt3i6d290000qn8stnmxf460, role: admin, email: admin@nexaflow.com} @ webpack-internal:///(app-pages-browser)/./src/lib/procedures/client-auth.ts:15
[ 9752228ms] [LOG] [Auth] Utilisateur connecté détecté {userId: cmt3i6d290000qn8stnmxf460, role: admin, email: admin@nexaflow.com} @ webpack-internal:///(app-pages-browser)/./src/lib/procedures/client-auth.ts:15
[ 9752229ms] [LOG] [Auth] Utilisateur connecté détecté {userId: cmt3i6d290000qn8stnmxf460, role: admin, email: admin@nexaflow.com} @ webpack-internal:///(app-pages-browser)/./src/lib/procedures/client-auth.ts:15
[ 9782313ms] [LOG] [Auth] Utilisateur connecté détecté {userId: cmt3i6d290000qn8stnmxf460, role: admin, email: admin@nexaflow.com} @ webpack-internal:///(app-pages-browser)/./src/lib/procedures/client-auth.ts:15
[ 9782314ms] [LOG] [Auth] Utilisateur connecté détecté {userId: cmt3i6d290000qn8stnmxf460, role: admin, email: admin@nexaflow.com} @ webpack-internal:///(app-pages-browser)/./src/lib/procedures/client-auth.ts:15
[ 9812228ms] [LOG] [Auth] Utilisateur connecté détecté {userId: cmt3i6d290000qn8stnmxf460, role: admin, email: admin@nexaflow.com} @ webpack-internal:///(app-pages-browser)/./src/lib/procedures/client-auth.ts:15
[ 9812230ms] [LOG] [Auth] Utilisateur connecté détecté {userId: cmt3i6d290000qn8stnmxf460, role: admin, email: admin@nexaflow.com} @ webpack-internal:///(app-pages-browser)/./src/lib/procedures/client-auth.ts:15
[ 9842224ms] [LOG] [Auth] Utilisateur connecté détecté {userId: cmt3i6d290000qn8stnmxf460, role: admin, email: admin@nexaflow.com} @ webpack-internal:///(app-pages-browser)/./src/lib/procedures/client-auth.ts:15
[ 9842226ms] [LOG] [Auth] Utilisateur connecté détecté {userId: cmt3i6d290000qn8stnmxf460, role: admin, email: admin@nexaflow.com} @ webpack-internal:///(app-pages-browser)/./src/lib/procedures/client-auth.ts:15
[ 9872246ms] [LOG] [Auth] Utilisateur connecté détecté {userId: cmt3i6d290000qn8stnmxf460, role: admin, email: admin@nexaflow.com} @ webpack-internal:///(app-pages-browser)/./src/lib/procedures/client-auth.ts:15
[ 9872247ms] [LOG] [Auth] Utilisateur connecté détecté {userId: cmt3i6d290000qn8stnmxf460, role: admin, email: admin@nexaflow.com} @ webpack-internal:///(app-pages-browser)/./src/lib/procedures/client-auth.ts:15
[ 9902222ms] [LOG] [Auth] Utilisateur connecté détecté {userId: cmt3i6d290000qn8stnmxf460, role: admin, email: admin@nexaflow.com} @ webpack-internal:///(app-pages-browser)/./src/lib/procedures/client-auth.ts:15
[ 9902223ms] [LOG] [Auth] Utilisateur connecté détecté {userId: cmt3i6d290000qn8stnmxf460, role: admin, email: admin@nexaflow.com} @ webpack-internal:///(app-pages-browser)/./src/lib/procedures/client-auth.ts:15
[ 9932221ms] [LOG] [Auth] Utilisateur connecté détecté {userId: cmt3i6d290000qn8stnmxf460, role: admin, email: admin@nexaflow.com} @ webpack-internal:///(app-pages-browser)/./src/lib/procedures/client-auth.ts:15
[ 9932221ms] [LOG] [Auth] Utilisateur connecté détecté {userId: cmt3i6d290000qn8stnmxf460, role: admin, email: admin@nexaflow.com} @ webpack-internal:///(app-pages-browser)/./src/lib/procedures/client-auth.ts:15
[ 9962220ms] [LOG] [Auth] Utilisateur connecté détecté {userId: cmt3i6d290000qn8stnmxf460, role: admin, email: admin@nexaflow.com} @ webpack-internal:///(app-pages-browser)/./src/lib/procedures/client-auth.ts:15
[ 9962221ms] [LOG] [Auth] Utilisateur connecté détecté {userId: cmt3i6d290000qn8stnmxf460, role: admin, email: admin@nexaflow.com} @ webpack-internal:///(app-pages-browser)/./src/lib/procedures/client-auth.ts:15
[ 9992224ms] [LOG] [Auth] Utilisateur connecté détecté {userId: cmt3i6d290000qn8stnmxf460, role: admin, email: admin@nexaflow.com} @ webpack-internal:///(app-pages-browser)/./src/lib/procedures/client-auth.ts:15
[ 9992225ms] [LOG] [Auth] Utilisateur connecté détecté {userId: cmt3i6d290000qn8stnmxf460, role: admin, email: admin@nexaflow.com} @ webpack-internal:///(app-pages-browser)/./src/lib/procedures/client-auth.ts:15
[10022241ms] [LOG] [Auth] Utilisateur connecté détecté {userId: cmt3i6d290000qn8stnmxf460, role: admin, email: admin@nexaflow.com} @ webpack-internal:///(app-pages-browser)/./src/lib/procedures/client-auth.ts:15
[10022242ms] [LOG] [Auth] Utilisateur connecté détecté {userId: cmt3i6d290000qn8stnmxf460, role: admin, email: admin@nexaflow.com} @ webpack-internal:///(app-pages-browser)/./src/lib/procedures/client-auth.ts:15
[10052237ms] [LOG] [Auth] Utilisateur connecté détecté {userId: cmt3i6d290000qn8stnmxf460, role: admin, email: admin@nexaflow.com} @ webpack-internal:///(app-pages-browser)/./src/lib/procedures/client-auth.ts:15
[10052238ms] [LOG] [Auth] Utilisateur connecté détecté {userId: cmt3i6d290000qn8stnmxf460, role: admin, email: admin@nexaflow.com} @ webpack-internal:///(app-pages-browser)/./src/lib/procedures/client-auth.ts:15
[10082247ms] [LOG] [Auth] Utilisateur connecté détecté {userId: cmt3i6d290000qn8stnmxf460, role: admin, email: admin@nexaflow.com} @ webpack-internal:///(app-pages-browser)/./src/lib/procedures/client-auth.ts:15
[10082248ms] [LOG] [Auth] Utilisateur connecté détecté {userId: cmt3i6d290000qn8stnmxf460, role: admin, email: admin@nexaflow.com} @ webpack-internal:///(app-pages-browser)/./src/lib/procedures/client-auth.ts:15
[10112260ms] [LOG] [Auth] Utilisateur connecté détecté {userId: cmt3i6d290000qn8stnmxf460, role: admin, email: admin@nexaflow.com} @ webpack-internal:///(app-pages-browser)/./src/lib/procedures/client-auth.ts:15
[10112261ms] [LOG] [Auth] Utilisateur connecté détecté {userId: cmt3i6d290000qn8stnmxf460, role: admin, email: admin@nexaflow.com} @ webpack-internal:///(app-pages-browser)/./src/lib/procedures/client-auth.ts:15
[10142243ms] [LOG] [Auth] Utilisateur connecté détecté {userId: cmt3i6d290000qn8stnmxf460, role: admin, email: admin@nexaflow.com} @ webpack-internal:///(app-pages-browser)/./src/lib/procedures/client-auth.ts:15
[10142244ms] [LOG] [Auth] Utilisateur connecté détecté {userId: cmt3i6d290000qn8stnmxf460, role: admin, email: admin@nexaflow.com} @ webpack-internal:///(app-pages-browser)/./src/lib/procedures/client-auth.ts:15
[10172242ms] [LOG] [Auth] Utilisateur connecté détecté {userId: cmt3i6d290000qn8stnmxf460, role: admin, email: admin@nexaflow.com} @ webpack-internal:///(app-pages-browser)/./src/lib/procedures/client-auth.ts:15
[10172243ms] [LOG] [Auth] Utilisateur connecté détecté {userId: cmt3i6d290000qn8stnmxf460, role: admin, email: admin@nexaflow.com} @ webpack-internal:///(app-pages-browser)/./src/lib/procedures/client-auth.ts:15
[10202255ms] [LOG] [Auth] Utilisateur connecté détecté {userId: cmt3i6d290000qn8stnmxf460, role: admin, email: admin@nexaflow.com} @ webpack-internal:///(app-pages-browser)/./src/lib/procedures/client-auth.ts:15
[10202256ms] [LOG] [Auth] Utilisateur connecté détecté {userId: cmt3i6d290000qn8stnmxf460, role: admin, email: admin@nexaflow.com} @ webpack-internal:///(app-pages-browser)/./src/lib/procedures/client-auth.ts:15
[10232243ms] [LOG] [Auth] Utilisateur connecté détecté {userId: cmt3i6d290000qn8stnmxf460, role: admin, email: admin@nexaflow.com} @ webpack-internal:///(app-pages-browser)/./src/lib/procedures/client-auth.ts:15
[10232244ms] [LOG] [Auth] Utilisateur connecté détecté {userId: cmt3i6d290000qn8stnmxf460, role: admin, email: admin@nexaflow.com} @ webpack-internal:///(app-pages-browser)/./src/lib/procedures/client-auth.ts:15
[10262377ms] [LOG] [Auth] Utilisateur connecté détecté {userId: cmt3i6d290000qn8stnmxf460, role: admin, email: admin@nexaflow.com} @ webpack-internal:///(app-pages-browser)/./src/lib/procedures/client-auth.ts:15
[10262377ms] [LOG] [Auth] Utilisateur connecté détecté {userId: cmt3i6d290000qn8stnmxf460, role: admin, email: admin@nexaflow.com} @ webpack-internal:///(app-pages-browser)/./src/lib/procedures/client-auth.ts:15
[10292248ms] [LOG] [Auth] Utilisateur connecté détecté {userId: cmt3i6d290000qn8stnmxf460, role: admin, email: admin@nexaflow.com} @ webpack-internal:///(app-pages-browser)/./src/lib/procedures/client-auth.ts:15
[10292249ms] [LOG] [Auth] Utilisateur connecté détecté {userId: cmt3i6d290000qn8stnmxf460, role: admin, email: admin@nexaflow.com} @ webpack-internal:///(app-pages-browser)/./src/lib/procedures/client-auth.ts:15
[10322245ms] [LOG] [Auth] Utilisateur connecté détecté {userId: cmt3i6d290000qn8stnmxf460, role: admin, email: admin@nexaflow.com} @ webpack-internal:///(app-pages-browser)/./src/lib/procedures/client-auth.ts:15
[10322246ms] [LOG] [Auth] Utilisateur connecté détecté {userId: cmt3i6d290000qn8stnmxf460, role: admin, email: admin@nexaflow.com} @ webpack-internal:///(app-pages-browser)/./src/lib/procedures/client-auth.ts:15
[10352248ms] [LOG] [Auth] Utilisateur connecté détecté {userId: cmt3i6d290000qn8stnmxf460, role: admin, email: admin@nexaflow.com} @ webpack-internal:///(app-pages-browser)/./src/lib/procedures/client-auth.ts:15
[10352248ms] [LOG] [Auth] Utilisateur connecté détecté {userId: cmt3i6d290000qn8stnmxf460, role: admin, email: admin@nexaflow.com} @ webpack-internal:///(app-pages-browser)/./src/lib/procedures/client-auth.ts:15
[10382244ms] [LOG] [Auth] Utilisateur connecté détecté {userId: cmt3i6d290000qn8stnmxf460, role: admin, email: admin@nexaflow.com} @ webpack-internal:///(app-pages-browser)/./src/lib/procedures/client-auth.ts:15
[10382245ms] [LOG] [Auth] Utilisateur connecté détecté {userId: cmt3i6d290000qn8stnmxf460, role: admin, email: admin@nexaflow.com} @ webpack-internal:///(app-pages-browser)/./src/lib/procedures/client-auth.ts:15
[10412314ms] [LOG] [Auth] Utilisateur connecté détecté {userId: cmt3i6d290000qn8stnmxf460, role: admin, email: admin@nexaflow.com} @ webpack-internal:///(app-pages-browser)/./src/lib/procedures/client-auth.ts:15
[10412315ms] [LOG] [Auth] Utilisateur connecté détecté {userId: cmt3i6d290000qn8stnmxf460, role: admin, email: admin@nexaflow.com} @ webpack-internal:///(app-pages-browser)/./src/lib/procedures/client-auth.ts:15
[10442227ms] [LOG] [Auth] Utilisateur connecté détecté {userId: cmt3i6d290000qn8stnmxf460, role: admin, email: admin@nexaflow.com} @ webpack-internal:///(app-pages-browser)/./src/lib/procedures/client-auth.ts:15
[10442228ms] [LOG] [Auth] Utilisateur connecté détecté {userId: cmt3i6d290000qn8stnmxf460, role: admin, email: admin@nexaflow.com} @ webpack-internal:///(app-pages-browser)/./src/lib/procedures/client-auth.ts:15
[10472223ms] [LOG] [Auth] Utilisateur connecté détecté {userId: cmt3i6d290000qn8stnmxf460, role: admin, email: admin@nexaflow.com} @ webpack-internal:///(app-pages-browser)/./src/lib/procedures/client-auth.ts:15
[10472224ms] [LOG] [Auth] Utilisateur connecté détecté {userId: cmt3i6d290000qn8stnmxf460, role: admin, email: admin@nexaflow.com} @ webpack-internal:///(app-pages-browser)/./src/lib/procedures/client-auth.ts:15
[10502244ms] [LOG] [Auth] Utilisateur connecté détecté {userId: cmt3i6d290000qn8stnmxf460, role: admin, email: admin@nexaflow.com} @ webpack-internal:///(app-pages-browser)/./src/lib/procedures/client-auth.ts:15
[10502245ms] [LOG] [Auth] Utilisateur connecté détecté {userId: cmt3i6d290000qn8stnmxf460, role: admin, email: admin@nexaflow.com} @ webpack-internal:///(app-pages-browser)/./src/lib/procedures/client-auth.ts:15
[10532231ms] [LOG] [Auth] Utilisateur connecté détecté {userId: cmt3i6d290000qn8stnmxf460, role: admin, email: admin@nexaflow.com} @ webpack-internal:///(app-pages-browser)/./src/lib/procedures/client-auth.ts:15
[10532232ms] [LOG] [Auth] Utilisateur connecté détecté {userId: cmt3i6d290000qn8stnmxf460, role: admin, email: admin@nexaflow.com} @ webpack-internal:///(app-pages-browser)/./src/lib/procedures/client-auth.ts:15
[10562220ms] [LOG] [Auth] Utilisateur connecté détecté {userId: cmt3i6d290000qn8stnmxf460, role: admin, email: admin@nexaflow.com} @ webpack-internal:///(app-pages-browser)/./src/lib/procedures/client-auth.ts:15
[10562221ms] [LOG] [Auth] Utilisateur connecté détecté {userId: cmt3i6d290000qn8stnmxf460, role: admin, email: admin@nexaflow.com} @ webpack-internal:///(app-pages-browser)/./src/lib/procedures/client-auth.ts:15
[10592218ms] [LOG] [Auth] Utilisateur connecté détecté {userId: cmt3i6d290000qn8stnmxf460, role: admin, email: admin@nexaflow.com} @ webpack-internal:///(app-pages-browser)/./src/lib/procedures/client-auth.ts:15
[10592219ms] [LOG] [Auth] Utilisateur connecté détecté {userId: cmt3i6d290000qn8stnmxf460, role: admin, email: admin@nexaflow.com} @ webpack-internal:///(app-pages-browser)/./src/lib/procedures/client-auth.ts:15
[10622248ms] [LOG] [Auth] Utilisateur connecté détecté {userId: cmt3i6d290000qn8stnmxf460, role: admin, email: admin@nexaflow.com} @ webpack-internal:///(app-pages-browser)/./src/lib/procedures/client-auth.ts:15
[10622249ms] [LOG] [Auth] Utilisateur connecté détecté {userId: cmt3i6d290000qn8stnmxf460, role: admin, email: admin@nexaflow.com} @ webpack-internal:///(app-pages-browser)/./src/lib/procedures/client-auth.ts:15
[10652244ms] [LOG] [Auth] Utilisateur connecté détecté {userId: cmt3i6d290000qn8stnmxf460, role: admin, email: admin@nexaflow.com} @ webpack-internal:///(app-pages-browser)/./src/lib/procedures/client-auth.ts:15
[10652245ms] [LOG] [Auth] Utilisateur connecté détecté {userId: cmt3i6d290000qn8stnmxf460, role: admin, email: admin@nexaflow.com} @ webpack-internal:///(app-pages-browser)/./src/lib/procedures/client-auth.ts:15
[10682234ms] [LOG] [Auth] Utilisateur connecté détecté {userId: cmt3i6d290000qn8stnmxf460, role: admin, email: admin@nexaflow.com} @ webpack-internal:///(app-pages-browser)/./src/lib/procedures/client-auth.ts:15
[10682235ms] [LOG] [Auth] Utilisateur connecté détecté {userId: cmt3i6d290000qn8stnmxf460, role: admin, email: admin@nexaflow.com} @ webpack-internal:///(app-pages-browser)/./src/lib/procedures/client-auth.ts:15
[10712217ms] [LOG] [Auth] Utilisateur connecté détecté {userId: cmt3i6d290000qn8stnmxf460, role: admin, email: admin@nexaflow.com} @ webpack-internal:///(app-pages-browser)/./src/lib/procedures/client-auth.ts:15
[10712217ms] [LOG] [Auth] Utilisateur connecté détecté {userId: cmt3i6d290000qn8stnmxf460, role: admin, email: admin@nexaflow.com} @ webpack-internal:///(app-pages-browser)/./src/lib/procedures/client-auth.ts:15
[10742308ms] [LOG] [Auth] Utilisateur connecté détecté {userId: cmt3i6d290000qn8stnmxf460, role: admin, email: admin@nexaflow.com} @ webpack-internal:///(app-pages-browser)/./src/lib/procedures/client-auth.ts:15
[10742308ms] [LOG] [Auth] Utilisateur connecté détecté {userId: cmt3i6d290000qn8stnmxf460, role: admin, email: admin@nexaflow.com} @ webpack-internal:///(app-pages-browser)/./src/lib/procedures/client-auth.ts:15
[10772219ms] [LOG] [Auth] Utilisateur connecté détecté {userId: cmt3i6d290000qn8stnmxf460, role: admin, email: admin@nexaflow.com} @ webpack-internal:///(app-pages-browser)/./src/lib/procedures/client-auth.ts:15
[10772219ms] [LOG] [Auth] Utilisateur connecté détecté {userId: cmt3i6d290000qn8stnmxf460, role: admin, email: admin@nexaflow.com} @ webpack-internal:///(app-pages-browser)/./src/lib/procedures/client-auth.ts:15
[10802246ms] [LOG] [Auth] Utilisateur connecté détecté {userId: cmt3i6d290000qn8stnmxf460, role: admin, email: admin@nexaflow.com} @ webpack-internal:///(app-pages-browser)/./src/lib/procedures/client-auth.ts:15
[10802247ms] [LOG] [Auth] Utilisateur connecté détecté {userId: cmt3i6d290000qn8stnmxf460, role: admin, email: admin@nexaflow.com} @ webpack-internal:///(app-pages-browser)/./src/lib/procedures/client-auth.ts:15
[10832223ms] [LOG] [Auth] Utilisateur connecté détecté {userId: cmt3i6d290000qn8stnmxf460, role: admin, email: admin@nexaflow.com} @ webpack-internal:///(app-pages-browser)/./src/lib/procedures/client-auth.ts:15
[10832224ms] [LOG] [Auth] Utilisateur connecté détecté {userId: cmt3i6d290000qn8stnmxf460, role: admin, email: admin@nexaflow.com} @ webpack-internal:///(app-pages-browser)/./src/lib/procedures/client-auth.ts:15
[10862293ms] [LOG] [Auth] Utilisateur connecté détecté {userId: cmt3i6d290000qn8stnmxf460, role: admin, email: admin@nexaflow.com} @ webpack-internal:///(app-pages-browser)/./src/lib/procedures/client-auth.ts:15
[10862293ms] [LOG] [Auth] Utilisateur connecté détecté {userId: cmt3i6d290000qn8stnmxf460, role: admin, email: admin@nexaflow.com} @ webpack-internal:///(app-pages-browser)/./src/lib/procedures/client-auth.ts:15
[10892229ms] [LOG] [Auth] Utilisateur connecté détecté {userId: cmt3i6d290000qn8stnmxf460, role: admin, email: admin@nexaflow.com} @ webpack-internal:///(app-pages-browser)/./src/lib/procedures/client-auth.ts:15
[10892230ms] [LOG] [Auth] Utilisateur connecté détecté {userId: cmt3i6d290000qn8stnmxf460, role: admin, email: admin@nexaflow.com} @ webpack-internal:///(app-pages-browser)/./src/lib/procedures/client-auth.ts:15
[10922229ms] [LOG] [Auth] Utilisateur connecté détecté {userId: cmt3i6d290000qn8stnmxf460, role: admin, email: admin@nexaflow.com} @ webpack-internal:///(app-pages-browser)/./src/lib/procedures/client-auth.ts:15
[10922230ms] [LOG] [Auth] Utilisateur connecté détecté {userId: cmt3i6d290000qn8stnmxf460, role: admin, email: admin@nexaflow.com} @ webpack-internal:///(app-pages-browser)/./src/lib/procedures/client-auth.ts:15
[10952231ms] [LOG] [Auth] Utilisateur connecté détecté {userId: cmt3i6d290000qn8stnmxf460, role: admin, email: admin@nexaflow.com} @ webpack-internal:///(app-pages-browser)/./src/lib/procedures/client-auth.ts:15
[10952231ms] [LOG] [Auth] Utilisateur connecté détecté {userId: cmt3i6d290000qn8stnmxf460, role: admin, email: admin@nexaflow.com} @ webpack-internal:///(app-pages-browser)/./src/lib/procedures/client-auth.ts:15
[10982220ms] [LOG] [Auth] Utilisateur connecté détecté {userId: cmt3i6d290000qn8stnmxf460, role: admin, email: admin@nexaflow.com} @ webpack-internal:///(app-pages-browser)/./src/lib/procedures/client-auth.ts:15
[10982220ms] [LOG] [Auth] Utilisateur connecté détecté {userId: cmt3i6d290000qn8stnmxf460, role: admin, email: admin@nexaflow.com} @ webpack-internal:///(app-pages-browser)/./src/lib/procedures/client-auth.ts:15
[11012224ms] [LOG] [Auth] Utilisateur connecté détecté {userId: cmt3i6d290000qn8stnmxf460, role: admin, email: admin@nexaflow.com} @ webpack-internal:///(app-pages-browser)/./src/lib/procedures/client-auth.ts:15
[11012225ms] [LOG] [Auth] Utilisateur connecté détecté {userId: cmt3i6d290000qn8stnmxf460, role: admin, email: admin@nexaflow.com} @ webpack-internal:///(app-pages-browser)/./src/lib/procedures/client-auth.ts:15
[11042226ms] [LOG] [Auth] Utilisateur connecté détecté {userId: cmt3i6d290000qn8stnmxf460, role: admin, email: admin@nexaflow.com} @ webpack-internal:///(app-pages-browser)/./src/lib/procedures/client-auth.ts:15
[11042227ms] [LOG] [Auth] Utilisateur connecté détecté {userId: cmt3i6d290000qn8stnmxf460, role: admin, email: admin@nexaflow.com} @ webpack-internal:///(app-pages-browser)/./src/lib/procedures/client-auth.ts:15
[11072226ms] [LOG] [Auth] Utilisateur connecté détecté {userId: cmt3i6d290000qn8stnmxf460, role: admin, email: admin@nexaflow.com} @ webpack-internal:///(app-pages-browser)/./src/lib/procedures/client-auth.ts:15
[11072227ms] [LOG] [Auth] Utilisateur connecté détecté {userId: cmt3i6d290000qn8stnmxf460, role: admin, email: admin@nexaflow.com} @ webpack-internal:///(app-pages-browser)/./src/lib/procedures/client-auth.ts:15
[11102218ms] [LOG] [Auth] Utilisateur connecté détecté {userId: cmt3i6d290000qn8stnmxf460, role: admin, email: admin@nexaflow.com} @ webpack-internal:///(app-pages-browser)/./src/lib/procedures/client-auth.ts:15
[11102218ms] [LOG] [Auth] Utilisateur connecté détecté {userId: cmt3i6d290000qn8stnmxf460, role: admin, email: admin@nexaflow.com} @ webpack-internal:///(app-pages-browser)/./src/lib/procedures/client-auth.ts:15
[11132232ms] [LOG] [Auth] Utilisateur connecté détecté {userId: cmt3i6d290000qn8stnmxf460, role: admin, email: admin@nexaflow.com} @ webpack-internal:///(app-pages-browser)/./src/lib/procedures/client-auth.ts:15
[11132232ms] [LOG] [Auth] Utilisateur connecté détecté {userId: cmt3i6d290000qn8stnmxf460, role: admin, email: admin@nexaflow.com} @ webpack-internal:///(app-pages-browser)/./src/lib/procedures/client-auth.ts:15
[11162230ms] [LOG] [Auth] Utilisateur connecté détecté {userId: cmt3i6d290000qn8stnmxf460, role: admin, email: admin@nexaflow.com} @ webpack-internal:///(app-pages-browser)/./src/lib/procedures/client-auth.ts:15
[11162231ms] [LOG] [Auth] Utilisateur connecté détecté {userId: cmt3i6d290000qn8stnmxf460, role: admin, email: admin@nexaflow.com} @ webpack-internal:///(app-pages-browser)/./src/lib/procedures/client-auth.ts:15
[11192219ms] [LOG] [Auth] Utilisateur connecté détecté {userId: cmt3i6d290000qn8stnmxf460, role: admin, email: admin@nexaflow.com} @ webpack-internal:///(app-pages-browser)/./src/lib/procedures/client-auth.ts:15
[11192220ms] [LOG] [Auth] Utilisateur connecté détecté {userId: cmt3i6d290000qn8stnmxf460, role: admin, email: admin@nexaflow.com} @ webpack-internal:///(app-pages-browser)/./src/lib/procedures/client-auth.ts:15
[11222230ms] [LOG] [Auth] Utilisateur connecté détecté {userId: cmt3i6d290000qn8stnmxf460, role: admin, email: admin@nexaflow.com} @ webpack-internal:///(app-pages-browser)/./src/lib/procedures/client-auth.ts:15
[11222231ms] [LOG] [Auth] Utilisateur connecté détecté {userId: cmt3i6d290000qn8stnmxf460, role: admin, email: admin@nexaflow.com} @ webpack-internal:///(app-pages-browser)/./src/lib/procedures/client-auth.ts:15
[11252290ms] [LOG] [Auth] Utilisateur connecté détecté {userId: cmt3i6d290000qn8stnmxf460, role: admin, email: admin@nexaflow.com} @ webpack-internal:///(app-pages-browser)/./src/lib/procedures/client-auth.ts:15
[11252291ms] [LOG] [Auth] Utilisateur connecté détecté {userId: cmt3i6d290000qn8stnmxf460, role: admin, email: admin@nexaflow.com} @ webpack-internal:///(app-pages-browser)/./src/lib/procedures/client-auth.ts:15
[11282224ms] [LOG] [Auth] Utilisateur connecté détecté {userId: cmt3i6d290000qn8stnmxf460, role: admin, email: admin@nexaflow.com} @ webpack-internal:///(app-pages-browser)/./src/lib/procedures/client-auth.ts:15
[11282225ms] [LOG] [Auth] Utilisateur connecté détecté {userId: cmt3i6d290000qn8stnmxf460, role: admin, email: admin@nexaflow.com} @ webpack-internal:///(app-pages-browser)/./src/lib/procedures/client-auth.ts:15
[11312244ms] [LOG] [Auth] Utilisateur connecté détecté {userId: cmt3i6d290000qn8stnmxf460, role: admin, email: admin@nexaflow.com} @ webpack-internal:///(app-pages-browser)/./src/lib/procedures/client-auth.ts:15
[11312245ms] [LOG] [Auth] Utilisateur connecté détecté {userId: cmt3i6d290000qn8stnmxf460, role: admin, email: admin@nexaflow.com} @ webpack-internal:///(app-pages-browser)/./src/lib/procedures/client-auth.ts:15
[11342231ms] [LOG] [Auth] Utilisateur connecté détecté {userId: cmt3i6d290000qn8stnmxf460, role: admin, email: admin@nexaflow.com} @ webpack-internal:///(app-pages-browser)/./src/lib/procedures/client-auth.ts:15
[11342231ms] [LOG] [Auth] Utilisateur connecté détecté {userId: cmt3i6d290000qn8stnmxf460, role: admin, email: admin@nexaflow.com} @ webpack-internal:///(app-pages-browser)/./src/lib/procedures/client-auth.ts:15
[11372296ms] [LOG] [Auth] Utilisateur connecté détecté {userId: cmt3i6d290000qn8stnmxf460, role: admin, email: admin@nexaflow.com} @ webpack-internal:///(app-pages-browser)/./src/lib/procedures/client-auth.ts:15
[11372296ms] [LOG] [Auth] Utilisateur connecté détecté {userId: cmt3i6d290000qn8stnmxf460, role: admin, email: admin@nexaflow.com} @ webpack-internal:///(app-pages-browser)/./src/lib/procedures/client-auth.ts:15
[11402230ms] [LOG] [Auth] Utilisateur connecté détecté {userId: cmt3i6d290000qn8stnmxf460, role: admin, email: admin@nexaflow.com} @ webpack-internal:///(app-pages-browser)/./src/lib/procedures/client-auth.ts:15
[11402231ms] [LOG] [Auth] Utilisateur connecté détecté {userId: cmt3i6d290000qn8stnmxf460, role: admin, email: admin@nexaflow.com} @ webpack-internal:///(app-pages-browser)/./src/lib/procedures/client-auth.ts:15
[11432232ms] [LOG] [Auth] Utilisateur connecté détecté {userId: cmt3i6d290000qn8stnmxf460, role: admin, email: admin@nexaflow.com} @ webpack-internal:///(app-pages-browser)/./src/lib/procedures/client-auth.ts:15
[11432232ms] [LOG] [Auth] Utilisateur connecté détecté {userId: cmt3i6d290000qn8stnmxf460, role: admin, email: admin@nexaflow.com} @ webpack-internal:///(app-pages-browser)/./src/lib/procedures/client-auth.ts:15
[11462219ms] [LOG] [Auth] Utilisateur connecté détecté {userId: cmt3i6d290000qn8stnmxf460, role: admin, email: admin@nexaflow.com} @ webpack-internal:///(app-pages-browser)/./src/lib/procedures/client-auth.ts:15
[11462219ms] [LOG] [Auth] Utilisateur connecté détecté {userId: cmt3i6d290000qn8stnmxf460, role: admin, email: admin@nexaflow.com} @ webpack-internal:///(app-pages-browser)/./src/lib/procedures/client-auth.ts:15
[11492231ms] [LOG] [Auth] Utilisateur connecté détecté {userId: cmt3i6d290000qn8stnmxf460, role: admin, email: admin@nexaflow.com} @ webpack-internal:///(app-pages-browser)/./src/lib/procedures/client-auth.ts:15
[11492232ms] [LOG] [Auth] Utilisateur connecté détecté {userId: cmt3i6d290000qn8stnmxf460, role: admin, email: admin@nexaflow.com} @ webpack-internal:///(app-pages-browser)/./src/lib/procedures/client-auth.ts:15
[11522232ms] [LOG] [Auth] Utilisateur connecté détecté {userId: cmt3i6d290000qn8stnmxf460, role: admin, email: admin@nexaflow.com} @ webpack-internal:///(app-pages-browser)/./src/lib/procedures/client-auth.ts:15
[11522233ms] [LOG] [Auth] Utilisateur connecté détecté {userId: cmt3i6d290000qn8stnmxf460, role: admin, email: admin@nexaflow.com} @ webpack-internal:///(app-pages-browser)/./src/lib/procedures/client-auth.ts:15
[11552224ms] [LOG] [Auth] Utilisateur connecté détecté {userId: cmt3i6d290000qn8stnmxf460, role: admin, email: admin@nexaflow.com} @ webpack-internal:///(app-pages-browser)/./src/lib/procedures/client-auth.ts:15
[11552224ms] [LOG] [Auth] Utilisateur connecté détecté {userId: cmt3i6d290000qn8stnmxf460, role: admin, email: admin@nexaflow.com} @ webpack-internal:///(app-pages-browser)/./src/lib/procedures/client-auth.ts:15
[11582227ms] [LOG] [Auth] Utilisateur connecté détecté {userId: cmt3i6d290000qn8stnmxf460, role: admin, email: admin@nexaflow.com} @ webpack-internal:///(app-pages-browser)/./src/lib/procedures/client-auth.ts:15
[11582228ms] [LOG] [Auth] Utilisateur connecté détecté {userId: cmt3i6d290000qn8stnmxf460, role: admin, email: admin@nexaflow.com} @ webpack-internal:///(app-pages-browser)/./src/lib/procedures/client-auth.ts:15
[11612224ms] [LOG] [Auth] Utilisateur connecté détecté {userId: cmt3i6d290000qn8stnmxf460, role: admin, email: admin@nexaflow.com} @ webpack-internal:///(app-pages-browser)/./src/lib/procedures/client-auth.ts:15
[11612224ms] [LOG] [Auth] Utilisateur connecté détecté {userId: cmt3i6d290000qn8stnmxf460, role: admin, email: admin@nexaflow.com} @ webpack-internal:///(app-pages-browser)/./src/lib/procedures/client-auth.ts:15
[11642222ms] [LOG] [Auth] Utilisateur connecté détecté {userId: cmt3i6d290000qn8stnmxf460, role: admin, email: admin@nexaflow.com} @ webpack-internal:///(app-pages-browser)/./src/lib/procedures/client-auth.ts:15
[11642222ms] [LOG] [Auth] Utilisateur connecté détecté {userId: cmt3i6d290000qn8stnmxf460, role: admin, email: admin@nexaflow.com} @ webpack-internal:///(app-pages-browser)/./src/lib/procedures/client-auth.ts:15
[11672226ms] [LOG] [Auth] Utilisateur connecté détecté {userId: cmt3i6d290000qn8stnmxf460, role: admin, email: admin@nexaflow.com} @ webpack-internal:///(app-pages-browser)/./src/lib/procedures/client-auth.ts:15
[11672226ms] [LOG] [Auth] Utilisateur connecté détecté {userId: cmt3i6d290000qn8stnmxf460, role: admin, email: admin@nexaflow.com} @ webpack-internal:///(app-pages-browser)/./src/lib/procedures/client-auth.ts:15
[11702301ms] [LOG] [Auth] Utilisateur connecté détecté {userId: cmt3i6d290000qn8stnmxf460, role: admin, email: admin@nexaflow.com} @ webpack-internal:///(app-pages-browser)/./src/lib/procedures/client-auth.ts:15
[11702301ms] [LOG] [Auth] Utilisateur connecté détecté {userId: cmt3i6d290000qn8stnmxf460, role: admin, email: admin@nexaflow.com} @ webpack-internal:///(app-pages-browser)/./src/lib/procedures/client-auth.ts:15
[11732227ms] [LOG] [Auth] Utilisateur connecté détecté {userId: cmt3i6d290000qn8stnmxf460, role: admin, email: admin@nexaflow.com} @ webpack-internal:///(app-pages-browser)/./src/lib/procedures/client-auth.ts:15
[11732227ms] [LOG] [Auth] Utilisateur connecté détecté {userId: cmt3i6d290000qn8stnmxf460, role: admin, email: admin@nexaflow.com} @ webpack-internal:///(app-pages-browser)/./src/lib/procedures/client-auth.ts:15
[11762248ms] [LOG] [Auth] Utilisateur connecté détecté {userId: cmt3i6d290000qn8stnmxf460, role: admin, email: admin@nexaflow.com} @ webpack-internal:///(app-pages-browser)/./src/lib/procedures/client-auth.ts:15
[11762248ms] [LOG] [Auth] Utilisateur connecté détecté {userId: cmt3i6d290000qn8stnmxf460, role: admin, email: admin@nexaflow.com} @ webpack-internal:///(app-pages-browser)/./src/lib/procedures/client-auth.ts:15
[11792222ms] [LOG] [Auth] Utilisateur connecté détecté {userId: cmt3i6d290000qn8stnmxf460, role: admin, email: admin@nexaflow.com} @ webpack-internal:///(app-pages-browser)/./src/lib/procedures/client-auth.ts:15
[11792222ms] [LOG] [Auth] Utilisateur connecté détecté {userId: cmt3i6d290000qn8stnmxf460, role: admin, email: admin@nexaflow.com} @ webpack-internal:///(app-pages-browser)/./src/lib/procedures/client-auth.ts:15
[11822221ms] [LOG] [Auth] Utilisateur connecté détecté {userId: cmt3i6d290000qn8stnmxf460, role: admin, email: admin@nexaflow.com} @ webpack-internal:///(app-pages-browser)/./src/lib/procedures/client-auth.ts:15
[11822222ms] [LOG] [Auth] Utilisateur connecté détecté {userId: cmt3i6d290000qn8stnmxf460, role: admin, email: admin@nexaflow.com} @ webpack-internal:///(app-pages-browser)/./src/lib/procedures/client-auth.ts:15
[11852235ms] [LOG] [Auth] Utilisateur connecté détecté {userId: cmt3i6d290000qn8stnmxf460, role: admin, email: admin@nexaflow.com} @ webpack-internal:///(app-pages-browser)/./src/lib/procedures/client-auth.ts:15
[11852235ms] [LOG] [Auth] Utilisateur connecté détecté {userId: cmt3i6d290000qn8stnmxf460, role: admin, email: admin@nexaflow.com} @ webpack-internal:///(app-pages-browser)/./src/lib/procedures/client-auth.ts:15
[11882225ms] [LOG] [Auth] Utilisateur connecté détecté {userId: cmt3i6d290000qn8stnmxf460, role: admin, email: admin@nexaflow.com} @ webpack-internal:///(app-pages-browser)/./src/lib/procedures/client-auth.ts:15
[11882225ms] [LOG] [Auth] Utilisateur connecté détecté {userId: cmt3i6d290000qn8stnmxf460, role: admin, email: admin@nexaflow.com} @ webpack-internal:///(app-pages-browser)/./src/lib/procedures/client-auth.ts:15
[11912210ms] [LOG] [Auth] Utilisateur connecté détecté {userId: cmt3i6d290000qn8stnmxf460, role: admin, email: admin@nexaflow.com} @ webpack-internal:///(app-pages-browser)/./src/lib/procedures/client-auth.ts:15
[11912211ms] [LOG] [Auth] Utilisateur connecté détecté {userId: cmt3i6d290000qn8stnmxf460, role: admin, email: admin@nexaflow.com} @ webpack-internal:///(app-pages-browser)/./src/lib/procedures/client-auth.ts:15
[11942199ms] [LOG] [Auth] Utilisateur connecté détecté {userId: cmt3i6d290000qn8stnmxf460, role: admin, email: admin@nexaflow.com} @ webpack-internal:///(app-pages-browser)/./src/lib/procedures/client-auth.ts:15
[11942199ms] [LOG] [Auth] Utilisateur connecté détecté {userId: cmt3i6d290000qn8stnmxf460, role: admin, email: admin@nexaflow.com} @ webpack-internal:///(app-pages-browser)/./src/lib/procedures/client-auth.ts:15
[11972220ms] [LOG] [Auth] Utilisateur connecté détecté {userId: cmt3i6d290000qn8stnmxf460, role: admin, email: admin@nexaflow.com} @ webpack-internal:///(app-pages-browser)/./src/lib/procedures/client-auth.ts:15
[11972220ms] [LOG] [Auth] Utilisateur connecté détecté {userId: cmt3i6d290000qn8stnmxf460, role: admin, email: admin@nexaflow.com} @ webpack-internal:///(app-pages-browser)/./src/lib/procedures/client-auth.ts:15
[12002232ms] [LOG] [Auth] Utilisateur connecté détecté {userId: cmt3i6d290000qn8stnmxf460, role: admin, email: admin@nexaflow.com} @ webpack-internal:///(app-pages-browser)/./src/lib/procedures/client-auth.ts:15
[12002232ms] [LOG] [Auth] Utilisateur connecté détecté {userId: cmt3i6d290000qn8stnmxf460, role: admin, email: admin@nexaflow.com} @ webpack-internal:///(app-pages-browser)/./src/lib/procedures/client-auth.ts:15
[12032224ms] [LOG] [Auth] Utilisateur connecté détecté {userId: cmt3i6d290000qn8stnmxf460, role: admin, email: admin@nexaflow.com} @ webpack-internal:///(app-pages-browser)/./src/lib/procedures/client-auth.ts:15
[12032224ms] [LOG] [Auth] Utilisateur connecté détecté {userId: cmt3i6d290000qn8stnmxf460, role: admin, email: admin@nexaflow.com} @ webpack-internal:///(app-pages-browser)/./src/lib/procedures/client-auth.ts:15
[12062211ms] [LOG] [Auth] Utilisateur connecté détecté {userId: cmt3i6d290000qn8stnmxf460, role: admin, email: admin@nexaflow.com} @ webpack-internal:///(app-pages-browser)/./src/lib/procedures/client-auth.ts:15
[12062212ms] [LOG] [Auth] Utilisateur connecté détecté {userId: cmt3i6d290000qn8stnmxf460, role: admin, email: admin@nexaflow.com} @ webpack-internal:///(app-pages-browser)/./src/lib/procedures/client-auth.ts:15
[12092224ms] [LOG] [Auth] Utilisateur connecté détecté {userId: cmt3i6d290000qn8stnmxf460, role: admin, email: admin@nexaflow.com} @ webpack-internal:///(app-pages-browser)/./src/lib/procedures/client-auth.ts:15
[12092226ms] [LOG] [Auth] Utilisateur connecté détecté {userId: cmt3i6d290000qn8stnmxf460, role: admin, email: admin@nexaflow.com} @ webpack-internal:///(app-pages-browser)/./src/lib/procedures/client-auth.ts:15
[12122235ms] [LOG] [Auth] Utilisateur connecté détecté {userId: cmt3i6d290000qn8stnmxf460, role: admin, email: admin@nexaflow.com} @ webpack-internal:///(app-pages-browser)/./src/lib/procedures/client-auth.ts:15
[12122235ms] [LOG] [Auth] Utilisateur connecté détecté {userId: cmt3i6d290000qn8stnmxf460, role: admin, email: admin@nexaflow.com} @ webpack-internal:///(app-pages-browser)/./src/lib/procedures/client-auth.ts:15
[12152224ms] [LOG] [Auth] Utilisateur connecté détecté {userId: cmt3i6d290000qn8stnmxf460, role: admin, email: admin@nexaflow.com} @ webpack-internal:///(app-pages-browser)/./src/lib/procedures/client-auth.ts:15
[12152225ms] [LOG] [Auth] Utilisateur connecté détecté {userId: cmt3i6d290000qn8stnmxf460, role: admin, email: admin@nexaflow.com} @ webpack-internal:///(app-pages-browser)/./src/lib/procedures/client-auth.ts:15
[12182223ms] [LOG] [Auth] Utilisateur connecté détecté {userId: cmt3i6d290000qn8stnmxf460, role: admin, email: admin@nexaflow.com} @ webpack-internal:///(app-pages-browser)/./src/lib/procedures/client-auth.ts:15
[12182224ms] [LOG] [Auth] Utilisateur connecté détecté {userId: cmt3i6d290000qn8stnmxf460, role: admin, email: admin@nexaflow.com} @ webpack-internal:///(app-pages-browser)/./src/lib/procedures/client-auth.ts:15
[12212231ms] [LOG] [Auth] Utilisateur connecté détecté {userId: cmt3i6d290000qn8stnmxf460, role: admin, email: admin@nexaflow.com} @ webpack-internal:///(app-pages-browser)/./src/lib/procedures/client-auth.ts:15
[12212232ms] [LOG] [Auth] Utilisateur connecté détecté {userId: cmt3i6d290000qn8stnmxf460, role: admin, email: admin@nexaflow.com} @ webpack-internal:///(app-pages-browser)/./src/lib/procedures/client-auth.ts:15
[12242243ms] [LOG] [Auth] Utilisateur connecté détecté {userId: cmt3i6d290000qn8stnmxf460, role: admin, email: admin@nexaflow.com} @ webpack-internal:///(app-pages-browser)/./src/lib/procedures/client-auth.ts:15
[12242243ms] [LOG] [Auth] Utilisateur connecté détecté {userId: cmt3i6d290000qn8stnmxf460, role: admin, email: admin@nexaflow.com} @ webpack-internal:///(app-pages-browser)/./src/lib/procedures/client-auth.ts:15
[12272222ms] [LOG] [Auth] Utilisateur connecté détecté {userId: cmt3i6d290000qn8stnmxf460, role: admin, email: admin@nexaflow.com} @ webpack-internal:///(app-pages-browser)/./src/lib/procedures/client-auth.ts:15
[12272223ms] [LOG] [Auth] Utilisateur connecté détecté {userId: cmt3i6d290000qn8stnmxf460, role: admin, email: admin@nexaflow.com} @ webpack-internal:///(app-pages-browser)/./src/lib/procedures/client-auth.ts:15
[12302236ms] [LOG] [Auth] Utilisateur connecté détecté {userId: cmt3i6d290000qn8stnmxf460, role: admin, email: admin@nexaflow.com} @ webpack-internal:///(app-pages-browser)/./src/lib/procedures/client-auth.ts:15
[12302236ms] [LOG] [Auth] Utilisateur connecté détecté {userId: cmt3i6d290000qn8stnmxf460, role: admin, email: admin@nexaflow.com} @ webpack-internal:///(app-pages-browser)/./src/lib/procedures/client-auth.ts:15
[12332408ms] [LOG] [Auth] Utilisateur connecté détecté {userId: cmt3i6d290000qn8stnmxf460, role: admin, email: admin@nexaflow.com} @ webpack-internal:///(app-pages-browser)/./src/lib/procedures/client-auth.ts:15
[12332408ms] [LOG] [Auth] Utilisateur connecté détecté {userId: cmt3i6d290000qn8stnmxf460, role: admin, email: admin@nexaflow.com} @ webpack-internal:///(app-pages-browser)/./src/lib/procedures/client-auth.ts:15
[12362229ms] [LOG] [Auth] Utilisateur connecté détecté {userId: cmt3i6d290000qn8stnmxf460, role: admin, email: admin@nexaflow.com} @ webpack-internal:///(app-pages-browser)/./src/lib/procedures/client-auth.ts:15
[12362230ms] [LOG] [Auth] Utilisateur connecté détecté {userId: cmt3i6d290000qn8stnmxf460, role: admin, email: admin@nexaflow.com} @ webpack-internal:///(app-pages-browser)/./src/lib/procedures/client-auth.ts:15
[12392234ms] [LOG] [Auth] Utilisateur connecté détecté {userId: cmt3i6d290000qn8stnmxf460, role: admin, email: admin@nexaflow.com} @ webpack-internal:///(app-pages-browser)/./src/lib/procedures/client-auth.ts:15
[12392235ms] [LOG] [Auth] Utilisateur connecté détecté {userId: cmt3i6d290000qn8stnmxf460, role: admin, email: admin@nexaflow.com} @ webpack-internal:///(app-pages-browser)/./src/lib/procedures/client-auth.ts:15
[12422232ms] [LOG] [Auth] Utilisateur connecté détecté {userId: cmt3i6d290000qn8stnmxf460, role: admin, email: admin@nexaflow.com} @ webpack-internal:///(app-pages-browser)/./src/lib/procedures/client-auth.ts:15
[12422233ms] [LOG] [Auth] Utilisateur connecté détecté {userId: cmt3i6d290000qn8stnmxf460, role: admin, email: admin@nexaflow.com} @ webpack-internal:///(app-pages-browser)/./src/lib/procedures/client-auth.ts:15
[12452231ms] [LOG] [Auth] Utilisateur connecté détecté {userId: cmt3i6d290000qn8stnmxf460, role: admin, email: admin@nexaflow.com} @ webpack-internal:///(app-pages-browser)/./src/lib/procedures/client-auth.ts:15
[12452232ms] [LOG] [Auth] Utilisateur connecté détecté {userId: cmt3i6d290000qn8stnmxf460, role: admin, email: admin@nexaflow.com} @ webpack-internal:///(app-pages-browser)/./src/lib/procedures/client-auth.ts:15
[12482224ms] [LOG] [Auth] Utilisateur connecté détecté {userId: cmt3i6d290000qn8stnmxf460, role: admin, email: admin@nexaflow.com} @ webpack-internal:///(app-pages-browser)/./src/lib/procedures/client-auth.ts:15
[12482226ms] [LOG] [Auth] Utilisateur connecté détecté {userId: cmt3i6d290000qn8stnmxf460, role: admin, email: admin@nexaflow.com} @ webpack-internal:///(app-pages-browser)/./src/lib/procedures/client-auth.ts:15
[12512223ms] [LOG] [Auth] Utilisateur connecté détecté {userId: cmt3i6d290000qn8stnmxf460, role: admin, email: admin@nexaflow.com} @ webpack-internal:///(app-pages-browser)/./src/lib/procedures/client-auth.ts:15
[12512226ms] [LOG] [Auth] Utilisateur connecté détecté {userId: cmt3i6d290000qn8stnmxf460, role: admin, email: admin@nexaflow.com} @ webpack-internal:///(app-pages-browser)/./src/lib/procedures/client-auth.ts:15
[12542231ms] [LOG] [Auth] Utilisateur connecté détecté {userId: cmt3i6d290000qn8stnmxf460, role: admin, email: admin@nexaflow.com} @ webpack-internal:///(app-pages-browser)/./src/lib/procedures/client-auth.ts:15
[12542232ms] [LOG] [Auth] Utilisateur connecté détecté {userId: cmt3i6d290000qn8stnmxf460, role: admin, email: admin@nexaflow.com} @ webpack-internal:///(app-pages-browser)/./src/lib/procedures/client-auth.ts:15
[12572245ms] [LOG] [Auth] Utilisateur connecté détecté {userId: cmt3i6d290000qn8stnmxf460, role: admin, email: admin@nexaflow.com} @ webpack-internal:///(app-pages-browser)/./src/lib/procedures/client-auth.ts:15
[12572245ms] [LOG] [Auth] Utilisateur connecté détecté {userId: cmt3i6d290000qn8stnmxf460, role: admin, email: admin@nexaflow.com} @ webpack-internal:///(app-pages-browser)/./src/lib/procedures/client-auth.ts:15
[12602254ms] [LOG] [Auth] Utilisateur connecté détecté {userId: cmt3i6d290000qn8stnmxf460, role: admin, email: admin@nexaflow.com} @ webpack-internal:///(app-pages-browser)/./src/lib/procedures/client-auth.ts:15
[12602256ms] [LOG] [Auth] Utilisateur connecté détecté {userId: cmt3i6d290000qn8stnmxf460, role: admin, email: admin@nexaflow.com} @ webpack-internal:///(app-pages-browser)/./src/lib/procedures/client-auth.ts:15
[12632217ms] [LOG] [Auth] Utilisateur connecté détecté {userId: cmt3i6d290000qn8stnmxf460, role: admin, email: admin@nexaflow.com} @ webpack-internal:///(app-pages-browser)/./src/lib/procedures/client-auth.ts:15
[12632218ms] [LOG] [Auth] Utilisateur connecté détecté {userId: cmt3i6d290000qn8stnmxf460, role: admin, email: admin@nexaflow.com} @ webpack-internal:///(app-pages-browser)/./src/lib/procedures/client-auth.ts:15
[12662340ms] [LOG] [Auth] Utilisateur connecté détecté {userId: cmt3i6d290000qn8stnmxf460, role: admin, email: admin@nexaflow.com} @ webpack-internal:///(app-pages-browser)/./src/lib/procedures/client-auth.ts:15
[12662340ms] [LOG] [Auth] Utilisateur connecté détecté {userId: cmt3i6d290000qn8stnmxf460, role: admin, email: admin@nexaflow.com} @ webpack-internal:///(app-pages-browser)/./src/lib/procedures/client-auth.ts:15
[12692228ms] [LOG] [Auth] Utilisateur connecté détecté {userId: cmt3i6d290000qn8stnmxf460, role: admin, email: admin@nexaflow.com} @ webpack-internal:///(app-pages-browser)/./src/lib/procedures/client-auth.ts:15
[12692229ms] [LOG] [Auth] Utilisateur connecté détecté {userId: cmt3i6d290000qn8stnmxf460, role: admin, email: admin@nexaflow.com} @ webpack-internal:///(app-pages-browser)/./src/lib/procedures/client-auth.ts:15
[12722240ms] [LOG] [Auth] Utilisateur connecté détecté {userId: cmt3i6d290000qn8stnmxf460, role: admin, email: admin@nexaflow.com} @ webpack-internal:///(app-pages-browser)/./src/lib/procedures/client-auth.ts:15
[12722240ms] [LOG] [Auth] Utilisateur connecté détecté {userId: cmt3i6d290000qn8stnmxf460, role: admin, email: admin@nexaflow.com} @ webpack-internal:///(app-pages-browser)/./src/lib/procedures/client-auth.ts:15
[12752228ms] [LOG] [Auth] Utilisateur connecté détecté {userId: cmt3i6d290000qn8stnmxf460, role: admin, email: admin@nexaflow.com} @ webpack-internal:///(app-pages-browser)/./src/lib/procedures/client-auth.ts:15
[12752229ms] [LOG] [Auth] Utilisateur connecté détecté {userId: cmt3i6d290000qn8stnmxf460, role: admin, email: admin@nexaflow.com} @ webpack-internal:///(app-pages-browser)/./src/lib/procedures/client-auth.ts:15
[12782237ms] [LOG] [Auth] Utilisateur connecté détecté {userId: cmt3i6d290000qn8stnmxf460, role: admin, email: admin@nexaflow.com} @ webpack-internal:///(app-pages-browser)/./src/lib/procedures/client-auth.ts:15
[12782237ms] [LOG] [Auth] Utilisateur connecté détecté {userId: cmt3i6d290000qn8stnmxf460, role: admin, email: admin@nexaflow.com} @ webpack-internal:///(app-pages-browser)/./src/lib/procedures/client-auth.ts:15
[12812218ms] [LOG] [Auth] Utilisateur connecté détecté {userId: cmt3i6d290000qn8stnmxf460, role: admin, email: admin@nexaflow.com} @ webpack-internal:///(app-pages-browser)/./src/lib/procedures/client-auth.ts:15
[12812221ms] [LOG] [Auth] Utilisateur connecté détecté {userId: cmt3i6d290000qn8stnmxf460, role: admin, email: admin@nexaflow.com} @ webpack-internal:///(app-pages-browser)/./src/lib/procedures/client-auth.ts:15
[12842246ms] [LOG] [Auth] Utilisateur connecté détecté {userId: cmt3i6d290000qn8stnmxf460, role: admin, email: admin@nexaflow.com} @ webpack-internal:///(app-pages-browser)/./src/lib/procedures/client-auth.ts:15
[12842246ms] [LOG] [Auth] Utilisateur connecté détecté {userId: cmt3i6d290000qn8stnmxf460, role: admin, email: admin@nexaflow.com} @ webpack-internal:///(app-pages-browser)/./src/lib/procedures/client-auth.ts:15
[12872216ms] [LOG] [Auth] Utilisateur connecté détecté {userId: cmt3i6d290000qn8stnmxf460, role: admin, email: admin@nexaflow.com} @ webpack-internal:///(app-pages-browser)/./src/lib/procedures/client-auth.ts:15
[12872216ms] [LOG] [Auth] Utilisateur connecté détecté {userId: cmt3i6d290000qn8stnmxf460, role: admin, email: admin@nexaflow.com} @ webpack-internal:///(app-pages-browser)/./src/lib/procedures/client-auth.ts:15
[12902234ms] [LOG] [Auth] Utilisateur connecté détecté {userId: cmt3i6d290000qn8stnmxf460, role: admin, email: admin@nexaflow.com} @ webpack-internal:///(app-pages-browser)/./src/lib/procedures/client-auth.ts:15
[12902235ms] [LOG] [Auth] Utilisateur connecté détecté {userId: cmt3i6d290000qn8stnmxf460, role: admin, email: admin@nexaflow.com} @ webpack-internal:///(app-pages-browser)/./src/lib/procedures/client-auth.ts:15
[12932214ms] [LOG] [Auth] Utilisateur connecté détecté {userId: cmt3i6d290000qn8stnmxf460, role: admin, email: admin@nexaflow.com} @ webpack-internal:///(app-pages-browser)/./src/lib/procedures/client-auth.ts:15
[12932214ms] [LOG] [Auth] Utilisateur connecté détecté {userId: cmt3i6d290000qn8stnmxf460, role: admin, email: admin@nexaflow.com} @ webpack-internal:///(app-pages-browser)/./src/lib/procedures/client-auth.ts:15
[12962235ms] [LOG] [Auth] Utilisateur connecté détecté {userId: cmt3i6d290000qn8stnmxf460, role: admin, email: admin@nexaflow.com} @ webpack-internal:///(app-pages-browser)/./src/lib/procedures/client-auth.ts:15
[12962236ms] [LOG] [Auth] Utilisateur connecté détecté {userId: cmt3i6d290000qn8stnmxf460, role: admin, email: admin@nexaflow.com} @ webpack-internal:///(app-pages-browser)/./src/lib/procedures/client-auth.ts:15
[12992232ms] [LOG] [Auth] Utilisateur connecté détecté {userId: cmt3i6d290000qn8stnmxf460, role: admin, email: admin@nexaflow.com} @ webpack-internal:///(app-pages-browser)/./src/lib/procedures/client-auth.ts:15
[12992233ms] [LOG] [Auth] Utilisateur connecté détecté {userId: cmt3i6d290000qn8stnmxf460, role: admin, email: admin@nexaflow.com} @ webpack-internal:///(app-pages-browser)/./src/lib/procedures/client-auth.ts:15
[13022228ms] [LOG] [Auth] Utilisateur connecté détecté {userId: cmt3i6d290000qn8stnmxf460, role: admin, email: admin@nexaflow.com} @ webpack-internal:///(app-pages-browser)/./src/lib/procedures/client-auth.ts:15
[13022229ms] [LOG] [Auth] Utilisateur connecté détecté {userId: cmt3i6d290000qn8stnmxf460, role: admin, email: admin@nexaflow.com} @ webpack-internal:///(app-pages-browser)/./src/lib/procedures/client-auth.ts:15
[13052235ms] [LOG] [Auth] Utilisateur connecté détecté {userId: cmt3i6d290000qn8stnmxf460, role: admin, email: admin@nexaflow.com} @ webpack-internal:///(app-pages-browser)/./src/lib/procedures/client-auth.ts:15
[13052235ms] [LOG] [Auth] Utilisateur connecté détecté {userId: cmt3i6d290000qn8stnmxf460, role: admin, email: admin@nexaflow.com} @ webpack-internal:///(app-pages-browser)/./src/lib/procedures/client-auth.ts:15
[13082282ms] [LOG] [Auth] Utilisateur connecté détecté {userId: cmt3i6d290000qn8stnmxf460, role: admin, email: admin@nexaflow.com} @ webpack-internal:///(app-pages-browser)/./src/lib/procedures/client-auth.ts:15
[13082283ms] [LOG] [Auth] Utilisateur connecté détecté {userId: cmt3i6d290000qn8stnmxf460, role: admin, email: admin@nexaflow.com} @ webpack-internal:///(app-pages-browser)/./src/lib/procedures/client-auth.ts:15
[13112203ms] [LOG] [Auth] Utilisateur connecté détecté {userId: cmt3i6d290000qn8stnmxf460, role: admin, email: admin@nexaflow.com} @ webpack-internal:///(app-pages-browser)/./src/lib/procedures/client-auth.ts:15
[13112203ms] [LOG] [Auth] Utilisateur connecté détecté {userId: cmt3i6d290000qn8stnmxf460, role: admin, email: admin@nexaflow.com} @ webpack-internal:///(app-pages-browser)/./src/lib/procedures/client-auth.ts:15
[13142243ms] [LOG] [Auth] Utilisateur connecté détecté {userId: cmt3i6d290000qn8stnmxf460, role: admin, email: admin@nexaflow.com} @ webpack-internal:///(app-pages-browser)/./src/lib/procedures/client-auth.ts:15
[13142244ms] [LOG] [Auth] Utilisateur connecté détecté {userId: cmt3i6d290000qn8stnmxf460, role: admin, email: admin@nexaflow.com} @ webpack-internal:///(app-pages-browser)/./src/lib/procedures/client-auth.ts:15
[13172244ms] [LOG] [Auth] Utilisateur connecté détecté {userId: cmt3i6d290000qn8stnmxf460, role: admin, email: admin@nexaflow.com} @ webpack-internal:///(app-pages-browser)/./src/lib/procedures/client-auth.ts:15
[13172245ms] [LOG] [Auth] Utilisateur connecté détecté {userId: cmt3i6d290000qn8stnmxf460, role: admin, email: admin@nexaflow.com} @ webpack-internal:///(app-pages-browser)/./src/lib/procedures/client-auth.ts:15
[13202230ms] [LOG] [Auth] Utilisateur connecté détecté {userId: cmt3i6d290000qn8stnmxf460, role: admin, email: admin@nexaflow.com} @ webpack-internal:///(app-pages-browser)/./src/lib/procedures/client-auth.ts:15
[13202231ms] [LOG] [Auth] Utilisateur connecté détecté {userId: cmt3i6d290000qn8stnmxf460, role: admin, email: admin@nexaflow.com} @ webpack-internal:///(app-pages-browser)/./src/lib/procedures/client-auth.ts:15
[13232216ms] [LOG] [Auth] Utilisateur connecté détecté {userId: cmt3i6d290000qn8stnmxf460, role: admin, email: admin@nexaflow.com} @ webpack-internal:///(app-pages-browser)/./src/lib/procedures/client-auth.ts:15
[13232217ms] [LOG] [Auth] Utilisateur connecté détecté {userId: cmt3i6d290000qn8stnmxf460, role: admin, email: admin@nexaflow.com} @ webpack-internal:///(app-pages-browser)/./src/lib/procedures/client-auth.ts:15
[13262212ms] [LOG] [Auth] Utilisateur connecté détecté {userId: cmt3i6d290000qn8stnmxf460, role: admin, email: admin@nexaflow.com} @ webpack-internal:///(app-pages-browser)/./src/lib/procedures/client-auth.ts:15
[13262213ms] [LOG] [Auth] Utilisateur connecté détecté {userId: cmt3i6d290000qn8stnmxf460, role: admin, email: admin@nexaflow.com} @ webpack-internal:///(app-pages-browser)/./src/lib/procedures/client-auth.ts:15
[13292278ms] [LOG] [Auth] Utilisateur connecté détecté {userId: cmt3i6d290000qn8stnmxf460, role: admin, email: admin@nexaflow.com} @ webpack-internal:///(app-pages-browser)/./src/lib/procedures/client-auth.ts:15
[13292279ms] [LOG] [Auth] Utilisateur connecté détecté {userId: cmt3i6d290000qn8stnmxf460, role: admin, email: admin@nexaflow.com} @ webpack-internal:///(app-pages-browser)/./src/lib/procedures/client-auth.ts:15
[13322213ms] [LOG] [Auth] Utilisateur connecté détecté {userId: cmt3i6d290000qn8stnmxf460, role: admin, email: admin@nexaflow.com} @ webpack-internal:///(app-pages-browser)/./src/lib/procedures/client-auth.ts:15
[13322213ms] [LOG] [Auth] Utilisateur connecté détecté {userId: cmt3i6d290000qn8stnmxf460, role: admin, email: admin@nexaflow.com} @ webpack-internal:///(app-pages-browser)/./src/lib/procedures/client-auth.ts:15
[13352197ms] [LOG] [Auth] Utilisateur connecté détecté {userId: cmt3i6d290000qn8stnmxf460, role: admin, email: admin@nexaflow.com} @ webpack-internal:///(app-pages-browser)/./src/lib/procedures/client-auth.ts:15
[13352198ms] [LOG] [Auth] Utilisateur connecté détecté {userId: cmt3i6d290000qn8stnmxf460, role: admin, email: admin@nexaflow.com} @ webpack-internal:///(app-pages-browser)/./src/lib/procedures/client-auth.ts:15
[13382212ms] [LOG] [Auth] Utilisateur connecté détecté {userId: cmt3i6d290000qn8stnmxf460, role: admin, email: admin@nexaflow.com} @ webpack-internal:///(app-pages-browser)/./src/lib/procedures/client-auth.ts:15
[13382212ms] [LOG] [Auth] Utilisateur connecté détecté {userId: cmt3i6d290000qn8stnmxf460, role: admin, email: admin@nexaflow.com} @ webpack-internal:///(app-pages-browser)/./src/lib/procedures/client-auth.ts:15
[13412220ms] [LOG] [Auth] Utilisateur connecté détecté {userId: cmt3i6d290000qn8stnmxf460, role: admin, email: admin@nexaflow.com} @ webpack-internal:///(app-pages-browser)/./src/lib/procedures/client-auth.ts:15
[13412220ms] [LOG] [Auth] Utilisateur connecté détecté {userId: cmt3i6d290000qn8stnmxf460, role: admin, email: admin@nexaflow.com} @ webpack-internal:///(app-pages-browser)/./src/lib/procedures/client-auth.ts:15
[13442229ms] [LOG] [Auth] Utilisateur connecté détecté {userId: cmt3i6d290000qn8stnmxf460, role: admin, email: admin@nexaflow.com} @ webpack-internal:///(app-pages-browser)/./src/lib/procedures/client-auth.ts:15
[13442229ms] [LOG] [Auth] Utilisateur connecté détecté {userId: cmt3i6d290000qn8stnmxf460, role: admin, email: admin@nexaflow.com} @ webpack-internal:///(app-pages-browser)/./src/lib/procedures/client-auth.ts:15
[13472226ms] [LOG] [Auth] Utilisateur connecté détecté {userId: cmt3i6d290000qn8stnmxf460, role: admin, email: admin@nexaflow.com} @ webpack-internal:///(app-pages-browser)/./src/lib/procedures/client-auth.ts:15
[13472226ms] [LOG] [Auth] Utilisateur connecté détecté {userId: cmt3i6d290000qn8stnmxf460, role: admin, email: admin@nexaflow.com} @ webpack-internal:///(app-pages-browser)/./src/lib/procedures/client-auth.ts:15
[13502204ms] [LOG] [Auth] Utilisateur connecté détecté {userId: cmt3i6d290000qn8stnmxf460, role: admin, email: admin@nexaflow.com} @ webpack-internal:///(app-pages-browser)/./src/lib/procedures/client-auth.ts:15
[13502204ms] [LOG] [Auth] Utilisateur connecté détecté {userId: cmt3i6d290000qn8stnmxf460, role: admin, email: admin@nexaflow.com} @ webpack-internal:///(app-pages-browser)/./src/lib/procedures/client-auth.ts:15
[13532210ms] [LOG] [Auth] Utilisateur connecté détecté {userId: cmt3i6d290000qn8stnmxf460, role: admin, email: admin@nexaflow.com} @ webpack-internal:///(app-pages-browser)/./src/lib/procedures/client-auth.ts:15
[13532211ms] [LOG] [Auth] Utilisateur connecté détecté {userId: cmt3i6d290000qn8stnmxf460, role: admin, email: admin@nexaflow.com} @ webpack-internal:///(app-pages-browser)/./src/lib/procedures/client-auth.ts:15
[13562205ms] [LOG] [Auth] Utilisateur connecté détecté {userId: cmt3i6d290000qn8stnmxf460, role: admin, email: admin@nexaflow.com} @ webpack-internal:///(app-pages-browser)/./src/lib/procedures/client-auth.ts:15
[13562205ms] [LOG] [Auth] Utilisateur connecté détecté {userId: cmt3i6d290000qn8stnmxf460, role: admin, email: admin@nexaflow.com} @ webpack-internal:///(app-pages-browser)/./src/lib/procedures/client-auth.ts:15
[13592227ms] [LOG] [Auth] Utilisateur connecté détecté {userId: cmt3i6d290000qn8stnmxf460, role: admin, email: admin@nexaflow.com} @ webpack-internal:///(app-pages-browser)/./src/lib/procedures/client-auth.ts:15
[13592227ms] [LOG] [Auth] Utilisateur connecté détecté {userId: cmt3i6d290000qn8stnmxf460, role: admin, email: admin@nexaflow.com} @ webpack-internal:///(app-pages-browser)/./src/lib/procedures/client-auth.ts:15
[13622413ms] [LOG] [Auth] Utilisateur connecté détecté {userId: cmt3i6d290000qn8stnmxf460, role: admin, email: admin@nexaflow.com} @ webpack-internal:///(app-pages-browser)/./src/lib/procedures/client-auth.ts:15
[13622414ms] [LOG] [Auth] Utilisateur connecté détecté {userId: cmt3i6d290000qn8stnmxf460, role: admin, email: admin@nexaflow.com} @ webpack-internal:///(app-pages-browser)/./src/lib/procedures/client-auth.ts:15
[13652214ms] [LOG] [Auth] Utilisateur connecté détecté {userId: cmt3i6d290000qn8stnmxf460, role: admin, email: admin@nexaflow.com} @ webpack-internal:///(app-pages-browser)/./src/lib/procedures/client-auth.ts:15
[13652215ms] [LOG] [Auth] Utilisateur connecté détecté {userId: cmt3i6d290000qn8stnmxf460, role: admin, email: admin@nexaflow.com} @ webpack-internal:///(app-pages-browser)/./src/lib/procedures/client-auth.ts:15
[13682209ms] [LOG] [Auth] Utilisateur connecté détecté {userId: cmt3i6d290000qn8stnmxf460, role: admin, email: admin@nexaflow.com} @ webpack-internal:///(app-pages-browser)/./src/lib/procedures/client-auth.ts:15
[13682209ms] [LOG] [Auth] Utilisateur connecté détecté {userId: cmt3i6d290000qn8stnmxf460, role: admin, email: admin@nexaflow.com} @ webpack-internal:///(app-pages-browser)/./src/lib/procedures/client-auth.ts:15
[13712199ms] [LOG] [Auth] Utilisateur connecté détecté {userId: cmt3i6d290000qn8stnmxf460, role: admin, email: admin@nexaflow.com} @ webpack-internal:///(app-pages-browser)/./src/lib/procedures/client-auth.ts:15
[13712200ms] [LOG] [Auth] Utilisateur connecté détecté {userId: cmt3i6d290000qn8stnmxf460, role: admin, email: admin@nexaflow.com} @ webpack-internal:///(app-pages-browser)/./src/lib/procedures/client-auth.ts:15
[13742227ms] [LOG] [Auth] Utilisateur connecté détecté {userId: cmt3i6d290000qn8stnmxf460, role: admin, email: admin@nexaflow.com} @ webpack-internal:///(app-pages-browser)/./src/lib/procedures/client-auth.ts:15
[13742228ms] [LOG] [Auth] Utilisateur connecté détecté {userId: cmt3i6d290000qn8stnmxf460, role: admin, email: admin@nexaflow.com} @ webpack-internal:///(app-pages-browser)/./src/lib/procedures/client-auth.ts:15
[13772234ms] [LOG] [Auth] Utilisateur connecté détecté {userId: cmt3i6d290000qn8stnmxf460, role: admin, email: admin@nexaflow.com} @ webpack-internal:///(app-pages-browser)/./src/lib/procedures/client-auth.ts:15
[13772234ms] [LOG] [Auth] Utilisateur connecté détecté {userId: cmt3i6d290000qn8stnmxf460, role: admin, email: admin@nexaflow.com} @ webpack-internal:///(app-pages-browser)/./src/lib/procedures/client-auth.ts:15
[13802200ms] [LOG] [Auth] Utilisateur connecté détecté {userId: cmt3i6d290000qn8stnmxf460, role: admin, email: admin@nexaflow.com} @ webpack-internal:///(app-pages-browser)/./src/lib/procedures/client-auth.ts:15
[13802200ms] [LOG] [Auth] Utilisateur connecté détecté {userId: cmt3i6d290000qn8stnmxf460, role: admin, email: admin@nexaflow.com} @ webpack-internal:///(app-pages-browser)/./src/lib/procedures/client-auth.ts:15
[13832226ms] [LOG] [Auth] Utilisateur connecté détecté {userId: cmt3i6d290000qn8stnmxf460, role: admin, email: admin@nexaflow.com} @ webpack-internal:///(app-pages-browser)/./src/lib/procedures/client-auth.ts:15
[13832227ms] [LOG] [Auth] Utilisateur connecté détecté {userId: cmt3i6d290000qn8stnmxf460, role: admin, email: admin@nexaflow.com} @ webpack-internal:///(app-pages-browser)/./src/lib/procedures/client-auth.ts:15
[13862284ms] [LOG] [Auth] Utilisateur connecté détecté {userId: cmt3i6d290000qn8stnmxf460, role: admin, email: admin@nexaflow.com} @ webpack-internal:///(app-pages-browser)/./src/lib/procedures/client-auth.ts:15
[13862284ms] [LOG] [Auth] Utilisateur connecté détecté {userId: cmt3i6d290000qn8stnmxf460, role: admin, email: admin@nexaflow.com} @ webpack-internal:///(app-pages-browser)/./src/lib/procedures/client-auth.ts:15
[13892212ms] [LOG] [Auth] Utilisateur connecté détecté {userId: cmt3i6d290000qn8stnmxf460, role: admin, email: admin@nexaflow.com} @ webpack-internal:///(app-pages-browser)/./src/lib/procedures/client-auth.ts:15
[13892212ms] [LOG] [Auth] Utilisateur connecté détecté {userId: cmt3i6d290000qn8stnmxf460, role: admin, email: admin@nexaflow.com} @ webpack-internal:///(app-pages-browser)/./src/lib/procedures/client-auth.ts:15
[13922213ms] [LOG] [Auth] Utilisateur connecté détecté {userId: cmt3i6d290000qn8stnmxf460, role: admin, email: admin@nexaflow.com} @ webpack-internal:///(app-pages-browser)/./src/lib/procedures/client-auth.ts:15
[13922213ms] [LOG] [Auth] Utilisateur connecté détecté {userId: cmt3i6d290000qn8stnmxf460, role: admin, email: admin@nexaflow.com} @ webpack-internal:///(app-pages-browser)/./src/lib/procedures/client-auth.ts:15
[13952220ms] [LOG] [Auth] Utilisateur connecté détecté {userId: cmt3i6d290000qn8stnmxf460, role: admin, email: admin@nexaflow.com} @ webpack-internal:///(app-pages-browser)/./src/lib/procedures/client-auth.ts:15
[13952221ms] [LOG] [Auth] Utilisateur connecté détecté {userId: cmt3i6d290000qn8stnmxf460, role: admin, email: admin@nexaflow.com} @ webpack-internal:///(app-pages-browser)/./src/lib/procedures/client-auth.ts:15
[13982213ms] [LOG] [Auth] Utilisateur connecté détecté {userId: cmt3i6d290000qn8stnmxf460, role: admin, email: admin@nexaflow.com} @ webpack-internal:///(app-pages-browser)/./src/lib/procedures/client-auth.ts:15
[13982213ms] [LOG] [Auth] Utilisateur connecté détecté {userId: cmt3i6d290000qn8stnmxf460, role: admin, email: admin@nexaflow.com} @ webpack-internal:///(app-pages-browser)/./src/lib/procedures/client-auth.ts:15
[14012225ms] [LOG] [Auth] Utilisateur connecté détecté {userId: cmt3i6d290000qn8stnmxf460, role: admin, email: admin@nexaflow.com} @ webpack-internal:///(app-pages-browser)/./src/lib/procedures/client-auth.ts:15
[14012225ms] [LOG] [Auth] Utilisateur connecté détecté {userId: cmt3i6d290000qn8stnmxf460, role: admin, email: admin@nexaflow.com} @ webpack-internal:///(app-pages-browser)/./src/lib/procedures/client-auth.ts:15
[14042214ms] [LOG] [Auth] Utilisateur connecté détecté {userId: cmt3i6d290000qn8stnmxf460, role: admin, email: admin@nexaflow.com} @ webpack-internal:///(app-pages-browser)/./src/lib/procedures/client-auth.ts:15
[14042215ms] [LOG] [Auth] Utilisateur connecté détecté {userId: cmt3i6d290000qn8stnmxf460, role: admin, email: admin@nexaflow.com} @ webpack-internal:///(app-pages-browser)/./src/lib/procedures/client-auth.ts:15
[14072228ms] [LOG] [Auth] Utilisateur connecté détecté {userId: cmt3i6d290000qn8stnmxf460, role: admin, email: admin@nexaflow.com} @ webpack-internal:///(app-pages-browser)/./src/lib/procedures/client-auth.ts:15
[14072228ms] [LOG] [Auth] Utilisateur connecté détecté {userId: cmt3i6d290000qn8stnmxf460, role: admin, email: admin@nexaflow.com} @ webpack-internal:///(app-pages-browser)/./src/lib/procedures/client-auth.ts:15
[14102226ms] [LOG] [Auth] Utilisateur connecté détecté {userId: cmt3i6d290000qn8stnmxf460, role: admin, email: admin@nexaflow.com} @ webpack-internal:///(app-pages-browser)/./src/lib/procedures/client-auth.ts:15
[14102227ms] [LOG] [Auth] Utilisateur connecté détecté {userId: cmt3i6d290000qn8stnmxf460, role: admin, email: admin@nexaflow.com} @ webpack-internal:///(app-pages-browser)/./src/lib/procedures/client-auth.ts:15
[14132203ms] [LOG] [Auth] Utilisateur connecté détecté {userId: cmt3i6d290000qn8stnmxf460, role: admin, email: admin@nexaflow.com} @ webpack-internal:///(app-pages-browser)/./src/lib/procedures/client-auth.ts:15
[14132203ms] [LOG] [Auth] Utilisateur connecté détecté {userId: cmt3i6d290000qn8stnmxf460, role: admin, email: admin@nexaflow.com} @ webpack-internal:///(app-pages-browser)/./src/lib/procedures/client-auth.ts:15
[14162225ms] [LOG] [Auth] Utilisateur connecté détecté {userId: cmt3i6d290000qn8stnmxf460, role: admin, email: admin@nexaflow.com} @ webpack-internal:///(app-pages-browser)/./src/lib/procedures/client-auth.ts:15
[14162225ms] [LOG] [Auth] Utilisateur connecté détecté {userId: cmt3i6d290000qn8stnmxf460, role: admin, email: admin@nexaflow.com} @ webpack-internal:///(app-pages-browser)/./src/lib/procedures/client-auth.ts:15
[14192252ms] [LOG] [Auth] Utilisateur connecté détecté {userId: cmt3i6d290000qn8stnmxf460, role: admin, email: admin@nexaflow.com} @ webpack-internal:///(app-pages-browser)/./src/lib/procedures/client-auth.ts:15
[14192252ms] [LOG] [Auth] Utilisateur connecté détecté {userId: cmt3i6d290000qn8stnmxf460, role: admin, email: admin@nexaflow.com} @ webpack-internal:///(app-pages-browser)/./src/lib/procedures/client-auth.ts:15
[14222200ms] [LOG] [Auth] Utilisateur connecté détecté {userId: cmt3i6d290000qn8stnmxf460, role: admin, email: admin@nexaflow.com} @ webpack-internal:///(app-pages-browser)/./src/lib/procedures/client-auth.ts:15
[14222201ms] [LOG] [Auth] Utilisateur connecté détecté {userId: cmt3i6d290000qn8stnmxf460, role: admin, email: admin@nexaflow.com} @ webpack-internal:///(app-pages-browser)/./src/lib/procedures/client-auth.ts:15
[14252367ms] [LOG] [Auth] Utilisateur connecté détecté {userId: cmt3i6d290000qn8stnmxf460, role: admin, email: admin@nexaflow.com} @ webpack-internal:///(app-pages-browser)/./src/lib/procedures/client-auth.ts:15
[14252368ms] [LOG] [Auth] Utilisateur connecté détecté {userId: cmt3i6d290000qn8stnmxf460, role: admin, email: admin@nexaflow.com} @ webpack-internal:///(app-pages-browser)/./src/lib/procedures/client-auth.ts:15
[14282219ms] [LOG] [Auth] Utilisateur connecté détecté {userId: cmt3i6d290000qn8stnmxf460, role: admin, email: admin@nexaflow.com} @ webpack-internal:///(app-pages-browser)/./src/lib/procedures/client-auth.ts:15
[14282220ms] [LOG] [Auth] Utilisateur connecté détecté {userId: cmt3i6d290000qn8stnmxf460, role: admin, email: admin@nexaflow.com} @ webpack-internal:///(app-pages-browser)/./src/lib/procedures/client-auth.ts:15
[14312204ms] [LOG] [Auth] Utilisateur connecté détecté {userId: cmt3i6d290000qn8stnmxf460, role: admin, email: admin@nexaflow.com} @ webpack-internal:///(app-pages-browser)/./src/lib/procedures/client-auth.ts:15
[14312205ms] [LOG] [Auth] Utilisateur connecté détecté {userId: cmt3i6d290000qn8stnmxf460, role: admin, email: admin@nexaflow.com} @ webpack-internal:///(app-pages-browser)/./src/lib/procedures/client-auth.ts:15
[14342219ms] [LOG] [Auth] Utilisateur connecté détecté {userId: cmt3i6d290000qn8stnmxf460, role: admin, email: admin@nexaflow.com} @ webpack-internal:///(app-pages-browser)/./src/lib/procedures/client-auth.ts:15
[14342219ms] [LOG] [Auth] Utilisateur connecté détecté {userId: cmt3i6d290000qn8stnmxf460, role: admin, email: admin@nexaflow.com} @ webpack-internal:///(app-pages-browser)/./src/lib/procedures/client-auth.ts:15
[14372226ms] [LOG] [Auth] Utilisateur connecté détecté {userId: cmt3i6d290000qn8stnmxf460, role: admin, email: admin@nexaflow.com} @ webpack-internal:///(app-pages-browser)/./src/lib/procedures/client-auth.ts:15
[14372227ms] [LOG] [Auth] Utilisateur connecté détecté {userId: cmt3i6d290000qn8stnmxf460, role: admin, email: admin@nexaflow.com} @ webpack-internal:///(app-pages-browser)/./src/lib/procedures/client-auth.ts:15
[14402222ms] [LOG] [Auth] Utilisateur connecté détecté {userId: cmt3i6d290000qn8stnmxf460, role: admin, email: admin@nexaflow.com} @ webpack-internal:///(app-pages-browser)/./src/lib/procedures/client-auth.ts:15
[14402223ms] [LOG] [Auth] Utilisateur connecté détecté {userId: cmt3i6d290000qn8stnmxf460, role: admin, email: admin@nexaflow.com} @ webpack-internal:///(app-pages-browser)/./src/lib/procedures/client-auth.ts:15
[14432230ms] [LOG] [Auth] Utilisateur connecté détecté {userId: cmt3i6d290000qn8stnmxf460, role: admin, email: admin@nexaflow.com} @ webpack-internal:///(app-pages-browser)/./src/lib/procedures/client-auth.ts:15
[14432230ms] [LOG] [Auth] Utilisateur connecté détecté {userId: cmt3i6d290000qn8stnmxf460, role: admin, email: admin@nexaflow.com} @ webpack-internal:///(app-pages-browser)/./src/lib/procedures/client-auth.ts:15
[14462238ms] [LOG] [Auth] Utilisateur connecté détecté {userId: cmt3i6d290000qn8stnmxf460, role: admin, email: admin@nexaflow.com} @ webpack-internal:///(app-pages-browser)/./src/lib/procedures/client-auth.ts:15
[14462239ms] [LOG] [Auth] Utilisateur connecté détecté {userId: cmt3i6d290000qn8stnmxf460, role: admin, email: admin@nexaflow.com} @ webpack-internal:///(app-pages-browser)/./src/lib/procedures/client-auth.ts:15
[14492209ms] [LOG] [Auth] Utilisateur connecté détecté {userId: cmt3i6d290000qn8stnmxf460, role: admin, email: admin@nexaflow.com} @ webpack-internal:///(app-pages-browser)/./src/lib/procedures/client-auth.ts:15
[14492209ms] [LOG] [Auth] Utilisateur connecté détecté {userId: cmt3i6d290000qn8stnmxf460, role: admin, email: admin@nexaflow.com} @ webpack-internal:///(app-pages-browser)/./src/lib/procedures/client-auth.ts:15
[14522210ms] [LOG] [Auth] Utilisateur connecté détecté {userId: cmt3i6d290000qn8stnmxf460, role: admin, email: admin@nexaflow.com} @ webpack-internal:///(app-pages-browser)/./src/lib/procedures/client-auth.ts:15
[14522210ms] [LOG] [Auth] Utilisateur connecté détecté {userId: cmt3i6d290000qn8stnmxf460, role: admin, email: admin@nexaflow.com} @ webpack-internal:///(app-pages-browser)/./src/lib/procedures/client-auth.ts:15
[14552208ms] [LOG] [Auth] Utilisateur connecté détecté {userId: cmt3i6d290000qn8stnmxf460, role: admin, email: admin@nexaflow.com} @ webpack-internal:///(app-pages-browser)/./src/lib/procedures/client-auth.ts:15
[14552209ms] [LOG] [Auth] Utilisateur connecté détecté {userId: cmt3i6d290000qn8stnmxf460, role: admin, email: admin@nexaflow.com} @ webpack-internal:///(app-pages-browser)/./src/lib/procedures/client-auth.ts:15
[14582256ms] [LOG] [Auth] Utilisateur connecté détecté {userId: cmt3i6d290000qn8stnmxf460, role: admin, email: admin@nexaflow.com} @ webpack-internal:///(app-pages-browser)/./src/lib/procedures/client-auth.ts:15
[14582257ms] [LOG] [Auth] Utilisateur connecté détecté {userId: cmt3i6d290000qn8stnmxf460, role: admin, email: admin@nexaflow.com} @ webpack-internal:///(app-pages-browser)/./src/lib/procedures/client-auth.ts:15
[14612232ms] [LOG] [Auth] Utilisateur connecté détecté {userId: cmt3i6d290000qn8stnmxf460, role: admin, email: admin@nexaflow.com} @ webpack-internal:///(app-pages-browser)/./src/lib/procedures/client-auth.ts:15
[14612233ms] [LOG] [Auth] Utilisateur connecté détecté {userId: cmt3i6d290000qn8stnmxf460, role: admin, email: admin@nexaflow.com} @ webpack-internal:///(app-pages-browser)/./src/lib/procedures/client-auth.ts:15
[14642199ms] [LOG] [Auth] Utilisateur connecté détecté {userId: cmt3i6d290000qn8stnmxf460, role: admin, email: admin@nexaflow.com} @ webpack-internal:///(app-pages-browser)/./src/lib/procedures/client-auth.ts:15
[14642199ms] [LOG] [Auth] Utilisateur connecté détecté {userId: cmt3i6d290000qn8stnmxf460, role: admin, email: admin@nexaflow.com} @ webpack-internal:///(app-pages-browser)/./src/lib/procedures/client-auth.ts:15
[14672208ms] [LOG] [Auth] Utilisateur connecté détecté {userId: cmt3i6d290000qn8stnmxf460, role: admin, email: admin@nexaflow.com} @ webpack-internal:///(app-pages-browser)/./src/lib/procedures/client-auth.ts:15
[14672209ms] [LOG] [Auth] Utilisateur connecté détecté {userId: cmt3i6d290000qn8stnmxf460, role: admin, email: admin@nexaflow.com} @ webpack-internal:///(app-pages-browser)/./src/lib/procedures/client-auth.ts:15
[14702198ms] [LOG] [Auth] Utilisateur connecté détecté {userId: cmt3i6d290000qn8stnmxf460, role: admin, email: admin@nexaflow.com} @ webpack-internal:///(app-pages-browser)/./src/lib/procedures/client-auth.ts:15
[14702199ms] [LOG] [Auth] Utilisateur connecté détecté {userId: cmt3i6d290000qn8stnmxf460, role: admin, email: admin@nexaflow.com} @ webpack-internal:///(app-pages-browser)/./src/lib/procedures/client-auth.ts:15
[14732213ms] [LOG] [Auth] Utilisateur connecté détecté {userId: cmt3i6d290000qn8stnmxf460, role: admin, email: admin@nexaflow.com} @ webpack-internal:///(app-pages-browser)/./src/lib/procedures/client-auth.ts:15
[14732214ms] [LOG] [Auth] Utilisateur connecté détecté {userId: cmt3i6d290000qn8stnmxf460, role: admin, email: admin@nexaflow.com} @ webpack-internal:///(app-pages-browser)/./src/lib/procedures/client-auth.ts:15
[14762206ms] [LOG] [Auth] Utilisateur connecté détecté {userId: cmt3i6d290000qn8stnmxf460, role: admin, email: admin@nexaflow.com} @ webpack-internal:///(app-pages-browser)/./src/lib/procedures/client-auth.ts:15
[14762206ms] [LOG] [Auth] Utilisateur connecté détecté {userId: cmt3i6d290000qn8stnmxf460, role: admin, email: admin@nexaflow.com} @ webpack-internal:///(app-pages-browser)/./src/lib/procedures/client-auth.ts:15
[14792204ms] [LOG] [Auth] Utilisateur connecté détecté {userId: cmt3i6d290000qn8stnmxf460, role: admin, email: admin@nexaflow.com} @ webpack-internal:///(app-pages-browser)/./src/lib/procedures/client-auth.ts:15
[14792204ms] [LOG] [Auth] Utilisateur connecté détecté {userId: cmt3i6d290000qn8stnmxf460, role: admin, email: admin@nexaflow.com} @ webpack-internal:///(app-pages-browser)/./src/lib/procedures/client-auth.ts:15
[14822204ms] [LOG] [Auth] Utilisateur connecté détecté {userId: cmt3i6d290000qn8stnmxf460, role: admin, email: admin@nexaflow.com} @ webpack-internal:///(app-pages-browser)/./src/lib/procedures/client-auth.ts:15
[14822205ms] [LOG] [Auth] Utilisateur connecté détecté {userId: cmt3i6d290000qn8stnmxf460, role: admin, email: admin@nexaflow.com} @ webpack-internal:///(app-pages-browser)/./src/lib/procedures/client-auth.ts:15
[14852235ms] [LOG] [Auth] Utilisateur connecté détecté {userId: cmt3i6d290000qn8stnmxf460, role: admin, email: admin@nexaflow.com} @ webpack-internal:///(app-pages-browser)/./src/lib/procedures/client-auth.ts:15
[14852236ms] [LOG] [Auth] Utilisateur connecté détecté {userId: cmt3i6d290000qn8stnmxf460, role: admin, email: admin@nexaflow.com} @ webpack-internal:///(app-pages-browser)/./src/lib/procedures/client-auth.ts:15
[14882235ms] [LOG] [Auth] Utilisateur connecté détecté {userId: cmt3i6d290000qn8stnmxf460, role: admin, email: admin@nexaflow.com} @ webpack-internal:///(app-pages-browser)/./src/lib/procedures/client-auth.ts:15
[14882236ms] [LOG] [Auth] Utilisateur connecté détecté {userId: cmt3i6d290000qn8stnmxf460, role: admin, email: admin@nexaflow.com} @ webpack-internal:///(app-pages-browser)/./src/lib/procedures/client-auth.ts:15
[14912210ms] [LOG] [Auth] Utilisateur connecté détecté {userId: cmt3i6d290000qn8stnmxf460, role: admin, email: admin@nexaflow.com} @ webpack-internal:///(app-pages-browser)/./src/lib/procedures/client-auth.ts:15
[14912211ms] [LOG] [Auth] Utilisateur connecté détecté {userId: cmt3i6d290000qn8stnmxf460, role: admin, email: admin@nexaflow.com} @ webpack-internal:///(app-pages-browser)/./src/lib/procedures/client-auth.ts:15
[14942198ms] [LOG] [Auth] Utilisateur connecté détecté {userId: cmt3i6d290000qn8stnmxf460, role: admin, email: admin@nexaflow.com} @ webpack-internal:///(app-pages-browser)/./src/lib/procedures/client-auth.ts:15
[14942198ms] [LOG] [Auth] Utilisateur connecté détecté {userId: cmt3i6d290000qn8stnmxf460, role: admin, email: admin@nexaflow.com} @ webpack-internal:///(app-pages-browser)/./src/lib/procedures/client-auth.ts:15
[14972212ms] [LOG] [Auth] Utilisateur connecté détecté {userId: cmt3i6d290000qn8stnmxf460, role: admin, email: admin@nexaflow.com} @ webpack-internal:///(app-pages-browser)/./src/lib/procedures/client-auth.ts:15
[14972213ms] [LOG] [Auth] Utilisateur connecté détecté {userId: cmt3i6d290000qn8stnmxf460, role: admin, email: admin@nexaflow.com} @ webpack-internal:///(app-pages-browser)/./src/lib/procedures/client-auth.ts:15
[15002198ms] [LOG] [Auth] Utilisateur connecté détecté {userId: cmt3i6d290000qn8stnmxf460, role: admin, email: admin@nexaflow.com} @ webpack-internal:///(app-pages-browser)/./src/lib/procedures/client-auth.ts:15
[15002198ms] [LOG] [Auth] Utilisateur connecté détecté {userId: cmt3i6d290000qn8stnmxf460, role: admin, email: admin@nexaflow.com} @ webpack-internal:///(app-pages-browser)/./src/lib/procedures/client-auth.ts:15
[15032215ms] [LOG] [Auth] Utilisateur connecté détecté {userId: cmt3i6d290000qn8stnmxf460, role: admin, email: admin@nexaflow.com} @ webpack-internal:///(app-pages-browser)/./src/lib/procedures/client-auth.ts:15
[15032215ms] [LOG] [Auth] Utilisateur connecté détecté {userId: cmt3i6d290000qn8stnmxf460, role: admin, email: admin@nexaflow.com} @ webpack-internal:///(app-pages-browser)/./src/lib/procedures/client-auth.ts:15
[15062231ms] [LOG] [Auth] Utilisateur connecté détecté {userId: cmt3i6d290000qn8stnmxf460, role: admin, email: admin@nexaflow.com} @ webpack-internal:///(app-pages-browser)/./src/lib/procedures/client-auth.ts:15
[15062231ms] [LOG] [Auth] Utilisateur connecté détecté {userId: cmt3i6d290000qn8stnmxf460, role: admin, email: admin@nexaflow.com} @ webpack-internal:///(app-pages-browser)/./src/lib/procedures/client-auth.ts:15
[15092202ms] [LOG] [Auth] Utilisateur connecté détecté {userId: cmt3i6d290000qn8stnmxf460, role: admin, email: admin@nexaflow.com} @ webpack-internal:///(app-pages-browser)/./src/lib/procedures/client-auth.ts:15
[15092202ms] [LOG] [Auth] Utilisateur connecté détecté {userId: cmt3i6d290000qn8stnmxf460, role: admin, email: admin@nexaflow.com} @ webpack-internal:///(app-pages-browser)/./src/lib/procedures/client-auth.ts:15
[15122252ms] [LOG] [Auth] Utilisateur connecté détecté {userId: cmt3i6d290000qn8stnmxf460, role: admin, email: admin@nexaflow.com} @ webpack-internal:///(app-pages-browser)/./src/lib/procedures/client-auth.ts:15
[15122253ms] [LOG] [Auth] Utilisateur connecté détecté {userId: cmt3i6d290000qn8stnmxf460, role: admin, email: admin@nexaflow.com} @ webpack-internal:///(app-pages-browser)/./src/lib/procedures/client-auth.ts:15
[15152203ms] [LOG] [Auth] Utilisateur connecté détecté {userId: cmt3i6d290000qn8stnmxf460, role: admin, email: admin@nexaflow.com} @ webpack-internal:///(app-pages-browser)/./src/lib/procedures/client-auth.ts:15
[15152204ms] [LOG] [Auth] Utilisateur connecté détecté {userId: cmt3i6d290000qn8stnmxf460, role: admin, email: admin@nexaflow.com} @ webpack-internal:///(app-pages-browser)/./src/lib/procedures/client-auth.ts:15
[15182212ms] [LOG] [Auth] Utilisateur connecté détecté {userId: cmt3i6d290000qn8stnmxf460, role: admin, email: admin@nexaflow.com} @ webpack-internal:///(app-pages-browser)/./src/lib/procedures/client-auth.ts:15
[15182212ms] [LOG] [Auth] Utilisateur connecté détecté {userId: cmt3i6d290000qn8stnmxf460, role: admin, email: admin@nexaflow.com} @ webpack-internal:///(app-pages-browser)/./src/lib/procedures/client-auth.ts:15
[15212261ms] [LOG] [Auth] Utilisateur connecté détecté {userId: cmt3i6d290000qn8stnmxf460, role: admin, email: admin@nexaflow.com} @ webpack-internal:///(app-pages-browser)/./src/lib/procedures/client-auth.ts:15
[15212262ms] [LOG] [Auth] Utilisateur connecté détecté {userId: cmt3i6d290000qn8stnmxf460, role: admin, email: admin@nexaflow.com} @ webpack-internal:///(app-pages-browser)/./src/lib/procedures/client-auth.ts:15
[15242209ms] [LOG] [Auth] Utilisateur connecté détecté {userId: cmt3i6d290000qn8stnmxf460, role: admin, email: admin@nexaflow.com} @ webpack-internal:///(app-pages-browser)/./src/lib/procedures/client-auth.ts:15
[15242209ms] [LOG] [Auth] Utilisateur connecté détecté {userId: cmt3i6d290000qn8stnmxf460, role: admin, email: admin@nexaflow.com} @ webpack-internal:///(app-pages-browser)/./src/lib/procedures/client-auth.ts:15
[15272210ms] [LOG] [Auth] Utilisateur connecté détecté {userId: cmt3i6d290000qn8stnmxf460, role: admin, email: admin@nexaflow.com} @ webpack-internal:///(app-pages-browser)/./src/lib/procedures/client-auth.ts:15
[15272210ms] [LOG] [Auth] Utilisateur connecté détecté {userId: cmt3i6d290000qn8stnmxf460, role: admin, email: admin@nexaflow.com} @ webpack-internal:///(app-pages-browser)/./src/lib/procedures/client-auth.ts:15
[15302204ms] [LOG] [Auth] Utilisateur connecté détecté {userId: cmt3i6d290000qn8stnmxf460, role: admin, email: admin@nexaflow.com} @ webpack-internal:///(app-pages-browser)/./src/lib/procedures/client-auth.ts:15
[15302205ms] [LOG] [Auth] Utilisateur connecté détecté {userId: cmt3i6d290000qn8stnmxf460, role: admin, email: admin@nexaflow.com} @ webpack-internal:///(app-pages-browser)/./src/lib/procedures/client-auth.ts:15
[15332203ms] [LOG] [Auth] Utilisateur connecté détecté {userId: cmt3i6d290000qn8stnmxf460, role: admin, email: admin@nexaflow.com} @ webpack-internal:///(app-pages-browser)/./src/lib/procedures/client-auth.ts:15
[15332203ms] [LOG] [Auth] Utilisateur connecté détecté {userId: cmt3i6d290000qn8stnmxf460, role: admin, email: admin@nexaflow.com} @ webpack-internal:///(app-pages-browser)/./src/lib/procedures/client-auth.ts:15
[15362209ms] [LOG] [Auth] Utilisateur connecté détecté {userId: cmt3i6d290000qn8stnmxf460, role: admin, email: admin@nexaflow.com} @ webpack-internal:///(app-pages-browser)/./src/lib/procedures/client-auth.ts:15
[15362209ms] [LOG] [Auth] Utilisateur connecté détecté {userId: cmt3i6d290000qn8stnmxf460, role: admin, email: admin@nexaflow.com} @ webpack-internal:///(app-pages-browser)/./src/lib/procedures/client-auth.ts:15
[15392211ms] [LOG] [Auth] Utilisateur connecté détecté {userId: cmt3i6d290000qn8stnmxf460, role: admin, email: admin@nexaflow.com} @ webpack-internal:///(app-pages-browser)/./src/lib/procedures/client-auth.ts:15
[15392211ms] [LOG] [Auth] Utilisateur connecté détecté {userId: cmt3i6d290000qn8stnmxf460, role: admin, email: admin@nexaflow.com} @ webpack-internal:///(app-pages-browser)/./src/lib/procedures/client-auth.ts:15
[15422207ms] [LOG] [Auth] Utilisateur connecté détecté {userId: cmt3i6d290000qn8stnmxf460, role: admin, email: admin@nexaflow.com} @ webpack-internal:///(app-pages-browser)/./src/lib/procedures/client-auth.ts:15
[15422207ms] [LOG] [Auth] Utilisateur connecté détecté {userId: cmt3i6d290000qn8stnmxf460, role: admin, email: admin@nexaflow.com} @ webpack-internal:///(app-pages-browser)/./src/lib/procedures/client-auth.ts:15
[15452229ms] [LOG] [Auth] Utilisateur connecté détecté {userId: cmt3i6d290000qn8stnmxf460, role: admin, email: admin@nexaflow.com} @ webpack-internal:///(app-pages-browser)/./src/lib/procedures/client-auth.ts:15
[15452229ms] [LOG] [Auth] Utilisateur connecté détecté {userId: cmt3i6d290000qn8stnmxf460, role: admin, email: admin@nexaflow.com} @ webpack-internal:///(app-pages-browser)/./src/lib/procedures/client-auth.ts:15
[15482200ms] [LOG] [Auth] Utilisateur connecté détecté {userId: cmt3i6d290000qn8stnmxf460, role: admin, email: admin@nexaflow.com} @ webpack-internal:///(app-pages-browser)/./src/lib/procedures/client-auth.ts:15
[15482200ms] [LOG] [Auth] Utilisateur connecté détecté {userId: cmt3i6d290000qn8stnmxf460, role: admin, email: admin@nexaflow.com} @ webpack-internal:///(app-pages-browser)/./src/lib/procedures/client-auth.ts:15
[15512225ms] [LOG] [Auth] Utilisateur connecté détecté {userId: cmt3i6d290000qn8stnmxf460, role: admin, email: admin@nexaflow.com} @ webpack-internal:///(app-pages-browser)/./src/lib/procedures/client-auth.ts:15
[15512225ms] [LOG] [Auth] Utilisateur connecté détecté {userId: cmt3i6d290000qn8stnmxf460, role: admin, email: admin@nexaflow.com} @ webpack-internal:///(app-pages-browser)/./src/lib/procedures/client-auth.ts:15
[15542274ms] [LOG] [Auth] Utilisateur connecté détecté {userId: cmt3i6d290000qn8stnmxf460, role: admin, email: admin@nexaflow.com} @ webpack-internal:///(app-pages-browser)/./src/lib/procedures/client-auth.ts:15
[15542274ms] [LOG] [Auth] Utilisateur connecté détecté {userId: cmt3i6d290000qn8stnmxf460, role: admin, email: admin@nexaflow.com} @ webpack-internal:///(app-pages-browser)/./src/lib/procedures/client-auth.ts:15
[15572217ms] [LOG] [Auth] Utilisateur connecté détecté {userId: cmt3i6d290000qn8stnmxf460, role: admin, email: admin@nexaflow.com} @ webpack-internal:///(app-pages-browser)/./src/lib/procedures/client-auth.ts:15
[15572217ms] [LOG] [Auth] Utilisateur connecté détecté {userId: cmt3i6d290000qn8stnmxf460, role: admin, email: admin@nexaflow.com} @ webpack-internal:///(app-pages-browser)/./src/lib/procedures/client-auth.ts:15
[15602200ms] [LOG] [Auth] Utilisateur connecté détecté {userId: cmt3i6d290000qn8stnmxf460, role: admin, email: admin@nexaflow.com} @ webpack-internal:///(app-pages-browser)/./src/lib/procedures/client-auth.ts:15
[15602200ms] [LOG] [Auth] Utilisateur connecté détecté {userId: cmt3i6d290000qn8stnmxf460, role: admin, email: admin@nexaflow.com} @ webpack-internal:///(app-pages-browser)/./src/lib/procedures/client-auth.ts:15
[15632230ms] [LOG] [Auth] Utilisateur connecté détecté {userId: cmt3i6d290000qn8stnmxf460, role: admin, email: admin@nexaflow.com} @ webpack-internal:///(app-pages-browser)/./src/lib/procedures/client-auth.ts:15
[15632231ms] [LOG] [Auth] Utilisateur connecté détecté {userId: cmt3i6d290000qn8stnmxf460, role: admin, email: admin@nexaflow.com} @ webpack-internal:///(app-pages-browser)/./src/lib/procedures/client-auth.ts:15
[15662221ms] [LOG] [Auth] Utilisateur connecté détecté {userId: cmt3i6d290000qn8stnmxf460, role: admin, email: admin@nexaflow.com} @ webpack-internal:///(app-pages-browser)/./src/lib/procedures/client-auth.ts:15
[15662222ms] [LOG] [Auth] Utilisateur connecté détecté {userId: cmt3i6d290000qn8stnmxf460, role: admin, email: admin@nexaflow.com} @ webpack-internal:///(app-pages-browser)/./src/lib/procedures/client-auth.ts:15
[15692208ms] [LOG] [Auth] Utilisateur connecté détecté {userId: cmt3i6d290000qn8stnmxf460, role: admin, email: admin@nexaflow.com} @ webpack-internal:///(app-pages-browser)/./src/lib/procedures/client-auth.ts:15
[15692208ms] [LOG] [Auth] Utilisateur connecté détecté {userId: cmt3i6d290000qn8stnmxf460, role: admin, email: admin@nexaflow.com} @ webpack-internal:///(app-pages-browser)/./src/lib/procedures/client-auth.ts:15
[15722208ms] [LOG] [Auth] Utilisateur connecté détecté {userId: cmt3i6d290000qn8stnmxf460, role: admin, email: admin@nexaflow.com} @ webpack-internal:///(app-pages-browser)/./src/lib/procedures/client-auth.ts:15
[15722209ms] [LOG] [Auth] Utilisateur connecté détecté {userId: cmt3i6d290000qn8stnmxf460, role: admin, email: admin@nexaflow.com} @ webpack-internal:///(app-pages-browser)/./src/lib/procedures/client-auth.ts:15
[15752226ms] [LOG] [Auth] Utilisateur connecté détecté {userId: cmt3i6d290000qn8stnmxf460, role: admin, email: admin@nexaflow.com} @ webpack-internal:///(app-pages-browser)/./src/lib/procedures/client-auth.ts:15
[15752226ms] [LOG] [Auth] Utilisateur connecté détecté {userId: cmt3i6d290000qn8stnmxf460, role: admin, email: admin@nexaflow.com} @ webpack-internal:///(app-pages-browser)/./src/lib/procedures/client-auth.ts:15
[15782221ms] [LOG] [Auth] Utilisateur connecté détecté {userId: cmt3i6d290000qn8stnmxf460, role: admin, email: admin@nexaflow.com} @ webpack-internal:///(app-pages-browser)/./src/lib/procedures/client-auth.ts:15
[15782221ms] [LOG] [Auth] Utilisateur connecté détecté {userId: cmt3i6d290000qn8stnmxf460, role: admin, email: admin@nexaflow.com} @ webpack-internal:///(app-pages-browser)/./src/lib/procedures/client-auth.ts:15
[15812215ms] [LOG] [Auth] Utilisateur connecté détecté {userId: cmt3i6d290000qn8stnmxf460, role: admin, email: admin@nexaflow.com} @ webpack-internal:///(app-pages-browser)/./src/lib/procedures/client-auth.ts:15
[15812216ms] [LOG] [Auth] Utilisateur connecté détecté {userId: cmt3i6d290000qn8stnmxf460, role: admin, email: admin@nexaflow.com} @ webpack-internal:///(app-pages-browser)/./src/lib/procedures/client-auth.ts:15
[15842211ms] [LOG] [Auth] Utilisateur connecté détecté {userId: cmt3i6d290000qn8stnmxf460, role: admin, email: admin@nexaflow.com} @ webpack-internal:///(app-pages-browser)/./src/lib/procedures/client-auth.ts:15
[15842211ms] [LOG] [Auth] Utilisateur connecté détecté {userId: cmt3i6d290000qn8stnmxf460, role: admin, email: admin@nexaflow.com} @ webpack-internal:///(app-pages-browser)/./src/lib/procedures/client-auth.ts:15
[15872227ms] [LOG] [Auth] Utilisateur connecté détecté {userId: cmt3i6d290000qn8stnmxf460, role: admin, email: admin@nexaflow.com} @ webpack-internal:///(app-pages-browser)/./src/lib/procedures/client-auth.ts:15
[15872227ms] [LOG] [Auth] Utilisateur connecté détecté {userId: cmt3i6d290000qn8stnmxf460, role: admin, email: admin@nexaflow.com} @ webpack-internal:///(app-pages-browser)/./src/lib/procedures/client-auth.ts:15
[15902218ms] [LOG] [Auth] Utilisateur connecté détecté {userId: cmt3i6d290000qn8stnmxf460, role: admin, email: admin@nexaflow.com} @ webpack-internal:///(app-pages-browser)/./src/lib/procedures/client-auth.ts:15
[15902218ms] [LOG] [Auth] Utilisateur connecté détecté {userId: cmt3i6d290000qn8stnmxf460, role: admin, email: admin@nexaflow.com} @ webpack-internal:///(app-pages-browser)/./src/lib/procedures/client-auth.ts:15
[15932228ms] [LOG] [Auth] Utilisateur connecté détecté {userId: cmt3i6d290000qn8stnmxf460, role: admin, email: admin@nexaflow.com} @ webpack-internal:///(app-pages-browser)/./src/lib/procedures/client-auth.ts:15
[15932229ms] [LOG] [Auth] Utilisateur connecté détecté {userId: cmt3i6d290000qn8stnmxf460, role: admin, email: admin@nexaflow.com} @ webpack-internal:///(app-pages-browser)/./src/lib/procedures/client-auth.ts:15
[15962217ms] [LOG] [Auth] Utilisateur connecté détecté {userId: cmt3i6d290000qn8stnmxf460, role: admin, email: admin@nexaflow.com} @ webpack-internal:///(app-pages-browser)/./src/lib/procedures/client-auth.ts:15
[15962217ms] [LOG] [Auth] Utilisateur connecté détecté {userId: cmt3i6d290000qn8stnmxf460, role: admin, email: admin@nexaflow.com} @ webpack-internal:///(app-pages-browser)/./src/lib/procedures/client-auth.ts:15
[15992195ms] [LOG] [Auth] Utilisateur connecté détecté {userId: cmt3i6d290000qn8stnmxf460, role: admin, email: admin@nexaflow.com} @ webpack-internal:///(app-pages-browser)/./src/lib/procedures/client-auth.ts:15
[15992196ms] [LOG] [Auth] Utilisateur connecté détecté {userId: cmt3i6d290000qn8stnmxf460, role: admin, email: admin@nexaflow.com} @ webpack-internal:///(app-pages-browser)/./src/lib/procedures/client-auth.ts:15
[16022234ms] [LOG] [Auth] Utilisateur connecté détecté {userId: cmt3i6d290000qn8stnmxf460, role: admin, email: admin@nexaflow.com} @ webpack-internal:///(app-pages-browser)/./src/lib/procedures/client-auth.ts:15
[16022234ms] [LOG] [Auth] Utilisateur connecté détecté {userId: cmt3i6d290000qn8stnmxf460, role: admin, email: admin@nexaflow.com} @ webpack-internal:///(app-pages-browser)/./src/lib/procedures/client-auth.ts:15
[16052208ms] [LOG] [Auth] Utilisateur connecté détecté {userId: cmt3i6d290000qn8stnmxf460, role: admin, email: admin@nexaflow.com} @ webpack-internal:///(app-pages-browser)/./src/lib/procedures/client-auth.ts:15
[16052208ms] [LOG] [Auth] Utilisateur connecté détecté {userId: cmt3i6d290000qn8stnmxf460, role: admin, email: admin@nexaflow.com} @ webpack-internal:///(app-pages-browser)/./src/lib/procedures/client-auth.ts:15
[16082212ms] [LOG] [Auth] Utilisateur connecté détecté {userId: cmt3i6d290000qn8stnmxf460, role: admin, email: admin@nexaflow.com} @ webpack-internal:///(app-pages-browser)/./src/lib/procedures/client-auth.ts:15
[16082213ms] [LOG] [Auth] Utilisateur connecté détecté {userId: cmt3i6d290000qn8stnmxf460, role: admin, email: admin@nexaflow.com} @ webpack-internal:///(app-pages-browser)/./src/lib/procedures/client-auth.ts:15
[16112213ms] [LOG] [Auth] Utilisateur connecté détecté {userId: cmt3i6d290000qn8stnmxf460, role: admin, email: admin@nexaflow.com} @ webpack-internal:///(app-pages-browser)/./src/lib/procedures/client-auth.ts:15
[16112214ms] [LOG] [Auth] Utilisateur connecté détecté {userId: cmt3i6d290000qn8stnmxf460, role: admin, email: admin@nexaflow.com} @ webpack-internal:///(app-pages-browser)/./src/lib/procedures/client-auth.ts:15
[16142209ms] [LOG] [Auth] Utilisateur connecté détecté {userId: cmt3i6d290000qn8stnmxf460, role: admin, email: admin@nexaflow.com} @ webpack-internal:///(app-pages-browser)/./src/lib/procedures/client-auth.ts:15
[16142209ms] [LOG] [Auth] Utilisateur connecté détecté {userId: cmt3i6d290000qn8stnmxf460, role: admin, email: admin@nexaflow.com} @ webpack-internal:///(app-pages-browser)/./src/lib/procedures/client-auth.ts:15
[16172262ms] [LOG] [Auth] Utilisateur connecté détecté {userId: cmt3i6d290000qn8stnmxf460, role: admin, email: admin@nexaflow.com} @ webpack-internal:///(app-pages-browser)/./src/lib/procedures/client-auth.ts:15
[16172262ms] [LOG] [Auth] Utilisateur connecté détecté {userId: cmt3i6d290000qn8stnmxf460, role: admin, email: admin@nexaflow.com} @ webpack-internal:///(app-pages-browser)/./src/lib/procedures/client-auth.ts:15
[16202197ms] [LOG] [Auth] Utilisateur connecté détecté {userId: cmt3i6d290000qn8stnmxf460, role: admin, email: admin@nexaflow.com} @ webpack-internal:///(app-pages-browser)/./src/lib/procedures/client-auth.ts:15
[16202197ms] [LOG] [Auth] Utilisateur connecté détecté {userId: cmt3i6d290000qn8stnmxf460, role: admin, email: admin@nexaflow.com} @ webpack-internal:///(app-pages-browser)/./src/lib/procedures/client-auth.ts:15
[16232216ms] [LOG] [Auth] Utilisateur connecté détecté {userId: cmt3i6d290000qn8stnmxf460, role: admin, email: admin@nexaflow.com} @ webpack-internal:///(app-pages-browser)/./src/lib/procedures/client-auth.ts:15
[16232217ms] [LOG] [Auth] Utilisateur connecté détecté {userId: cmt3i6d290000qn8stnmxf460, role: admin, email: admin@nexaflow.com} @ webpack-internal:///(app-pages-browser)/./src/lib/procedures/client-auth.ts:15
[16262197ms] [LOG] [Auth] Utilisateur connecté détecté {userId: cmt3i6d290000qn8stnmxf460, role: admin, email: admin@nexaflow.com} @ webpack-internal:///(app-pages-browser)/./src/lib/procedures/client-auth.ts:15
[16262197ms] [LOG] [Auth] Utilisateur connecté détecté {userId: cmt3i6d290000qn8stnmxf460, role: admin, email: admin@nexaflow.com} @ webpack-internal:///(app-pages-browser)/./src/lib/procedures/client-auth.ts:15
[16292205ms] [LOG] [Auth] Utilisateur connecté détecté {userId: cmt3i6d290000qn8stnmxf460, role: admin, email: admin@nexaflow.com} @ webpack-internal:///(app-pages-browser)/./src/lib/procedures/client-auth.ts:15
[16292205ms] [LOG] [Auth] Utilisateur connecté détecté {userId: cmt3i6d290000qn8stnmxf460, role: admin, email: admin@nexaflow.com} @ webpack-internal:///(app-pages-browser)/./src/lib/procedures/client-auth.ts:15
[16322195ms] [LOG] [Auth] Utilisateur connecté détecté {userId: cmt3i6d290000qn8stnmxf460, role: admin, email: admin@nexaflow.com} @ webpack-internal:///(app-pages-browser)/./src/lib/procedures/client-auth.ts:15
[16322196ms] [LOG] [Auth] Utilisateur connecté détecté {userId: cmt3i6d290000qn8stnmxf460, role: admin, email: admin@nexaflow.com} @ webpack-internal:///(app-pages-browser)/./src/lib/procedures/client-auth.ts:15
[16352221ms] [LOG] [Auth] Utilisateur connecté détecté {userId: cmt3i6d290000qn8stnmxf460, role: admin, email: admin@nexaflow.com} @ webpack-internal:///(app-pages-browser)/./src/lib/procedures/client-auth.ts:15
[16352221ms] [LOG] [Auth] Utilisateur connecté détecté {userId: cmt3i6d290000qn8stnmxf460, role: admin, email: admin@nexaflow.com} @ webpack-internal:///(app-pages-browser)/./src/lib/procedures/client-auth.ts:15
[16382203ms] [LOG] [Auth] Utilisateur connecté détecté {userId: cmt3i6d290000qn8stnmxf460, role: admin, email: admin@nexaflow.com} @ webpack-internal:///(app-pages-browser)/./src/lib/procedures/client-auth.ts:15
[16382203ms] [LOG] [Auth] Utilisateur connecté détecté {userId: cmt3i6d290000qn8stnmxf460, role: admin, email: admin@nexaflow.com} @ webpack-internal:///(app-pages-browser)/./src/lib/procedures/client-auth.ts:15
[16412224ms] [LOG] [Auth] Utilisateur connecté détecté {userId: cmt3i6d290000qn8stnmxf460, role: admin, email: admin@nexaflow.com} @ webpack-internal:///(app-pages-browser)/./src/lib/procedures/client-auth.ts:15
[16412224ms] [LOG] [Auth] Utilisateur connecté détecté {userId: cmt3i6d290000qn8stnmxf460, role: admin, email: admin@nexaflow.com} @ webpack-internal:///(app-pages-browser)/./src/lib/procedures/client-auth.ts:15
[16442226ms] [LOG] [Auth] Utilisateur connecté détecté {userId: cmt3i6d290000qn8stnmxf460, role: admin, email: admin@nexaflow.com} @ webpack-internal:///(app-pages-browser)/./src/lib/procedures/client-auth.ts:15
[16442226ms] [LOG] [Auth] Utilisateur connecté détecté {userId: cmt3i6d290000qn8stnmxf460, role: admin, email: admin@nexaflow.com} @ webpack-internal:///(app-pages-browser)/./src/lib/procedures/client-auth.ts:15
[16472214ms] [LOG] [Auth] Utilisateur connecté détecté {userId: cmt3i6d290000qn8stnmxf460, role: admin, email: admin@nexaflow.com} @ webpack-internal:///(app-pages-browser)/./src/lib/procedures/client-auth.ts:15
[16472214ms] [LOG] [Auth] Utilisateur connecté détecté {userId: cmt3i6d290000qn8stnmxf460, role: admin, email: admin@nexaflow.com} @ webpack-internal:///(app-pages-browser)/./src/lib/procedures/client-auth.ts:15
[16502266ms] [LOG] [Auth] Utilisateur connecté détecté {userId: cmt3i6d290000qn8stnmxf460, role: admin, email: admin@nexaflow.com} @ webpack-internal:///(app-pages-browser)/./src/lib/procedures/client-auth.ts:15
[16502266ms] [LOG] [Auth] Utilisateur connecté détecté {userId: cmt3i6d290000qn8stnmxf460, role: admin, email: admin@nexaflow.com} @ webpack-internal:///(app-pages-browser)/./src/lib/procedures/client-auth.ts:15
[16532214ms] [LOG] [Auth] Utilisateur connecté détecté {userId: cmt3i6d290000qn8stnmxf460, role: admin, email: admin@nexaflow.com} @ webpack-internal:///(app-pages-browser)/./src/lib/procedures/client-auth.ts:15
[16532214ms] [LOG] [Auth] Utilisateur connecté détecté {userId: cmt3i6d290000qn8stnmxf460, role: admin, email: admin@nexaflow.com} @ webpack-internal:///(app-pages-browser)/./src/lib/procedures/client-auth.ts:15
[16562233ms] [LOG] [Auth] Utilisateur connecté détecté {userId: cmt3i6d290000qn8stnmxf460, role: admin, email: admin@nexaflow.com} @ webpack-internal:///(app-pages-browser)/./src/lib/procedures/client-auth.ts:15
[16562234ms] [LOG] [Auth] Utilisateur connecté détecté {userId: cmt3i6d290000qn8stnmxf460, role: admin, email: admin@nexaflow.com} @ webpack-internal:///(app-pages-browser)/./src/lib/procedures/client-auth.ts:15
[16592220ms] [LOG] [Auth] Utilisateur connecté détecté {userId: cmt3i6d290000qn8stnmxf460, role: admin, email: admin@nexaflow.com} @ webpack-internal:///(app-pages-browser)/./src/lib/procedures/client-auth.ts:15
[16592220ms] [LOG] [Auth] Utilisateur connecté détecté {userId: cmt3i6d290000qn8stnmxf460, role: admin, email: admin@nexaflow.com} @ webpack-internal:///(app-pages-browser)/./src/lib/procedures/client-auth.ts:15
[16622207ms] [LOG] [Auth] Utilisateur connecté détecté {userId: cmt3i6d290000qn8stnmxf460, role: admin, email: admin@nexaflow.com} @ webpack-internal:///(app-pages-browser)/./src/lib/procedures/client-auth.ts:15
[16622207ms] [LOG] [Auth] Utilisateur connecté détecté {userId: cmt3i6d290000qn8stnmxf460, role: admin, email: admin@nexaflow.com} @ webpack-internal:///(app-pages-browser)/./src/lib/procedures/client-auth.ts:15
[16652205ms] [LOG] [Auth] Utilisateur connecté détecté {userId: cmt3i6d290000qn8stnmxf460, role: admin, email: admin@nexaflow.com} @ webpack-internal:///(app-pages-browser)/./src/lib/procedures/client-auth.ts:15
[16652205ms] [LOG] [Auth] Utilisateur connecté détecté {userId: cmt3i6d290000qn8stnmxf460, role: admin, email: admin@nexaflow.com} @ webpack-internal:///(app-pages-browser)/./src/lib/procedures/client-auth.ts:15
[16682224ms] [LOG] [Auth] Utilisateur connecté détecté {userId: cmt3i6d290000qn8stnmxf460, role: admin, email: admin@nexaflow.com} @ webpack-internal:///(app-pages-browser)/./src/lib/procedures/client-auth.ts:15
[16682224ms] [LOG] [Auth] Utilisateur connecté détecté {userId: cmt3i6d290000qn8stnmxf460, role: admin, email: admin@nexaflow.com} @ webpack-internal:///(app-pages-browser)/./src/lib/procedures/client-auth.ts:15
[16712237ms] [LOG] [Auth] Utilisateur connecté détecté {userId: cmt3i6d290000qn8stnmxf460, role: admin, email: admin@nexaflow.com} @ webpack-internal:///(app-pages-browser)/./src/lib/procedures/client-auth.ts:15
[16712237ms] [LOG] [Auth] Utilisateur connecté détecté {userId: cmt3i6d290000qn8stnmxf460, role: admin, email: admin@nexaflow.com} @ webpack-internal:///(app-pages-browser)/./src/lib/procedures/client-auth.ts:15
[16742226ms] [LOG] [Auth] Utilisateur connecté détecté {userId: cmt3i6d290000qn8stnmxf460, role: admin, email: admin@nexaflow.com} @ webpack-internal:///(app-pages-browser)/./src/lib/procedures/client-auth.ts:15
[16742226ms] [LOG] [Auth] Utilisateur connecté détecté {userId: cmt3i6d290000qn8stnmxf460, role: admin, email: admin@nexaflow.com} @ webpack-internal:///(app-pages-browser)/./src/lib/procedures/client-auth.ts:15
[16772226ms] [LOG] [Auth] Utilisateur connecté détecté {userId: cmt3i6d290000qn8stnmxf460, role: admin, email: admin@nexaflow.com} @ webpack-internal:///(app-pages-browser)/./src/lib/procedures/client-auth.ts:15
[16772226ms] [LOG] [Auth] Utilisateur connecté détecté {userId: cmt3i6d290000qn8stnmxf460, role: admin, email: admin@nexaflow.com} @ webpack-internal:///(app-pages-browser)/./src/lib/procedures/client-auth.ts:15
[16802195ms] [LOG] [Auth] Utilisateur connecté détecté {userId: cmt3i6d290000qn8stnmxf460, role: admin, email: admin@nexaflow.com} @ webpack-internal:///(app-pages-browser)/./src/lib/procedures/client-auth.ts:15
[16802195ms] [LOG] [Auth] Utilisateur connecté détecté {userId: cmt3i6d290000qn8stnmxf460, role: admin, email: admin@nexaflow.com} @ webpack-internal:///(app-pages-browser)/./src/lib/procedures/client-auth.ts:15
[16832217ms] [LOG] [Auth] Utilisateur connecté détecté {userId: cmt3i6d290000qn8stnmxf460, role: admin, email: admin@nexaflow.com} @ webpack-internal:///(app-pages-browser)/./src/lib/procedures/client-auth.ts:15
[16832218ms] [LOG] [Auth] Utilisateur connecté détecté {userId: cmt3i6d290000qn8stnmxf460, role: admin, email: admin@nexaflow.com} @ webpack-internal:///(app-pages-browser)/./src/lib/procedures/client-auth.ts:15
[16862204ms] [LOG] [Auth] Utilisateur connecté détecté {userId: cmt3i6d290000qn8stnmxf460, role: admin, email: admin@nexaflow.com} @ webpack-internal:///(app-pages-browser)/./src/lib/procedures/client-auth.ts:15
[16862204ms] [LOG] [Auth] Utilisateur connecté détecté {userId: cmt3i6d290000qn8stnmxf460, role: admin, email: admin@nexaflow.com} @ webpack-internal:///(app-pages-browser)/./src/lib/procedures/client-auth.ts:15
[16892227ms] [LOG] [Auth] Utilisateur connecté détecté {userId: cmt3i6d290000qn8stnmxf460, role: admin, email: admin@nexaflow.com} @ webpack-internal:///(app-pages-browser)/./src/lib/procedures/client-auth.ts:15
[16892228ms] [LOG] [Auth] Utilisateur connecté détecté {userId: cmt3i6d290000qn8stnmxf460, role: admin, email: admin@nexaflow.com} @ webpack-internal:///(app-pages-browser)/./src/lib/procedures/client-auth.ts:15
[16922230ms] [LOG] [Auth] Utilisateur connecté détecté {userId: cmt3i6d290000qn8stnmxf460, role: admin, email: admin@nexaflow.com} @ webpack-internal:///(app-pages-browser)/./src/lib/procedures/client-auth.ts:15
[16922231ms] [LOG] [Auth] Utilisateur connecté détecté {userId: cmt3i6d290000qn8stnmxf460, role: admin, email: admin@nexaflow.com} @ webpack-internal:///(app-pages-browser)/./src/lib/procedures/client-auth.ts:15
[16952229ms] [LOG] [Auth] Utilisateur connecté détecté {userId: cmt3i6d290000qn8stnmxf460, role: admin, email: admin@nexaflow.com} @ webpack-internal:///(app-pages-browser)/./src/lib/procedures/client-auth.ts:15
[16952230ms] [LOG] [Auth] Utilisateur connecté détecté {userId: cmt3i6d290000qn8stnmxf460, role: admin, email: admin@nexaflow.com} @ webpack-internal:///(app-pages-browser)/./src/lib/procedures/client-auth.ts:15
[16982223ms] [LOG] [Auth] Utilisateur connecté détecté {userId: cmt3i6d290000qn8stnmxf460, role: admin, email: admin@nexaflow.com} @ webpack-internal:///(app-pages-browser)/./src/lib/procedures/client-auth.ts:15
[16982223ms] [LOG] [Auth] Utilisateur connecté détecté {userId: cmt3i6d290000qn8stnmxf460, role: admin, email: admin@nexaflow.com} @ webpack-internal:///(app-pages-browser)/./src/lib/procedures/client-auth.ts:15
[17012225ms] [LOG] [Auth] Utilisateur connecté détecté {userId: cmt3i6d290000qn8stnmxf460, role: admin, email: admin@nexaflow.com} @ webpack-internal:///(app-pages-browser)/./src/lib/procedures/client-auth.ts:15
[17012225ms] [LOG] [Auth] Utilisateur connecté détecté {userId: cmt3i6d290000qn8stnmxf460, role: admin, email: admin@nexaflow.com} @ webpack-internal:///(app-pages-browser)/./src/lib/procedures/client-auth.ts:15
[17042224ms] [LOG] [Auth] Utilisateur connecté détecté {userId: cmt3i6d290000qn8stnmxf460, role: admin, email: admin@nexaflow.com} @ webpack-internal:///(app-pages-browser)/./src/lib/procedures/client-auth.ts:15
[17042224ms] [LOG] [Auth] Utilisateur connecté détecté {userId: cmt3i6d290000qn8stnmxf460, role: admin, email: admin@nexaflow.com} @ webpack-internal:///(app-pages-browser)/./src/lib/procedures/client-auth.ts:15
[17072228ms] [LOG] [Auth] Utilisateur connecté détecté {userId: cmt3i6d290000qn8stnmxf460, role: admin, email: admin@nexaflow.com} @ webpack-internal:///(app-pages-browser)/./src/lib/procedures/client-auth.ts:15
[17072229ms] [LOG] [Auth] Utilisateur connecté détecté {userId: cmt3i6d290000qn8stnmxf460, role: admin, email: admin@nexaflow.com} @ webpack-internal:///(app-pages-browser)/./src/lib/procedures/client-auth.ts:15
[17102206ms] [LOG] [Auth] Utilisateur connecté détecté {userId: cmt3i6d290000qn8stnmxf460, role: admin, email: admin@nexaflow.com} @ webpack-internal:///(app-pages-browser)/./src/lib/procedures/client-auth.ts:15
[17102206ms] [LOG] [Auth] Utilisateur connecté détecté {userId: cmt3i6d290000qn8stnmxf460, role: admin, email: admin@nexaflow.com} @ webpack-internal:///(app-pages-browser)/./src/lib/procedures/client-auth.ts:15
[17132227ms] [LOG] [Auth] Utilisateur connecté détecté {userId: cmt3i6d290000qn8stnmxf460, role: admin, email: admin@nexaflow.com} @ webpack-internal:///(app-pages-browser)/./src/lib/procedures/client-auth.ts:15
[17132228ms] [LOG] [Auth] Utilisateur connecté détecté {userId: cmt3i6d290000qn8stnmxf460, role: admin, email: admin@nexaflow.com} @ webpack-internal:///(app-pages-browser)/./src/lib/procedures/client-auth.ts:15
[17162223ms] [LOG] [Auth] Utilisateur connecté détecté {userId: cmt3i6d290000qn8stnmxf460, role: admin, email: admin@nexaflow.com} @ webpack-internal:///(app-pages-browser)/./src/lib/procedures/client-auth.ts:15
[17162224ms] [LOG] [Auth] Utilisateur connecté détecté {userId: cmt3i6d290000qn8stnmxf460, role: admin, email: admin@nexaflow.com} @ webpack-internal:///(app-pages-browser)/./src/lib/procedures/client-auth.ts:15
[17192237ms] [LOG] [Auth] Utilisateur connecté détecté {userId: cmt3i6d290000qn8stnmxf460, role: admin, email: admin@nexaflow.com} @ webpack-internal:///(app-pages-browser)/./src/lib/procedures/client-auth.ts:15
[17192237ms] [LOG] [Auth] Utilisateur connecté détecté {userId: cmt3i6d290000qn8stnmxf460, role: admin, email: admin@nexaflow.com} @ webpack-internal:///(app-pages-browser)/./src/lib/procedures/client-auth.ts:15
[17222229ms] [LOG] [Auth] Utilisateur connecté détecté {userId: cmt3i6d290000qn8stnmxf460, role: admin, email: admin@nexaflow.com} @ webpack-internal:///(app-pages-browser)/./src/lib/procedures/client-auth.ts:15
[17222229ms] [LOG] [Auth] Utilisateur connecté détecté {userId: cmt3i6d290000qn8stnmxf460, role: admin, email: admin@nexaflow.com} @ webpack-internal:///(app-pages-browser)/./src/lib/procedures/client-auth.ts:15
[17252208ms] [LOG] [Auth] Utilisateur connecté détecté {userId: cmt3i6d290000qn8stnmxf460, role: admin, email: admin@nexaflow.com} @ webpack-internal:///(app-pages-browser)/./src/lib/procedures/client-auth.ts:15
[17252208ms] [LOG] [Auth] Utilisateur connecté détecté {userId: cmt3i6d290000qn8stnmxf460, role: admin, email: admin@nexaflow.com} @ webpack-internal:///(app-pages-browser)/./src/lib/procedures/client-auth.ts:15
[17282198ms] [LOG] [Auth] Utilisateur connecté détecté {userId: cmt3i6d290000qn8stnmxf460, role: admin, email: admin@nexaflow.com} @ webpack-internal:///(app-pages-browser)/./src/lib/procedures/client-auth.ts:15
[17282198ms] [LOG] [Auth] Utilisateur connecté détecté {userId: cmt3i6d290000qn8stnmxf460, role: admin, email: admin@nexaflow.com} @ webpack-internal:///(app-pages-browser)/./src/lib/procedures/client-auth.ts:15
[17312206ms] [LOG] [Auth] Utilisateur connecté détecté {userId: cmt3i6d290000qn8stnmxf460, role: admin, email: admin@nexaflow.com} @ webpack-internal:///(app-pages-browser)/./src/lib/procedures/client-auth.ts:15
[17312207ms] [LOG] [Auth] Utilisateur connecté détecté {userId: cmt3i6d290000qn8stnmxf460, role: admin, email: admin@nexaflow.com} @ webpack-internal:///(app-pages-browser)/./src/lib/procedures/client-auth.ts:15
[17342221ms] [LOG] [Auth] Utilisateur connecté détecté {userId: cmt3i6d290000qn8stnmxf460, role: admin, email: admin@nexaflow.com} @ webpack-internal:///(app-pages-browser)/./src/lib/procedures/client-auth.ts:15
[17342221ms] [LOG] [Auth] Utilisateur connecté détecté {userId: cmt3i6d290000qn8stnmxf460, role: admin, email: admin@nexaflow.com} @ webpack-internal:///(app-pages-browser)/./src/lib/procedures/client-auth.ts:15
[17372227ms] [LOG] [Auth] Utilisateur connecté détecté {userId: cmt3i6d290000qn8stnmxf460, role: admin, email: admin@nexaflow.com} @ webpack-internal:///(app-pages-browser)/./src/lib/procedures/client-auth.ts:15
[17372228ms] [LOG] [Auth] Utilisateur connecté détecté {userId: cmt3i6d290000qn8stnmxf460, role: admin, email: admin@nexaflow.com} @ webpack-internal:///(app-pages-browser)/./src/lib/procedures/client-auth.ts:15
[17402223ms] [LOG] [Auth] Utilisateur connecté détecté {userId: cmt3i6d290000qn8stnmxf460, role: admin, email: admin@nexaflow.com} @ webpack-internal:///(app-pages-browser)/./src/lib/procedures/client-auth.ts:15
[17402223ms] [LOG] [Auth] Utilisateur connecté détecté {userId: cmt3i6d290000qn8stnmxf460, role: admin, email: admin@nexaflow.com} @ webpack-internal:///(app-pages-browser)/./src/lib/procedures/client-auth.ts:15
[17432371ms] [LOG] [Auth] Utilisateur connecté détecté {userId: cmt3i6d290000qn8stnmxf460, role: admin, email: admin@nexaflow.com} @ webpack-internal:///(app-pages-browser)/./src/lib/procedures/client-auth.ts:15
[17432372ms] [LOG] [Auth] Utilisateur connecté détecté {userId: cmt3i6d290000qn8stnmxf460, role: admin, email: admin@nexaflow.com} @ webpack-internal:///(app-pages-browser)/./src/lib/procedures/client-auth.ts:15
[17462211ms] [LOG] [Auth] Utilisateur connecté détecté {userId: cmt3i6d290000qn8stnmxf460, role: admin, email: admin@nexaflow.com} @ webpack-internal:///(app-pages-browser)/./src/lib/procedures/client-auth.ts:15
[17462211ms] [LOG] [Auth] Utilisateur connecté détecté {userId: cmt3i6d290000qn8stnmxf460, role: admin, email: admin@nexaflow.com} @ webpack-internal:///(app-pages-browser)/./src/lib/procedures/client-auth.ts:15
[17492226ms] [LOG] [Auth] Utilisateur connecté détecté {userId: cmt3i6d290000qn8stnmxf460, role: admin, email: admin@nexaflow.com} @ webpack-internal:///(app-pages-browser)/./src/lib/procedures/client-auth.ts:15
[17492227ms] [LOG] [Auth] Utilisateur connecté détecté {userId: cmt3i6d290000qn8stnmxf460, role: admin, email: admin@nexaflow.com} @ webpack-internal:///(app-pages-browser)/./src/lib/procedures/client-auth.ts:15
[17522231ms] [LOG] [Auth] Utilisateur connecté détecté {userId: cmt3i6d290000qn8stnmxf460, role: admin, email: admin@nexaflow.com} @ webpack-internal:///(app-pages-browser)/./src/lib/procedures/client-auth.ts:15
[17522231ms] [LOG] [Auth] Utilisateur connecté détecté {userId: cmt3i6d290000qn8stnmxf460, role: admin, email: admin@nexaflow.com} @ webpack-internal:///(app-pages-browser)/./src/lib/procedures/client-auth.ts:15
[17552220ms] [LOG] [Auth] Utilisateur connecté détecté {userId: cmt3i6d290000qn8stnmxf460, role: admin, email: admin@nexaflow.com} @ webpack-internal:///(app-pages-browser)/./src/lib/procedures/client-auth.ts:15
[17552220ms] [LOG] [Auth] Utilisateur connecté détecté {userId: cmt3i6d290000qn8stnmxf460, role: admin, email: admin@nexaflow.com} @ webpack-internal:///(app-pages-browser)/./src/lib/procedures/client-auth.ts:15
[17582221ms] [LOG] [Auth] Utilisateur connecté détecté {userId: cmt3i6d290000qn8stnmxf460, role: admin, email: admin@nexaflow.com} @ webpack-internal:///(app-pages-browser)/./src/lib/procedures/client-auth.ts:15
[17582221ms] [LOG] [Auth] Utilisateur connecté détecté {userId: cmt3i6d290000qn8stnmxf460, role: admin, email: admin@nexaflow.com} @ webpack-internal:///(app-pages-browser)/./src/lib/procedures/client-auth.ts:15
[17612221ms] [LOG] [Auth] Utilisateur connecté détecté {userId: cmt3i6d290000qn8stnmxf460, role: admin, email: admin@nexaflow.com} @ webpack-internal:///(app-pages-browser)/./src/lib/procedures/client-auth.ts:15
[17612222ms] [LOG] [Auth] Utilisateur connecté détecté {userId: cmt3i6d290000qn8stnmxf460, role: admin, email: admin@nexaflow.com} @ webpack-internal:///(app-pages-browser)/./src/lib/procedures/client-auth.ts:15
[17642222ms] [LOG] [Auth] Utilisateur connecté détecté {userId: cmt3i6d290000qn8stnmxf460, role: admin, email: admin@nexaflow.com} @ webpack-internal:///(app-pages-browser)/./src/lib/procedures/client-auth.ts:15
[17642222ms] [LOG] [Auth] Utilisateur connecté détecté {userId: cmt3i6d290000qn8stnmxf460, role: admin, email: admin@nexaflow.com} @ webpack-internal:///(app-pages-browser)/./src/lib/procedures/client-auth.ts:15
[17672227ms] [LOG] [Auth] Utilisateur connecté détecté {userId: cmt3i6d290000qn8stnmxf460, role: admin, email: admin@nexaflow.com} @ webpack-internal:///(app-pages-browser)/./src/lib/procedures/client-auth.ts:15
[17672228ms] [LOG] [Auth] Utilisateur connecté détecté {userId: cmt3i6d290000qn8stnmxf460, role: admin, email: admin@nexaflow.com} @ webpack-internal:///(app-pages-browser)/./src/lib/procedures/client-auth.ts:15
[17702232ms] [LOG] [Auth] Utilisateur connecté détecté {userId: cmt3i6d290000qn8stnmxf460, role: admin, email: admin@nexaflow.com} @ webpack-internal:///(app-pages-browser)/./src/lib/procedures/client-auth.ts:15
[17702233ms] [LOG] [Auth] Utilisateur connecté détecté {userId: cmt3i6d290000qn8stnmxf460, role: admin, email: admin@nexaflow.com} @ webpack-internal:///(app-pages-browser)/./src/lib/procedures/client-auth.ts:15
[17732230ms] [LOG] [Auth] Utilisateur connecté détecté {userId: cmt3i6d290000qn8stnmxf460, role: admin, email: admin@nexaflow.com} @ webpack-internal:///(app-pages-browser)/./src/lib/procedures/client-auth.ts:15
[17732230ms] [LOG] [Auth] Utilisateur connecté détecté {userId: cmt3i6d290000qn8stnmxf460, role: admin, email: admin@nexaflow.com} @ webpack-internal:///(app-pages-browser)/./src/lib/procedures/client-auth.ts:15
[17762275ms] [LOG] [Auth] Utilisateur connecté détecté {userId: cmt3i6d290000qn8stnmxf460, role: admin, email: admin@nexaflow.com} @ webpack-internal:///(app-pages-browser)/./src/lib/procedures/client-auth.ts:15
[17762275ms] [LOG] [Auth] Utilisateur connecté détecté {userId: cmt3i6d290000qn8stnmxf460, role: admin, email: admin@nexaflow.com} @ webpack-internal:///(app-pages-browser)/./src/lib/procedures/client-auth.ts:15
[17792246ms] [LOG] [Auth] Utilisateur connecté détecté {userId: cmt3i6d290000qn8stnmxf460, role: admin, email: admin@nexaflow.com} @ webpack-internal:///(app-pages-browser)/./src/lib/procedures/client-auth.ts:15
[17792246ms] [LOG] [Auth] Utilisateur connecté détecté {userId: cmt3i6d290000qn8stnmxf460, role: admin, email: admin@nexaflow.com} @ webpack-internal:///(app-pages-browser)/./src/lib/procedures/client-auth.ts:15
[17822215ms] [LOG] [Auth] Utilisateur connecté détecté {userId: cmt3i6d290000qn8stnmxf460, role: admin, email: admin@nexaflow.com} @ webpack-internal:///(app-pages-browser)/./src/lib/procedures/client-auth.ts:15
[17822215ms] [LOG] [Auth] Utilisateur connecté détecté {userId: cmt3i6d290000qn8stnmxf460, role: admin, email: admin@nexaflow.com} @ webpack-internal:///(app-pages-browser)/./src/lib/procedures/client-auth.ts:15
[17852220ms] [LOG] [Auth] Utilisateur connecté détecté {userId: cmt3i6d290000qn8stnmxf460, role: admin, email: admin@nexaflow.com} @ webpack-internal:///(app-pages-browser)/./src/lib/procedures/client-auth.ts:15
[17852220ms] [LOG] [Auth] Utilisateur connecté détecté {userId: cmt3i6d290000qn8stnmxf460, role: admin, email: admin@nexaflow.com} @ webpack-internal:///(app-pages-browser)/./src/lib/procedures/client-auth.ts:15
[17882220ms] [LOG] [Auth] Utilisateur connecté détecté {userId: cmt3i6d290000qn8stnmxf460, role: admin, email: admin@nexaflow.com} @ webpack-internal:///(app-pages-browser)/./src/lib/procedures/client-auth.ts:15
[17882221ms] [LOG] [Auth] Utilisateur connecté détecté {userId: cmt3i6d290000qn8stnmxf460, role: admin, email: admin@nexaflow.com} @ webpack-internal:///(app-pages-browser)/./src/lib/procedures/client-auth.ts:15
[17912197ms] [LOG] [Auth] Utilisateur connecté détecté {userId: cmt3i6d290000qn8stnmxf460, role: admin, email: admin@nexaflow.com} @ webpack-internal:///(app-pages-browser)/./src/lib/procedures/client-auth.ts:15
[17912198ms] [LOG] [Auth] Utilisateur connecté détecté {userId: cmt3i6d290000qn8stnmxf460, role: admin, email: admin@nexaflow.com} @ webpack-internal:///(app-pages-browser)/./src/lib/procedures/client-auth.ts:15
[17942224ms] [LOG] [Auth] Utilisateur connecté détecté {userId: cmt3i6d290000qn8stnmxf460, role: admin, email: admin@nexaflow.com} @ webpack-internal:///(app-pages-browser)/./src/lib/procedures/client-auth.ts:15
[17942225ms] [LOG] [Auth] Utilisateur connecté détecté {userId: cmt3i6d290000qn8stnmxf460, role: admin, email: admin@nexaflow.com} @ webpack-internal:///(app-pages-browser)/./src/lib/procedures/client-auth.ts:15
[17972229ms] [LOG] [Auth] Utilisateur connecté détecté {userId: cmt3i6d290000qn8stnmxf460, role: admin, email: admin@nexaflow.com} @ webpack-internal:///(app-pages-browser)/./src/lib/procedures/client-auth.ts:15
[17972229ms] [LOG] [Auth] Utilisateur connecté détecté {userId: cmt3i6d290000qn8stnmxf460, role: admin, email: admin@nexaflow.com} @ webpack-internal:///(app-pages-browser)/./src/lib/procedures/client-auth.ts:15
[18002212ms] [LOG] [Auth] Utilisateur connecté détecté {userId: cmt3i6d290000qn8stnmxf460, role: admin, email: admin@nexaflow.com} @ webpack-internal:///(app-pages-browser)/./src/lib/procedures/client-auth.ts:15
[18002212ms] [LOG] [Auth] Utilisateur connecté détecté {userId: cmt3i6d290000qn8stnmxf460, role: admin, email: admin@nexaflow.com} @ webpack-internal:///(app-pages-browser)/./src/lib/procedures/client-auth.ts:15
[18032217ms] [LOG] [Auth] Utilisateur connecté détecté {userId: cmt3i6d290000qn8stnmxf460, role: admin, email: admin@nexaflow.com} @ webpack-internal:///(app-pages-browser)/./src/lib/procedures/client-auth.ts:15
[18032218ms] [LOG] [Auth] Utilisateur connecté détecté {userId: cmt3i6d290000qn8stnmxf460, role: admin, email: admin@nexaflow.com} @ webpack-internal:///(app-pages-browser)/./src/lib/procedures/client-auth.ts:15
[18062214ms] [LOG] [Auth] Utilisateur connecté détecté {userId: cmt3i6d290000qn8stnmxf460, role: admin, email: admin@nexaflow.com} @ webpack-internal:///(app-pages-browser)/./src/lib/procedures/client-auth.ts:15
[18062215ms] [LOG] [Auth] Utilisateur connecté détecté {userId: cmt3i6d290000qn8stnmxf460, role: admin, email: admin@nexaflow.com} @ webpack-internal:///(app-pages-browser)/./src/lib/procedures/client-auth.ts:15
[18092209ms] [LOG] [Auth] Utilisateur connecté détecté {userId: cmt3i6d290000qn8stnmxf460, role: admin, email: admin@nexaflow.com} @ webpack-internal:///(app-pages-browser)/./src/lib/procedures/client-auth.ts:15
[18092209ms] [LOG] [Auth] Utilisateur connecté détecté {userId: cmt3i6d290000qn8stnmxf460, role: admin, email: admin@nexaflow.com} @ webpack-internal:///(app-pages-browser)/./src/lib/procedures/client-auth.ts:15
[18122222ms] [LOG] [Auth] Utilisateur connecté détecté {userId: cmt3i6d290000qn8stnmxf460, role: admin, email: admin@nexaflow.com} @ webpack-internal:///(app-pages-browser)/./src/lib/procedures/client-auth.ts:15
[18122223ms] [LOG] [Auth] Utilisateur connecté détecté {userId: cmt3i6d290000qn8stnmxf460, role: admin, email: admin@nexaflow.com} @ webpack-internal:///(app-pages-browser)/./src/lib/procedures/client-auth.ts:15
[18152231ms] [LOG] [Auth] Utilisateur connecté détecté {userId: cmt3i6d290000qn8stnmxf460, role: admin, email: admin@nexaflow.com} @ webpack-internal:///(app-pages-browser)/./src/lib/procedures/client-auth.ts:15
[18152232ms] [LOG] [Auth] Utilisateur connecté détecté {userId: cmt3i6d290000qn8stnmxf460, role: admin, email: admin@nexaflow.com} @ webpack-internal:///(app-pages-browser)/./src/lib/procedures/client-auth.ts:15
[18182203ms] [LOG] [Auth] Utilisateur connecté détecté {userId: cmt3i6d290000qn8stnmxf460, role: admin, email: admin@nexaflow.com} @ webpack-internal:///(app-pages-browser)/./src/lib/procedures/client-auth.ts:15
[18182204ms] [LOG] [Auth] Utilisateur connecté détecté {userId: cmt3i6d290000qn8stnmxf460, role: admin, email: admin@nexaflow.com} @ webpack-internal:///(app-pages-browser)/./src/lib/procedures/client-auth.ts:15
[18212209ms] [LOG] [Auth] Utilisateur connecté détecté {userId: cmt3i6d290000qn8stnmxf460, role: admin, email: admin@nexaflow.com} @ webpack-internal:///(app-pages-browser)/./src/lib/procedures/client-auth.ts:15
[18212209ms] [LOG] [Auth] Utilisateur connecté détecté {userId: cmt3i6d290000qn8stnmxf460, role: admin, email: admin@nexaflow.com} @ webpack-internal:///(app-pages-browser)/./src/lib/procedures/client-auth.ts:15
[18242231ms] [LOG] [Auth] Utilisateur connecté détecté {userId: cmt3i6d290000qn8stnmxf460, role: admin, email: admin@nexaflow.com} @ webpack-internal:///(app-pages-browser)/./src/lib/procedures/client-auth.ts:15
[18242231ms] [LOG] [Auth] Utilisateur connecté détecté {userId: cmt3i6d290000qn8stnmxf460, role: admin, email: admin@nexaflow.com} @ webpack-internal:///(app-pages-browser)/./src/lib/procedures/client-auth.ts:15
[18272228ms] [LOG] [Auth] Utilisateur connecté détecté {userId: cmt3i6d290000qn8stnmxf460, role: admin, email: admin@nexaflow.com} @ webpack-internal:///(app-pages-browser)/./src/lib/procedures/client-auth.ts:15
[18272228ms] [LOG] [Auth] Utilisateur connecté détecté {userId: cmt3i6d290000qn8stnmxf460, role: admin, email: admin@nexaflow.com} @ webpack-internal:///(app-pages-browser)/./src/lib/procedures/client-auth.ts:15
[18302240ms] [LOG] [Auth] Utilisateur connecté détecté {userId: cmt3i6d290000qn8stnmxf460, role: admin, email: admin@nexaflow.com} @ webpack-internal:///(app-pages-browser)/./src/lib/procedures/client-auth.ts:15
[18302240ms] [LOG] [Auth] Utilisateur connecté détecté {userId: cmt3i6d290000qn8stnmxf460, role: admin, email: admin@nexaflow.com} @ webpack-internal:///(app-pages-browser)/./src/lib/procedures/client-auth.ts:15
[18332221ms] [LOG] [Auth] Utilisateur connecté détecté {userId: cmt3i6d290000qn8stnmxf460, role: admin, email: admin@nexaflow.com} @ webpack-internal:///(app-pages-browser)/./src/lib/procedures/client-auth.ts:15
[18332222ms] [LOG] [Auth] Utilisateur connecté détecté {userId: cmt3i6d290000qn8stnmxf460, role: admin, email: admin@nexaflow.com} @ webpack-internal:///(app-pages-browser)/./src/lib/procedures/client-auth.ts:15
[18362317ms] [LOG] [Auth] Utilisateur connecté détecté {userId: cmt3i6d290000qn8stnmxf460, role: admin, email: admin@nexaflow.com} @ webpack-internal:///(app-pages-browser)/./src/lib/procedures/client-auth.ts:15
[18362318ms] [LOG] [Auth] Utilisateur connecté détecté {userId: cmt3i6d290000qn8stnmxf460, role: admin, email: admin@nexaflow.com} @ webpack-internal:///(app-pages-browser)/./src/lib/procedures/client-auth.ts:15
[18392405ms] [LOG] [Auth] Utilisateur connecté détecté {userId: cmt3i6d290000qn8stnmxf460, role: admin, email: admin@nexaflow.com} @ webpack-internal:///(app-pages-browser)/./src/lib/procedures/client-auth.ts:15
[18392405ms] [LOG] [Auth] Utilisateur connecté détecté {userId: cmt3i6d290000qn8stnmxf460, role: admin, email: admin@nexaflow.com} @ webpack-internal:///(app-pages-browser)/./src/lib/procedures/client-auth.ts:15
[18392859ms] [LOG] [Fast Refresh] rebuilding @ webpack-internal:///(app-pages-browser)/./node_modules/next/dist/client/components/react-dev-overlay/app/hot-reloader-client.js:186
[18394488ms] [LOG] [Fast Refresh] rebuilding @ webpack-internal:///(app-pages-browser)/./node_modules/next/dist/client/components/react-dev-overlay/app/hot-reloader-client.js:186
[18394596ms] [LOG] [Fast Refresh] done in 109ms @ webpack-internal:///(app-pages-browser)/./node_modules/next/dist/client/components/react-dev-overlay/app/hot-reloader-client.js:43
[18396649ms] [LOG] [Fast Refresh] done in 2162ms @ webpack-internal:///(app-pages-browser)/./node_modules/next/dist/client/components/react-dev-overlay/app/hot-reloader-client.js:43
[18397663ms] [LOG] [Auth] Utilisateur connecté détecté {userId: cmt3i6d290000qn8stnmxf460, role: admin, email: admin@nexaflow.com} @ webpack-internal:///(app-pages-browser)/./src/lib/procedures/client-auth.ts:15
[18397664ms] [LOG] [Auth] Utilisateur connecté détecté {userId: cmt3i6d290000qn8stnmxf460, role: admin, email: admin@nexaflow.com} @ webpack-internal:///(app-pages-browser)/./src/lib/procedures/client-auth.ts:15
[18397669ms] [LOG] [StructureBDD] render result {web: 7, local: 0, vector: 0, images: 1, webError: false} @ webpack-internal:///(app-pages-browser)/./src/app/(dashboard)/structure-bdd/page.tsx:1485
[18397670ms] [LOG] [StructureBDD] render result {web: 7, local: 0, vector: 0, images: 1, webError: false} @ webpack-internal:///(app-pages-browser)/./src/app/(dashboard)/structure-bdd/page.tsx:1485
[18409615ms] [LOG] [Fast Refresh] rebuilding @ webpack-internal:///(app-pages-browser)/./node_modules/next/dist/client/components/react-dev-overlay/app/hot-reloader-client.js:186
[18410847ms] [LOG] [Fast Refresh] done in 1233ms @ webpack-internal:///(app-pages-browser)/./node_modules/next/dist/client/components/react-dev-overlay/app/hot-reloader-client.js:43
[18411008ms] [LOG] [Auth] Utilisateur connecté détecté {userId: cmt3i6d290000qn8stnmxf460, role: admin, email: admin@nexaflow.com} @ webpack-internal:///(app-pages-browser)/./src/lib/procedures/client-auth.ts:15
[18411009ms] [LOG] [Auth] Utilisateur connecté détecté {userId: cmt3i6d290000qn8stnmxf460, role: admin, email: admin@nexaflow.com} @ webpack-internal:///(app-pages-browser)/./src/lib/procedures/client-auth.ts:15
[18411014ms] [LOG] [StructureBDD] render result {web: 7, local: 0, vector: 0, images: 1, webError: false} @ webpack-internal:///(app-pages-browser)/./src/app/(dashboard)/structure-bdd/page.tsx:1485
[18411015ms] [LOG] [StructureBDD] render result {web: 7, local: 0, vector: 0, images: 1, webError: false} @ webpack-internal:///(app-pages-browser)/./src/app/(dashboard)/structure-bdd/page.tsx:1485
[18422217ms] [LOG] [Auth] Utilisateur connecté détecté {userId: cmt3i6d290000qn8stnmxf460, role: admin, email: admin@nexaflow.com} @ webpack-internal:///(app-pages-browser)/./src/lib/procedures/client-auth.ts:15
[18422217ms] [LOG] [Auth] Utilisateur connecté détecté {userId: cmt3i6d290000qn8stnmxf460, role: admin, email: admin@nexaflow.com} @ webpack-internal:///(app-pages-browser)/./src/lib/procedures/client-auth.ts:15
[18433006ms] [LOG] [Fast Refresh] rebuilding @ webpack-internal:///(app-pages-browser)/./node_modules/next/dist/client/components/react-dev-overlay/app/hot-reloader-client.js:186
[18433990ms] [LOG] [Fast Refresh] rebuilding @ webpack-internal:///(app-pages-browser)/./node_modules/next/dist/client/components/react-dev-overlay/app/hot-reloader-client.js:186
[18434087ms] [LOG] [Fast Refresh] done in 97ms @ webpack-internal:///(app-pages-browser)/./node_modules/next/dist/client/components/react-dev-overlay/app/hot-reloader-client.js:43
[18435300ms] [LOG] [Fast Refresh] done in 1310ms @ webpack-internal:///(app-pages-browser)/./node_modules/next/dist/client/components/react-dev-overlay/app/hot-reloader-client.js:43
[18435526ms] [LOG] [Auth] Utilisateur connecté détecté {userId: cmt3i6d290000qn8stnmxf460, role: admin, email: admin@nexaflow.com} @ webpack-internal:///(app-pages-browser)/./src/lib/procedures/client-auth.ts:15
[18435527ms] [LOG] [Auth] Utilisateur connecté détecté {userId: cmt3i6d290000qn8stnmxf460, role: admin, email: admin@nexaflow.com} @ webpack-internal:///(app-pages-browser)/./src/lib/procedures/client-auth.ts:15
[18435532ms] [LOG] [StructureBDD] render result {web: 7, local: 0, vector: 0, images: 1, webError: false} @ webpack-internal:///(app-pages-browser)/./src/app/(dashboard)/structure-bdd/page.tsx:1485
[18435533ms] [LOG] [StructureBDD] render result {web: 7, local: 0, vector: 0, images: 1, webError: false} @ webpack-internal:///(app-pages-browser)/./src/app/(dashboard)/structure-bdd/page.tsx:1485
[18449635ms] [LOG] [Fast Refresh] rebuilding @ webpack-internal:///(app-pages-browser)/./node_modules/next/dist/client/components/react-dev-overlay/app/hot-reloader-client.js:186
[18451829ms] [LOG] [Fast Refresh] done in 2194ms @ webpack-internal:///(app-pages-browser)/./node_modules/next/dist/client/components/react-dev-overlay/app/hot-reloader-client.js:43
[18455616ms] [LOG] [Auth] Utilisateur connecté détecté {userId: cmt3i6d290000qn8stnmxf460, role: admin, email: admin@nexaflow.com} @ webpack-internal:///(app-pages-browser)/./src/lib/procedures/client-auth.ts:15
[18455617ms] [LOG] [Auth] Utilisateur connecté détecté {userId: cmt3i6d290000qn8stnmxf460, role: admin, email: admin@nexaflow.com} @ webpack-internal:///(app-pages-browser)/./src/lib/procedures/client-auth.ts:15
[18456066ms] [LOG] [Auth] Utilisateur connecté détecté {userId: cmt3i6d290000qn8stnmxf460, role: admin, email: admin@nexaflow.com} @ webpack-internal:///(app-pages-browser)/./src/lib/procedures/client-auth.ts:15
[18456067ms] [LOG] [Auth] Utilisateur connecté détecté {userId: cmt3i6d290000qn8stnmxf460, role: admin, email: admin@nexaflow.com} @ webpack-internal:///(app-pages-browser)/./src/lib/procedures/client-auth.ts:15
[18456073ms] [LOG] [StructureBDD] render result {web: 7, local: 0, vector: 0, images: 1, webError: false} @ webpack-internal:///(app-pages-browser)/./src/app/(dashboard)/structure-bdd/page.tsx:1485
[18456073ms] [LOG] [StructureBDD] render result {web: 7, local: 0, vector: 0, images: 1, webError: false} @ webpack-internal:///(app-pages-browser)/./src/app/(dashboard)/structure-bdd/page.tsx:1485
[18463026ms] [LOG] [Fast Refresh] rebuilding @ webpack-internal:///(app-pages-browser)/./node_modules/next/dist/client/components/react-dev-overlay/app/hot-reloader-client.js:186
[18464519ms] [LOG] [Fast Refresh] done in 1492ms @ webpack-internal:///(app-pages-browser)/./node_modules/next/dist/client/components/react-dev-overlay/app/hot-reloader-client.js:43
[18468454ms] [LOG] [Auth] Utilisateur connecté détecté {userId: cmt3i6d290000qn8stnmxf460, role: admin, email: admin@nexaflow.com} @ webpack-internal:///(app-pages-browser)/./src/lib/procedures/client-auth.ts:15
[18468454ms] [LOG] [Auth] Utilisateur connecté détecté {userId: cmt3i6d290000qn8stnmxf460, role: admin, email: admin@nexaflow.com} @ webpack-internal:///(app-pages-browser)/./src/lib/procedures/client-auth.ts:15
[18468458ms] [LOG] [StructureBDD] render result {web: 7, local: 0, vector: 0, images: 1, webError: false} @ webpack-internal:///(app-pages-browser)/./src/app/(dashboard)/structure-bdd/page.tsx:1485
[18468459ms] [LOG] [StructureBDD] render result {web: 7, local: 0, vector: 0, images: 1, webError: false} @ webpack-internal:///(app-pages-browser)/./src/app/(dashboard)/structure-bdd/page.tsx:1485
[18476937ms] [LOG] [Fast Refresh] rebuilding @ webpack-internal:///(app-pages-browser)/./node_modules/next/dist/client/components/react-dev-overlay/app/hot-reloader-client.js:186
[18478022ms] [LOG] [Fast Refresh] done in 1084ms @ webpack-internal:///(app-pages-browser)/./node_modules/next/dist/client/components/react-dev-overlay/app/hot-reloader-client.js:43
[18478238ms] [LOG] [Auth] Utilisateur connecté détecté {userId: cmt3i6d290000qn8stnmxf460, role: admin, email: admin@nexaflow.com} @ webpack-internal:///(app-pages-browser)/./src/lib/procedures/client-auth.ts:15
[18478239ms] [LOG] [Auth] Utilisateur connecté détecté {userId: cmt3i6d290000qn8stnmxf460, role: admin, email: admin@nexaflow.com} @ webpack-internal:///(app-pages-browser)/./src/lib/procedures/client-auth.ts:15
[18478243ms] [LOG] [StructureBDD] render result {web: 7, local: 0, vector: 0, images: 1, webError: false} @ webpack-internal:///(app-pages-browser)/./src/app/(dashboard)/structure-bdd/page.tsx:1485
[18478243ms] [LOG] [StructureBDD] render result {web: 7, local: 0, vector: 0, images: 1, webError: false} @ webpack-internal:///(app-pages-browser)/./src/app/(dashboard)/structure-bdd/page.tsx:1485
[18482226ms] [LOG] [Auth] Utilisateur connecté détecté {userId: cmt3i6d290000qn8stnmxf460, role: admin, email: admin@nexaflow.com} @ webpack-internal:///(app-pages-browser)/./src/lib/procedures/client-auth.ts:15
[18482226ms] [LOG] [Auth] Utilisateur connecté détecté {userId: cmt3i6d290000qn8stnmxf460, role: admin, email: admin@nexaflow.com} @ webpack-internal:///(app-pages-browser)/./src/lib/procedures/client-auth.ts:15
[18493952ms] [LOG] [Fast Refresh] rebuilding @ webpack-internal:///(app-pages-browser)/./node_modules/next/dist/client/components/react-dev-overlay/app/hot-reloader-client.js:186
[18494946ms] [LOG] [Fast Refresh] done in 994ms @ webpack-internal:///(app-pages-browser)/./node_modules/next/dist/client/components/react-dev-overlay/app/hot-reloader-client.js:43
[18495114ms] [LOG] [Auth] Utilisateur connecté détecté {userId: cmt3i6d290000qn8stnmxf460, role: admin, email: admin@nexaflow.com} @ webpack-internal:///(app-pages-browser)/./src/lib/procedures/client-auth.ts:15
[18495114ms] [LOG] [Auth] Utilisateur connecté détecté {userId: cmt3i6d290000qn8stnmxf460, role: admin, email: admin@nexaflow.com} @ webpack-internal:///(app-pages-browser)/./src/lib/procedures/client-auth.ts:15
[18495118ms] [LOG] [StructureBDD] render result {web: 7, local: 0, vector: 0, images: 1, webError: false} @ webpack-internal:///(app-pages-browser)/./src/app/(dashboard)/structure-bdd/page.tsx:1485
[18495118ms] [LOG] [StructureBDD] render result {web: 7, local: 0, vector: 0, images: 1, webError: false} @ webpack-internal:///(app-pages-browser)/./src/app/(dashboard)/structure-bdd/page.tsx:1485
[18512233ms] [LOG] [Auth] Utilisateur connecté détecté {userId: cmt3i6d290000qn8stnmxf460, role: admin, email: admin@nexaflow.com} @ webpack-internal:///(app-pages-browser)/./src/lib/procedures/client-auth.ts:15
[18512234ms] [LOG] [Auth] Utilisateur connecté détecté {userId: cmt3i6d290000qn8stnmxf460, role: admin, email: admin@nexaflow.com} @ webpack-internal:///(app-pages-browser)/./src/lib/procedures/client-auth.ts:15
[18542218ms] [LOG] [Auth] Utilisateur connecté détecté {userId: cmt3i6d290000qn8stnmxf460, role: admin, email: admin@nexaflow.com} @ webpack-internal:///(app-pages-browser)/./src/lib/procedures/client-auth.ts:15
[18542218ms] [LOG] [Auth] Utilisateur connecté détecté {userId: cmt3i6d290000qn8stnmxf460, role: admin, email: admin@nexaflow.com} @ webpack-internal:///(app-pages-browser)/./src/lib/procedures/client-auth.ts:15
[18572223ms] [LOG] [Auth] Utilisateur connecté détecté {userId: cmt3i6d290000qn8stnmxf460, role: admin, email: admin@nexaflow.com} @ webpack-internal:///(app-pages-browser)/./src/lib/procedures/client-auth.ts:15
[18572224ms] [LOG] [Auth] Utilisateur connecté détecté {userId: cmt3i6d290000qn8stnmxf460, role: admin, email: admin@nexaflow.com} @ webpack-internal:///(app-pages-browser)/./src/lib/procedures/client-auth.ts:15
[18602253ms] [LOG] [Auth] Utilisateur connecté détecté {userId: cmt3i6d290000qn8stnmxf460, role: admin, email: admin@nexaflow.com} @ webpack-internal:///(app-pages-browser)/./src/lib/procedures/client-auth.ts:15
[18602253ms] [LOG] [Auth] Utilisateur connecté détecté {userId: cmt3i6d290000qn8stnmxf460, role: admin, email: admin@nexaflow.com} @ webpack-internal:///(app-pages-browser)/./src/lib/procedures/client-auth.ts:15
[18602990ms] [LOG] [Fast Refresh] rebuilding @ webpack-internal:///(app-pages-browser)/./node_modules/next/dist/client/components/react-dev-overlay/app/hot-reloader-client.js:186
[18605106ms] [LOG] [Fast Refresh] done in 2115ms @ webpack-internal:///(app-pages-browser)/./node_modules/next/dist/client/components/react-dev-overlay/app/hot-reloader-client.js:43
[18606802ms] [LOG] [Auth] Utilisateur connecté détecté {userId: cmt3i6d290000qn8stnmxf460, role: admin, email: admin@nexaflow.com} @ webpack-internal:///(app-pages-browser)/./src/lib/procedures/client-auth.ts:15
[18606803ms] [LOG] [Auth] Utilisateur connecté détecté {userId: cmt3i6d290000qn8stnmxf460, role: admin, email: admin@nexaflow.com} @ webpack-internal:///(app-pages-browser)/./src/lib/procedures/client-auth.ts:15
[18606806ms] [LOG] [StructureBDD] render result {web: 7, local: 0, vector: 0, images: 1, webError: false} @ webpack-internal:///(app-pages-browser)/./src/app/(dashboard)/structure-bdd/page.tsx:1485
[18606806ms] [LOG] [StructureBDD] render result {web: 7, local: 0, vector: 0, images: 1, webError: false} @ webpack-internal:///(app-pages-browser)/./src/app/(dashboard)/structure-bdd/page.tsx:1485
[18632269ms] [LOG] [Auth] Utilisateur connecté détecté {userId: cmt3i6d290000qn8stnmxf460, role: admin, email: admin@nexaflow.com} @ webpack-internal:///(app-pages-browser)/./src/lib/procedures/client-auth.ts:15
[18632270ms] [LOG] [Auth] Utilisateur connecté détecté {userId: cmt3i6d290000qn8stnmxf460, role: admin, email: admin@nexaflow.com} @ webpack-internal:///(app-pages-browser)/./src/lib/procedures/client-auth.ts:15
[18662246ms] [LOG] [Auth] Utilisateur connecté détecté {userId: cmt3i6d290000qn8stnmxf460, role: admin, email: admin@nexaflow.com} @ webpack-internal:///(app-pages-browser)/./src/lib/procedures/client-auth.ts:15
[18662246ms] [LOG] [Auth] Utilisateur connecté détecté {userId: cmt3i6d290000qn8stnmxf460, role: admin, email: admin@nexaflow.com} @ webpack-internal:///(app-pages-browser)/./src/lib/procedures/client-auth.ts:15
[18692280ms] [LOG] [Auth] Utilisateur connecté détecté {userId: cmt3i6d290000qn8stnmxf460, role: admin, email: admin@nexaflow.com} @ webpack-internal:///(app-pages-browser)/./src/lib/procedures/client-auth.ts:15
[18692281ms] [LOG] [Auth] Utilisateur connecté détecté {userId: cmt3i6d290000qn8stnmxf460, role: admin, email: admin@nexaflow.com} @ webpack-internal:///(app-pages-browser)/./src/lib/procedures/client-auth.ts:15
[18716614ms] [LOG] [Fast Refresh] rebuilding @ webpack-internal:///(app-pages-browser)/./node_modules/next/dist/client/components/react-dev-overlay/app/hot-reloader-client.js:186
[18718484ms] [LOG] [Fast Refresh] done in 1870ms @ webpack-internal:///(app-pages-browser)/./node_modules/next/dist/client/components/react-dev-overlay/app/hot-reloader-client.js:43
[18720330ms] [LOG] [Auth] Utilisateur connecté détecté {userId: cmt3i6d290000qn8stnmxf460, role: admin, email: admin@nexaflow.com} @ webpack-internal:///(app-pages-browser)/./src/lib/procedures/client-auth.ts:15
[18720331ms] [LOG] [Auth] Utilisateur connecté détecté {userId: cmt3i6d290000qn8stnmxf460, role: admin, email: admin@nexaflow.com} @ webpack-internal:///(app-pages-browser)/./src/lib/procedures/client-auth.ts:15
[18720335ms] [LOG] [StructureBDD] render result {web: 7, local: 0, vector: 0, images: 1, webError: false} @ webpack-internal:///(app-pages-browser)/./src/app/(dashboard)/structure-bdd/page.tsx:1485
[18720335ms] [LOG] [StructureBDD] render result {web: 7, local: 0, vector: 0, images: 1, webError: false} @ webpack-internal:///(app-pages-browser)/./src/app/(dashboard)/structure-bdd/page.tsx:1485
[18722214ms] [LOG] [Auth] Utilisateur connecté détecté {userId: cmt3i6d290000qn8stnmxf460, role: admin, email: admin@nexaflow.com} @ webpack-internal:///(app-pages-browser)/./src/lib/procedures/client-auth.ts:15
[18722215ms] [LOG] [Auth] Utilisateur connecté détecté {userId: cmt3i6d290000qn8stnmxf460, role: admin, email: admin@nexaflow.com} @ webpack-internal:///(app-pages-browser)/./src/lib/procedures/client-auth.ts:15
[18752257ms] [LOG] [Auth] Utilisateur connecté détecté {userId: cmt3i6d290000qn8stnmxf460, role: admin, email: admin@nexaflow.com} @ webpack-internal:///(app-pages-browser)/./src/lib/procedures/client-auth.ts:15
[18752258ms] [LOG] [Auth] Utilisateur connecté détecté {userId: cmt3i6d290000qn8stnmxf460, role: admin, email: admin@nexaflow.com} @ webpack-internal:///(app-pages-browser)/./src/lib/procedures/client-auth.ts:15
[18782250ms] [LOG] [Auth] Utilisateur connecté détecté {userId: cmt3i6d290000qn8stnmxf460, role: admin, email: admin@nexaflow.com} @ webpack-internal:///(app-pages-browser)/./src/lib/procedures/client-auth.ts:15
[18782250ms] [LOG] [Auth] Utilisateur connecté détecté {userId: cmt3i6d290000qn8stnmxf460, role: admin, email: admin@nexaflow.com} @ webpack-internal:///(app-pages-browser)/./src/lib/procedures/client-auth.ts:15
[18812252ms] [LOG] [Auth] Utilisateur connecté détecté {userId: cmt3i6d290000qn8stnmxf460, role: admin, email: admin@nexaflow.com} @ webpack-internal:///(app-pages-browser)/./src/lib/procedures/client-auth.ts:15
[18812252ms] [LOG] [Auth] Utilisateur connecté détecté {userId: cmt3i6d290000qn8stnmxf460, role: admin, email: admin@nexaflow.com} @ webpack-internal:///(app-pages-browser)/./src/lib/procedures/client-auth.ts:15
[18842246ms] [LOG] [Auth] Utilisateur connecté détecté {userId: cmt3i6d290000qn8stnmxf460, role: admin, email: admin@nexaflow.com} @ webpack-internal:///(app-pages-browser)/./src/lib/procedures/client-auth.ts:15
[18842247ms] [LOG] [Auth] Utilisateur connecté détecté {userId: cmt3i6d290000qn8stnmxf460, role: admin, email: admin@nexaflow.com} @ webpack-internal:///(app-pages-browser)/./src/lib/procedures/client-auth.ts:15
[18872279ms] [LOG] [Auth] Utilisateur connecté détecté {userId: cmt3i6d290000qn8stnmxf460, role: admin, email: admin@nexaflow.com} @ webpack-internal:///(app-pages-browser)/./src/lib/procedures/client-auth.ts:15
[18872279ms] [LOG] [Auth] Utilisateur connecté détecté {userId: cmt3i6d290000qn8stnmxf460, role: admin, email: admin@nexaflow.com} @ webpack-internal:///(app-pages-browser)/./src/lib/procedures/client-auth.ts:15
[18902251ms] [LOG] [Auth] Utilisateur connecté détecté {userId: cmt3i6d290000qn8stnmxf460, role: admin, email: admin@nexaflow.com} @ webpack-internal:///(app-pages-browser)/./src/lib/procedures/client-auth.ts:15
[18902251ms] [LOG] [Auth] Utilisateur connecté détecté {userId: cmt3i6d290000qn8stnmxf460, role: admin, email: admin@nexaflow.com} @ webpack-internal:///(app-pages-browser)/./src/lib/procedures/client-auth.ts:15
[18932238ms] [LOG] [Auth] Utilisateur connecté détecté {userId: cmt3i6d290000qn8stnmxf460, role: admin, email: admin@nexaflow.com} @ webpack-internal:///(app-pages-browser)/./src/lib/procedures/client-auth.ts:15
[18932239ms] [LOG] [Auth] Utilisateur connecté détecté {userId: cmt3i6d290000qn8stnmxf460, role: admin, email: admin@nexaflow.com} @ webpack-internal:///(app-pages-browser)/./src/lib/procedures/client-auth.ts:15
[18962217ms] [LOG] [Auth] Utilisateur connecté détecté {userId: cmt3i6d290000qn8stnmxf460, role: admin, email: admin@nexaflow.com} @ webpack-internal:///(app-pages-browser)/./src/lib/procedures/client-auth.ts:15
[18962218ms] [LOG] [Auth] Utilisateur connecté détecté {userId: cmt3i6d290000qn8stnmxf460, role: admin, email: admin@nexaflow.com} @ webpack-internal:///(app-pages-browser)/./src/lib/procedures/client-auth.ts:15
[18992224ms] [LOG] [Auth] Utilisateur connecté détecté {userId: cmt3i6d290000qn8stnmxf460, role: admin, email: admin@nexaflow.com} @ webpack-internal:///(app-pages-browser)/./src/lib/procedures/client-auth.ts:15
[18992224ms] [LOG] [Auth] Utilisateur connecté détecté {userId: cmt3i6d290000qn8stnmxf460, role: admin, email: admin@nexaflow.com} @ webpack-internal:///(app-pages-browser)/./src/lib/procedures/client-auth.ts:15
[19022287ms] [LOG] [Auth] Utilisateur connecté détecté {userId: cmt3i6d290000qn8stnmxf460, role: admin, email: admin@nexaflow.com} @ webpack-internal:///(app-pages-browser)/./src/lib/procedures/client-auth.ts:15
[19022287ms] [LOG] [Auth] Utilisateur connecté détecté {userId: cmt3i6d290000qn8stnmxf460, role: admin, email: admin@nexaflow.com} @ webpack-internal:///(app-pages-browser)/./src/lib/procedures/client-auth.ts:15
[19052243ms] [LOG] [Auth] Utilisateur connecté détecté {userId: cmt3i6d290000qn8stnmxf460, role: admin, email: admin@nexaflow.com} @ webpack-internal:///(app-pages-browser)/./src/lib/procedures/client-auth.ts:15
[19052244ms] [LOG] [Auth] Utilisateur connecté détecté {userId: cmt3i6d290000qn8stnmxf460, role: admin, email: admin@nexaflow.com} @ webpack-internal:///(app-pages-browser)/./src/lib/procedures/client-auth.ts:15
[19082248ms] [LOG] [Auth] Utilisateur connecté détecté {userId: cmt3i6d290000qn8stnmxf460, role: admin, email: admin@nexaflow.com} @ webpack-internal:///(app-pages-browser)/./src/lib/procedures/client-auth.ts:15
[19082248ms] [LOG] [Auth] Utilisateur connecté détecté {userId: cmt3i6d290000qn8stnmxf460, role: admin, email: admin@nexaflow.com} @ webpack-internal:///(app-pages-browser)/./src/lib/procedures/client-auth.ts:15
[19112225ms] [LOG] [Fast Refresh] rebuilding @ webpack-internal:///(app-pages-browser)/./node_modules/next/dist/client/components/react-dev-overlay/app/hot-reloader-client.js:186
[19114046ms] [LOG] [Fast Refresh] done in 1821ms @ webpack-internal:///(app-pages-browser)/./node_modules/next/dist/client/components/react-dev-overlay/app/hot-reloader-client.js:43
[19116088ms] [ERROR] Failed to load resource: the server responded with a status of 404 (Not Found) @ http://localhost:3000/api/notifications:0
[19116346ms] [LOG] [Auth] Utilisateur connecté détecté {userId: cmt3i6d290000qn8stnmxf460, role: admin, email: admin@nexaflow.com} @ webpack-internal:///(app-pages-browser)/./src/lib/procedures/client-auth.ts:15
[19116346ms] [LOG] [Auth] Utilisateur connecté détecté {userId: cmt3i6d290000qn8stnmxf460, role: admin, email: admin@nexaflow.com} @ webpack-internal:///(app-pages-browser)/./src/lib/procedures/client-auth.ts:15
[19116350ms] [LOG] [StructureBDD] render result {web: 7, local: 0, vector: 0, images: 1, webError: false} @ webpack-internal:///(app-pages-browser)/./src/app/(dashboard)/structure-bdd/page.tsx:1485
[19116351ms] [LOG] [StructureBDD] render result {web: 7, local: 0, vector: 0, images: 1, webError: false} @ webpack-internal:///(app-pages-browser)/./src/app/(dashboard)/structure-bdd/page.tsx:1485
[19116442ms] [ERROR] Failed to load resource: the server responded with a status of 404 (Not Found) @ http://localhost:3000/_next/static/css/app/layout.css?v=1787383239631:0
[19116458ms] Event
[19142304ms] [LOG] [Fast Refresh] rebuilding @ webpack-internal:///(app-pages-browser)/./node_modules/next/dist/client/components/react-dev-overlay/app/hot-reloader-client.js:186
[19147350ms] [LOG] [Fast Refresh] done in 5046ms @ webpack-internal:///(app-pages-browser)/./node_modules/next/dist/client/components/react-dev-overlay/app/hot-reloader-client.js:43
[19150041ms] [ERROR] Failed to load resource: the server responded with a status of 500 (Internal Server Error) @ http://localhost:3000/api/notifications:0
[19150470ms] [LOG] [Auth] Utilisateur connecté détecté {userId: cmt3i6d290000qn8stnmxf460, role: admin, email: admin@nexaflow.com} @ webpack-internal:///(app-pages-browser)/./src/lib/procedures/client-auth.ts:15
[19150471ms] [LOG] [Auth] Utilisateur connecté détecté {userId: cmt3i6d290000qn8stnmxf460, role: admin, email: admin@nexaflow.com} @ webpack-internal:///(app-pages-browser)/./src/lib/procedures/client-auth.ts:15
[19150475ms] [LOG] [StructureBDD] render result {web: 7, local: 0, vector: 0, images: 1, webError: false} @ webpack-internal:///(app-pages-browser)/./src/app/(dashboard)/structure-bdd/page.tsx:1485
[19150476ms] [LOG] [StructureBDD] render result {web: 7, local: 0, vector: 0, images: 1, webError: false} @ webpack-internal:///(app-pages-browser)/./src/app/(dashboard)/structure-bdd/page.tsx:1485
[19150798ms] [ERROR] Failed to load resource: the server responded with a status of 404 (Not Found) @ http://localhost:3000/_next/static/css/app/layout.css?v=1787383273749:0
[19150806ms] Event
[19172469ms] [ERROR] Failed to load resource: the server responded with a status of 500 (Internal Server Error) @ http://localhost:3000/api/notifications:0
[19202350ms] [ERROR] Failed to load resource: the server responded with a status of 500 (Internal Server Error) @ http://localhost:3000/api/notifications:0
[19232288ms] [ERROR] Failed to load resource: the server responded with a status of 500 (Internal Server Error) @ http://localhost:3000/api/notifications:0
[19262262ms] [ERROR] Failed to load resource: the server responded with a status of 500 (Internal Server Error) @ http://localhost:3000/api/notifications:0
[19292250ms] [ERROR] Failed to load resource: the server responded with a status of 500 (Internal Server Error) @ http://localhost:3000/api/notifications:0
[19322272ms] [ERROR] Failed to load resource: the server responded with a status of 500 (Internal Server Error) @ http://localhost:3000/api/notifications:0
[19352253ms] [ERROR] Failed to load resource: the server responded with a status of 500 (Internal Server Error) @ http://localhost:3000/api/notifications:0
[19382238ms] [ERROR] Failed to load resource: the server responded with a status of 500 (Internal Server Error) @ http://localhost:3000/api/notifications:0
[19412271ms] [ERROR] Failed to load resource: the server responded with a status of 500 (Internal Server Error) @ http://localhost:3000/api/notifications:0
[19442265ms] [ERROR] Failed to load resource: the server responded with a status of 500 (Internal Server Error) @ http://localhost:3000/api/notifications:0
[19472248ms] [ERROR] Failed to load resource: the server responded with a status of 500 (Internal Server Error) @ http://localhost:3000/api/notifications:0
[19502261ms] [ERROR] Failed to load resource: the server responded with a status of 500 (Internal Server Error) @ http://localhost:3000/api/notifications:0
[19532292ms] [ERROR] Failed to load resource: the server responded with a status of 500 (Internal Server Error) @ http://localhost:3000/api/notifications:0
[19562261ms] [ERROR] Failed to load resource: the server responded with a status of 500 (Internal Server Error) @ http://localhost:3000/api/notifications:0
[19592259ms] [ERROR] Failed to load resource: the server responded with a status of 500 (Internal Server Error) @ http://localhost:3000/api/notifications:0
[19622264ms] [ERROR] Failed to load resource: the server responded with a status of 500 (Internal Server Error) @ http://localhost:3000/api/notifications:0
[19652260ms] [ERROR] Failed to load resource: the server responded with a status of 500 (Internal Server Error) @ http://localhost:3000/api/notifications:0
[19682269ms] [ERROR] Failed to load resource: the server responded with a status of 500 (Internal Server Error) @ http://localhost:3000/api/notifications:0
[19712275ms] [ERROR] Failed to load resource: the server responded with a status of 500 (Internal Server Error) @ http://localhost:3000/api/notifications:0
[19742270ms] [ERROR] Failed to load resource: the server responded with a status of 500 (Internal Server Error) @ http://localhost:3000/api/notifications:0
[19772251ms] [ERROR] Failed to load resource: the server responded with a status of 500 (Internal Server Error) @ http://localhost:3000/api/notifications:0
[19802249ms] [ERROR] Failed to load resource: the server responded with a status of 500 (Internal Server Error) @ http://localhost:3000/api/notifications:0
[19832262ms] [ERROR] Failed to load resource: the server responded with a status of 500 (Internal Server Error) @ http://localhost:3000/api/notifications:0
[19862273ms] [ERROR] Failed to load resource: the server responded with a status of 500 (Internal Server Error) @ http://localhost:3000/api/notifications:0
[19892257ms] [ERROR] Failed to load resource: the server responded with a status of 500 (Internal Server Error) @ http://localhost:3000/api/notifications:0
[19922270ms] [ERROR] Failed to load resource: the server responded with a status of 500 (Internal Server Error) @ http://localhost:3000/api/notifications:0
[19952283ms] [ERROR] Failed to load resource: the server responded with a status of 500 (Internal Server Error) @ http://localhost:3000/api/notifications:0
[19982275ms] [ERROR] Failed to load resource: the server responded with a status of 500 (Internal Server Error) @ http://localhost:3000/api/notifications:0
[20012270ms] [ERROR] Failed to load resource: the server responded with a status of 500 (Internal Server Error) @ http://localhost:3000/api/notifications:0
[20042260ms] [ERROR] Failed to load resource: the server responded with a status of 500 (Internal Server Error) @ http://localhost:3000/api/notifications:0
[20072273ms] [ERROR] Failed to load resource: the server responded with a status of 500 (Internal Server Error) @ http://localhost:3000/api/notifications:0
[20102259ms] [ERROR] Failed to load resource: the server responded with a status of 500 (Internal Server Error) @ http://localhost:3000/api/notifications:0
[20132254ms] [ERROR] Failed to load resource: the server responded with a status of 500 (Internal Server Error) @ http://localhost:3000/api/notifications:0
[20162276ms] [ERROR] Failed to load resource: the server responded with a status of 500 (Internal Server Error) @ http://localhost:3000/api/notifications:0
[20192272ms] [ERROR] Failed to load resource: the server responded with a status of 500 (Internal Server Error) @ http://localhost:3000/api/notifications:0
[20222262ms] [ERROR] Failed to load resource: the server responded with a status of 500 (Internal Server Error) @ http://localhost:3000/api/notifications:0
[20252250ms] [ERROR] Failed to load resource: the server responded with a status of 500 (Internal Server Error) @ http://localhost:3000/api/notifications:0
[20282263ms] [ERROR] Failed to load resource: the server responded with a status of 500 (Internal Server Error) @ http://localhost:3000/api/notifications:0
[20312292ms] [ERROR] Failed to load resource: the server responded with a status of 500 (Internal Server Error) @ http://localhost:3000/api/notifications:0
[20342291ms] [ERROR] Failed to load resource: the server responded with a status of 500 (Internal Server Error) @ http://localhost:3000/api/notifications:0
[20372307ms] [ERROR] Failed to load resource: the server responded with a status of 500 (Internal Server Error) @ http://localhost:3000/api/notifications:0
[20402295ms] [ERROR] Failed to load resource: the server responded with a status of 500 (Internal Server Error) @ http://localhost:3000/api/notifications:0
[20432283ms] [ERROR] Failed to load resource: the server responded with a status of 500 (Internal Server Error) @ http://localhost:3000/api/notifications:0
[20462262ms] [ERROR] Failed to load resource: the server responded with a status of 500 (Internal Server Error) @ http://localhost:3000/api/notifications:0
[20492251ms] [ERROR] Failed to load resource: the server responded with a status of 500 (Internal Server Error) @ http://localhost:3000/api/notifications:0
[20522278ms] [ERROR] Failed to load resource: the server responded with a status of 500 (Internal Server Error) @ http://localhost:3000/api/notifications:0
[20552261ms] [ERROR] Failed to load resource: the server responded with a status of 500 (Internal Server Error) @ http://localhost:3000/api/notifications:0
[20582313ms] [ERROR] Failed to load resource: the server responded with a status of 500 (Internal Server Error) @ http://localhost:3000/api/notifications:0
[20612274ms] [ERROR] Failed to load resource: the server responded with a status of 500 (Internal Server Error) @ http://localhost:3000/api/notifications:0
[20642369ms] [ERROR] Failed to load resource: the server responded with a status of 500 (Internal Server Error) @ http://localhost:3000/api/notifications:0
[20672248ms] [ERROR] Failed to load resource: the server responded with a status of 500 (Internal Server Error) @ http://localhost:3000/api/notifications:0
[20702271ms] [ERROR] Failed to load resource: the server responded with a status of 500 (Internal Server Error) @ http://localhost:3000/api/notifications:0
[20763258ms] [ERROR] Failed to load resource: the server responded with a status of 500 (Internal Server Error) @ http://localhost:3000/api/notifications:0
[20765159ms] [ERROR] Failed to load resource: the server responded with a status of 500 (Internal Server Error) @ http://localhost:3000/api/notifications:0
[20792260ms] [ERROR] Failed to load resource: the server responded with a status of 500 (Internal Server Error) @ http://localhost:3000/api/notifications:0
[20822193ms] [ERROR] Failed to load resource: the server responded with a status of 500 (Internal Server Error) @ http://localhost:3000/api/notifications:0
[20852171ms] [ERROR] Failed to load resource: the server responded with a status of 500 (Internal Server Error) @ http://localhost:3000/api/notifications:0
[20882212ms] [ERROR] Failed to load resource: the server responded with a status of 500 (Internal Server Error) @ http://localhost:3000/api/notifications:0
[20912231ms] [ERROR] Failed to load resource: the server responded with a status of 500 (Internal Server Error) @ http://localhost:3000/api/notifications:0
[20942194ms] [ERROR] Failed to load resource: the server responded with a status of 500 (Internal Server Error) @ http://localhost:3000/api/notifications:0
[20972187ms] [ERROR] Failed to load resource: the server responded with a status of 500 (Internal Server Error) @ http://localhost:3000/api/notifications:0
[21002178ms] [ERROR] Failed to load resource: the server responded with a status of 500 (Internal Server Error) @ http://localhost:3000/api/notifications:0
[21032186ms] [ERROR] Failed to load resource: the server responded with a status of 500 (Internal Server Error) @ http://localhost:3000/api/notifications:0
[21062185ms] [ERROR] Failed to load resource: the server responded with a status of 500 (Internal Server Error) @ http://localhost:3000/api/notifications:0
[21092178ms] [ERROR] Failed to load resource: the server responded with a status of 500 (Internal Server Error) @ http://localhost:3000/api/notifications:0
[21122179ms] [ERROR] Failed to load resource: the server responded with a status of 500 (Internal Server Error) @ http://localhost:3000/api/notifications:0
[21158113ms] [ERROR] Failed to load resource: the server responded with a status of 500 (Internal Server Error) @ http://localhost:3000/api/notifications:0
[21182168ms] [ERROR] Failed to load resource: the server responded with a status of 500 (Internal Server Error) @ http://localhost:3000/api/notifications:0
[21212184ms] [ERROR] Failed to load resource: the server responded with a status of 500 (Internal Server Error) @ http://localhost:3000/api/notifications:0
[21242186ms] [ERROR] Failed to load resource: the server responded with a status of 500 (Internal Server Error) @ http://localhost:3000/api/notifications:0
[21272189ms] [ERROR] Failed to load resource: the server responded with a status of 500 (Internal Server Error) @ http://localhost:3000/api/notifications:0
[21302184ms] [ERROR] Failed to load resource: the server responded with a status of 500 (Internal Server Error) @ http://localhost:3000/api/notifications:0
[21332195ms] [ERROR] Failed to load resource: the server responded with a status of 500 (Internal Server Error) @ http://localhost:3000/api/notifications:0
[21362175ms] [ERROR] Failed to load resource: the server responded with a status of 500 (Internal Server Error) @ http://localhost:3000/api/notifications:0
[21392184ms] [ERROR] Failed to load resource: the server responded with a status of 500 (Internal Server Error) @ http://localhost:3000/api/notifications:0
[21422210ms] [ERROR] Failed to load resource: the server responded with a status of 500 (Internal Server Error) @ http://localhost:3000/api/notifications:0
[21452192ms] [ERROR] Failed to load resource: the server responded with a status of 500 (Internal Server Error) @ http://localhost:3000/api/notifications:0
[21482179ms] [ERROR] Failed to load resource: the server responded with a status of 500 (Internal Server Error) @ http://localhost:3000/api/notifications:0
[21512174ms] [ERROR] Failed to load resource: the server responded with a status of 500 (Internal Server Error) @ http://localhost:3000/api/notifications:0
[21542191ms] [ERROR] Failed to load resource: the server responded with a status of 500 (Internal Server Error) @ http://localhost:3000/api/notifications:0
[21572200ms] [ERROR] Failed to load resource: the server responded with a status of 500 (Internal Server Error) @ http://localhost:3000/api/notifications:0
[21602178ms] [ERROR] Failed to load resource: the server responded with a status of 500 (Internal Server Error) @ http://localhost:3000/api/notifications:0
[21632188ms] [ERROR] Failed to load resource: the server responded with a status of 500 (Internal Server Error) @ http://localhost:3000/api/notifications:0
[21662190ms] [ERROR] Failed to load resource: the server responded with a status of 500 (Internal Server Error) @ http://localhost:3000/api/notifications:0
[21692198ms] [ERROR] Failed to load resource: the server responded with a status of 500 (Internal Server Error) @ http://localhost:3000/api/notifications:0
[21722201ms] [ERROR] Failed to load resource: the server responded with a status of 500 (Internal Server Error) @ http://localhost:3000/api/notifications:0
[21752197ms] [ERROR] Failed to load resource: the server responded with a status of 500 (Internal Server Error) @ http://localhost:3000/api/notifications:0
[21782185ms] [ERROR] Failed to load resource: the server responded with a status of 500 (Internal Server Error) @ http://localhost:3000/api/notifications:0
[21812180ms] [ERROR] Failed to load resource: the server responded with a status of 500 (Internal Server Error) @ http://localhost:3000/api/notifications:0
[21842190ms] [ERROR] Failed to load resource: the server responded with a status of 500 (Internal Server Error) @ http://localhost:3000/api/notifications:0
[21872181ms] [ERROR] Failed to load resource: the server responded with a status of 500 (Internal Server Error) @ http://localhost:3000/api/notifications:0
[21902182ms] [ERROR] Failed to load resource: the server responded with a status of 500 (Internal Server Error) @ http://localhost:3000/api/notifications:0
[21932197ms] [ERROR] Failed to load resource: the server responded with a status of 500 (Internal Server Error) @ http://localhost:3000/api/notifications:0
[21962176ms] [ERROR] Failed to load resource: the server responded with a status of 500 (Internal Server Error) @ http://localhost:3000/api/notifications:0
[21992194ms] [ERROR] Failed to load resource: the server responded with a status of 500 (Internal Server Error) @ http://localhost:3000/api/notifications:0
[22022185ms] [ERROR] Failed to load resource: the server responded with a status of 500 (Internal Server Error) @ http://localhost:3000/api/notifications:0
[22052170ms] [ERROR] Failed to load resource: the server responded with a status of 500 (Internal Server Error) @ http://localhost:3000/api/notifications:0
[22082185ms] [ERROR] Failed to load resource: the server responded with a status of 500 (Internal Server Error) @ http://localhost:3000/api/notifications:0
[22112195ms] [ERROR] Failed to load resource: the server responded with a status of 500 (Internal Server Error) @ http://localhost:3000/api/notifications:0
[22142299ms] [ERROR] Failed to load resource: the server responded with a status of 500 (Internal Server Error) @ http://localhost:3000/api/notifications:0
[22172179ms] [ERROR] Failed to load resource: the server responded with a status of 500 (Internal Server Error) @ http://localhost:3000/api/notifications:0
[22202201ms] [ERROR] Failed to load resource: the server responded with a status of 500 (Internal Server Error) @ http://localhost:3000/api/notifications:0
[22232180ms] [ERROR] Failed to load resource: the server responded with a status of 500 (Internal Server Error) @ http://localhost:3000/api/notifications:0
[22262186ms] [ERROR] Failed to load resource: the server responded with a status of 500 (Internal Server Error) @ http://localhost:3000/api/notifications:0
[22292191ms] [ERROR] Failed to load resource: the server responded with a status of 500 (Internal Server Error) @ http://localhost:3000/api/notifications:0
[22322197ms] [ERROR] Failed to load resource: the server responded with a status of 500 (Internal Server Error) @ http://localhost:3000/api/notifications:0
[22352191ms] [ERROR] Failed to load resource: the server responded with a status of 500 (Internal Server Error) @ http://localhost:3000/api/notifications:0
[22382192ms] [ERROR] Failed to load resource: the server responded with a status of 500 (Internal Server Error) @ http://localhost:3000/api/notifications:0
[22412216ms] [ERROR] Failed to load resource: the server responded with a status of 500 (Internal Server Error) @ http://localhost:3000/api/notifications:0
[22442220ms] [ERROR] Failed to load resource: the server responded with a status of 500 (Internal Server Error) @ http://localhost:3000/api/notifications:0
[22472189ms] [ERROR] Failed to load resource: the server responded with a status of 500 (Internal Server Error) @ http://localhost:3000/api/notifications:0
[22502182ms] [ERROR] Failed to load resource: the server responded with a status of 500 (Internal Server Error) @ http://localhost:3000/api/notifications:0
[22532189ms] [ERROR] Failed to load resource: the server responded with a status of 500 (Internal Server Error) @ http://localhost:3000/api/notifications:0
[22562200ms] [ERROR] Failed to load resource: the server responded with a status of 500 (Internal Server Error) @ http://localhost:3000/api/notifications:0
[22600221ms] [LOG] [Auth] Utilisateur connecté détecté {userId: cmt3i6d290000qn8stnmxf460, role: admin, email: admin@nexaflow.com} @ webpack-internal:///(app-pages-browser)/./src/lib/procedures/client-auth.ts:15
[22600223ms] [LOG] [Auth] Utilisateur connecté détecté {userId: cmt3i6d290000qn8stnmxf460, role: admin, email: admin@nexaflow.com} @ webpack-internal:///(app-pages-browser)/./src/lib/procedures/client-auth.ts:15
[22622204ms] [LOG] [Auth] Utilisateur connecté détecté {userId: cmt3i6d290000qn8stnmxf460, role: admin, email: admin@nexaflow.com} @ webpack-internal:///(app-pages-browser)/./src/lib/procedures/client-auth.ts:15
[22622205ms] [LOG] [Auth] Utilisateur connecté détecté {userId: cmt3i6d290000qn8stnmxf460, role: admin, email: admin@nexaflow.com} @ webpack-internal:///(app-pages-browser)/./src/lib/procedures/client-auth.ts:15
[22652296ms] [LOG] [Auth] Utilisateur connecté détecté {userId: cmt3i6d290000qn8stnmxf460, role: admin, email: admin@nexaflow.com} @ webpack-internal:///(app-pages-browser)/./src/lib/procedures/client-auth.ts:15
[22652296ms] [LOG] [Auth] Utilisateur connecté détecté {userId: cmt3i6d290000qn8stnmxf460, role: admin, email: admin@nexaflow.com} @ webpack-internal:///(app-pages-browser)/./src/lib/procedures/client-auth.ts:15
[22682178ms] [LOG] [Auth] Utilisateur connecté détecté {userId: cmt3i6d290000qn8stnmxf460, role: admin, email: admin@nexaflow.com} @ webpack-internal:///(app-pages-browser)/./src/lib/procedures/client-auth.ts:15
[22682178ms] [LOG] [Auth] Utilisateur connecté détecté {userId: cmt3i6d290000qn8stnmxf460, role: admin, email: admin@nexaflow.com} @ webpack-internal:///(app-pages-browser)/./src/lib/procedures/client-auth.ts:15
[22712837ms] [LOG] [Auth] Utilisateur connecté détecté {userId: cmt3i6d290000qn8stnmxf460, role: admin, email: admin@nexaflow.com} @ webpack-internal:///(app-pages-browser)/./src/lib/procedures/client-auth.ts:15
[22712838ms] [LOG] [Auth] Utilisateur connecté détecté {userId: cmt3i6d290000qn8stnmxf460, role: admin, email: admin@nexaflow.com} @ webpack-internal:///(app-pages-browser)/./src/lib/procedures/client-auth.ts:15
[22742569ms] [LOG] [Auth] Utilisateur connecté détecté {userId: cmt3i6d290000qn8stnmxf460, role: admin, email: admin@nexaflow.com} @ webpack-internal:///(app-pages-browser)/./src/lib/procedures/client-auth.ts:15
[22742570ms] [LOG] [Auth] Utilisateur connecté détecté {userId: cmt3i6d290000qn8stnmxf460, role: admin, email: admin@nexaflow.com} @ webpack-internal:///(app-pages-browser)/./src/lib/procedures/client-auth.ts:15
[22772388ms] [LOG] [Auth] Utilisateur connecté détecté {userId: cmt3i6d290000qn8stnmxf460, role: admin, email: admin@nexaflow.com} @ webpack-internal:///(app-pages-browser)/./src/lib/procedures/client-auth.ts:15
[22772390ms] [LOG] [Auth] Utilisateur connecté détecté {userId: cmt3i6d290000qn8stnmxf460, role: admin, email: admin@nexaflow.com} @ webpack-internal:///(app-pages-browser)/./src/lib/procedures/client-auth.ts:15
[22802219ms] [LOG] [Auth] Utilisateur connecté détecté {userId: cmt3i6d290000qn8stnmxf460, role: admin, email: admin@nexaflow.com} @ webpack-internal:///(app-pages-browser)/./src/lib/procedures/client-auth.ts:15
[22802220ms] [LOG] [Auth] Utilisateur connecté détecté {userId: cmt3i6d290000qn8stnmxf460, role: admin, email: admin@nexaflow.com} @ webpack-internal:///(app-pages-browser)/./src/lib/procedures/client-auth.ts:15
[22833150ms] [LOG] [Auth] Utilisateur connecté détecté {userId: cmt3i6d290000qn8stnmxf460, role: admin, email: admin@nexaflow.com} @ webpack-internal:///(app-pages-browser)/./src/lib/procedures/client-auth.ts:15
[22833151ms] [LOG] [Auth] Utilisateur connecté détecté {userId: cmt3i6d290000qn8stnmxf460, role: admin, email: admin@nexaflow.com} @ webpack-internal:///(app-pages-browser)/./src/lib/procedures/client-auth.ts:15
[22862209ms] [LOG] [Auth] Utilisateur connecté détecté {userId: cmt3i6d290000qn8stnmxf460, role: admin, email: admin@nexaflow.com} @ webpack-internal:///(app-pages-browser)/./src/lib/procedures/client-auth.ts:15
[22862210ms] [LOG] [Auth] Utilisateur connecté détecté {userId: cmt3i6d290000qn8stnmxf460, role: admin, email: admin@nexaflow.com} @ webpack-internal:///(app-pages-browser)/./src/lib/procedures/client-auth.ts:15
[22892274ms] [LOG] [Auth] Utilisateur connecté détecté {userId: cmt3i6d290000qn8stnmxf460, role: admin, email: admin@nexaflow.com} @ webpack-internal:///(app-pages-browser)/./src/lib/procedures/client-auth.ts:15
[22892275ms] [LOG] [Auth] Utilisateur connecté détecté {userId: cmt3i6d290000qn8stnmxf460, role: admin, email: admin@nexaflow.com} @ webpack-internal:///(app-pages-browser)/./src/lib/procedures/client-auth.ts:15
[22922204ms] [LOG] [Auth] Utilisateur connecté détecté {userId: cmt3i6d290000qn8stnmxf460, role: admin, email: admin@nexaflow.com} @ webpack-internal:///(app-pages-browser)/./src/lib/procedures/client-auth.ts:15
[22922204ms] [LOG] [Auth] Utilisateur connecté détecté {userId: cmt3i6d290000qn8stnmxf460, role: admin, email: admin@nexaflow.com} @ webpack-internal:///(app-pages-browser)/./src/lib/procedures/client-auth.ts:15
[22952213ms] [LOG] [Auth] Utilisateur connecté détecté {userId: cmt3i6d290000qn8stnmxf460, role: admin, email: admin@nexaflow.com} @ webpack-internal:///(app-pages-browser)/./src/lib/procedures/client-auth.ts:15
[22952214ms] [LOG] [Auth] Utilisateur connecté détecté {userId: cmt3i6d290000qn8stnmxf460, role: admin, email: admin@nexaflow.com} @ webpack-internal:///(app-pages-browser)/./src/lib/procedures/client-auth.ts:15
[22982179ms] [LOG] [Auth] Utilisateur connecté détecté {userId: cmt3i6d290000qn8stnmxf460, role: admin, email: admin@nexaflow.com} @ webpack-internal:///(app-pages-browser)/./src/lib/procedures/client-auth.ts:15
[22982179ms] [LOG] [Auth] Utilisateur connecté détecté {userId: cmt3i6d290000qn8stnmxf460, role: admin, email: admin@nexaflow.com} @ webpack-internal:///(app-pages-browser)/./src/lib/procedures/client-auth.ts:15
[23012181ms] [LOG] [Auth] Utilisateur connecté détecté {userId: cmt3i6d290000qn8stnmxf460, role: admin, email: admin@nexaflow.com} @ webpack-internal:///(app-pages-browser)/./src/lib/procedures/client-auth.ts:15
[23012182ms] [LOG] [Auth] Utilisateur connecté détecté {userId: cmt3i6d290000qn8stnmxf460, role: admin, email: admin@nexaflow.com} @ webpack-internal:///(app-pages-browser)/./src/lib/procedures/client-auth.ts:15
[23042235ms] [LOG] [Auth] Utilisateur connecté détecté {userId: cmt3i6d290000qn8stnmxf460, role: admin, email: admin@nexaflow.com} @ webpack-internal:///(app-pages-browser)/./src/lib/procedures/client-auth.ts:15
[23042236ms] [LOG] [Auth] Utilisateur connecté détecté {userId: cmt3i6d290000qn8stnmxf460, role: admin, email: admin@nexaflow.com} @ webpack-internal:///(app-pages-browser)/./src/lib/procedures/client-auth.ts:15
[23072192ms] [LOG] [Auth] Utilisateur connecté détecté {userId: cmt3i6d290000qn8stnmxf460, role: admin, email: admin@nexaflow.com} @ webpack-internal:///(app-pages-browser)/./src/lib/procedures/client-auth.ts:15
[23072192ms] [LOG] [Auth] Utilisateur connecté détecté {userId: cmt3i6d290000qn8stnmxf460, role: admin, email: admin@nexaflow.com} @ webpack-internal:///(app-pages-browser)/./src/lib/procedures/client-auth.ts:15
[23102210ms] [LOG] [Auth] Utilisateur connecté détecté {userId: cmt3i6d290000qn8stnmxf460, role: admin, email: admin@nexaflow.com} @ webpack-internal:///(app-pages-browser)/./src/lib/procedures/client-auth.ts:15
[23102211ms] [LOG] [Auth] Utilisateur connecté détecté {userId: cmt3i6d290000qn8stnmxf460, role: admin, email: admin@nexaflow.com} @ webpack-internal:///(app-pages-browser)/./src/lib/procedures/client-auth.ts:15
[23132194ms] [LOG] [Auth] Utilisateur connecté détecté {userId: cmt3i6d290000qn8stnmxf460, role: admin, email: admin@nexaflow.com} @ webpack-internal:///(app-pages-browser)/./src/lib/procedures/client-auth.ts:15
[23132195ms] [LOG] [Auth] Utilisateur connecté détecté {userId: cmt3i6d290000qn8stnmxf460, role: admin, email: admin@nexaflow.com} @ webpack-internal:///(app-pages-browser)/./src/lib/procedures/client-auth.ts:15
[23162221ms] [LOG] [Auth] Utilisateur connecté détecté {userId: cmt3i6d290000qn8stnmxf460, role: admin, email: admin@nexaflow.com} @ webpack-internal:///(app-pages-browser)/./src/lib/procedures/client-auth.ts:15
[23162221ms] [LOG] [Auth] Utilisateur connecté détecté {userId: cmt3i6d290000qn8stnmxf460, role: admin, email: admin@nexaflow.com} @ webpack-internal:///(app-pages-browser)/./src/lib/procedures/client-auth.ts:15
[23192203ms] [LOG] [Auth] Utilisateur connecté détecté {userId: cmt3i6d290000qn8stnmxf460, role: admin, email: admin@nexaflow.com} @ webpack-internal:///(app-pages-browser)/./src/lib/procedures/client-auth.ts:15
[23192203ms] [LOG] [Auth] Utilisateur connecté détecté {userId: cmt3i6d290000qn8stnmxf460, role: admin, email: admin@nexaflow.com} @ webpack-internal:///(app-pages-browser)/./src/lib/procedures/client-auth.ts:15
[23222228ms] [LOG] [Auth] Utilisateur connecté détecté {userId: cmt3i6d290000qn8stnmxf460, role: admin, email: admin@nexaflow.com} @ webpack-internal:///(app-pages-browser)/./src/lib/procedures/client-auth.ts:15
[23222228ms] [LOG] [Auth] Utilisateur connecté détecté {userId: cmt3i6d290000qn8stnmxf460, role: admin, email: admin@nexaflow.com} @ webpack-internal:///(app-pages-browser)/./src/lib/procedures/client-auth.ts:15
[23252203ms] [LOG] [Auth] Utilisateur connecté détecté {userId: cmt3i6d290000qn8stnmxf460, role: admin, email: admin@nexaflow.com} @ webpack-internal:///(app-pages-browser)/./src/lib/procedures/client-auth.ts:15
[23252203ms] [LOG] [Auth] Utilisateur connecté détecté {userId: cmt3i6d290000qn8stnmxf460, role: admin, email: admin@nexaflow.com} @ webpack-internal:///(app-pages-browser)/./src/lib/procedures/client-auth.ts:15
[23282202ms] [LOG] [Auth] Utilisateur connecté détecté {userId: cmt3i6d290000qn8stnmxf460, role: admin, email: admin@nexaflow.com} @ webpack-internal:///(app-pages-browser)/./src/lib/procedures/client-auth.ts:15
[23282203ms] [LOG] [Auth] Utilisateur connecté détecté {userId: cmt3i6d290000qn8stnmxf460, role: admin, email: admin@nexaflow.com} @ webpack-internal:///(app-pages-browser)/./src/lib/procedures/client-auth.ts:15
[23312221ms] [LOG] [Auth] Utilisateur connecté détecté {userId: cmt3i6d290000qn8stnmxf460, role: admin, email: admin@nexaflow.com} @ webpack-internal:///(app-pages-browser)/./src/lib/procedures/client-auth.ts:15
[23312221ms] [LOG] [Auth] Utilisateur connecté détecté {userId: cmt3i6d290000qn8stnmxf460, role: admin, email: admin@nexaflow.com} @ webpack-internal:///(app-pages-browser)/./src/lib/procedures/client-auth.ts:15
[23342237ms] [LOG] [Auth] Utilisateur connecté détecté {userId: cmt3i6d290000qn8stnmxf460, role: admin, email: admin@nexaflow.com} @ webpack-internal:///(app-pages-browser)/./src/lib/procedures/client-auth.ts:15
[23342237ms] [LOG] [Auth] Utilisateur connecté détecté {userId: cmt3i6d290000qn8stnmxf460, role: admin, email: admin@nexaflow.com} @ webpack-internal:///(app-pages-browser)/./src/lib/procedures/client-auth.ts:15
[23372211ms] [LOG] [Auth] Utilisateur connecté détecté {userId: cmt3i6d290000qn8stnmxf460, role: admin, email: admin@nexaflow.com} @ webpack-internal:///(app-pages-browser)/./src/lib/procedures/client-auth.ts:15
[23372211ms] [LOG] [Auth] Utilisateur connecté détecté {userId: cmt3i6d290000qn8stnmxf460, role: admin, email: admin@nexaflow.com} @ webpack-internal:///(app-pages-browser)/./src/lib/procedures/client-auth.ts:15
[23402209ms] [LOG] [Auth] Utilisateur connecté détecté {userId: cmt3i6d290000qn8stnmxf460, role: admin, email: admin@nexaflow.com} @ webpack-internal:///(app-pages-browser)/./src/lib/procedures/client-auth.ts:15
[23402209ms] [LOG] [Auth] Utilisateur connecté détecté {userId: cmt3i6d290000qn8stnmxf460, role: admin, email: admin@nexaflow.com} @ webpack-internal:///(app-pages-browser)/./src/lib/procedures/client-auth.ts:15
