[    1156ms] [INFO] %cDownload the React DevTools for a better development experience: https://reactjs.org/link/react-devtools font-weight:bold @ webpack-internal:///(app-pages-browser)/./node_modules/next/dist/compiled/react-dom/cjs/react-dom.development.js:38559
[    1405ms] [LOG] [Auth] Utilisateur connecté détecté {userId: cmt3i6d290000qn8stnmxf460, role: admin, email: admin@nexaflow.com} @ webpack-internal:///(app-pages-browser)/./src/lib/procedures/client-auth.ts:15
[    1406ms] [LOG] [Auth] Utilisateur connecté détecté {userId: cmt3i6d290000qn8stnmxf460, role: admin, email: admin@nexaflow.com} @ webpack-internal:///(app-pages-browser)/./src/lib/procedures/client-auth.ts:15
[    1416ms] [LOG] [StructureBDD] render loading @ webpack-internal:///(app-pages-browser)/./src/app/(dashboard)/structure-bdd/page.tsx:1468
[    1416ms] [LOG] [StructureBDD] render loading @ webpack-internal:///(app-pages-browser)/./src/app/(dashboard)/structure-bdd/page.tsx:1468
[    1432ms] [LOG] [StructureBDD] mount @ webpack-internal:///(app-pages-browser)/./src/app/(dashboard)/structure-bdd/page.tsx:591
[    1434ms] [LOG] [StructureBDD] loadTrees start @ webpack-internal:///(app-pages-browser)/./src/app/(dashboard)/structure-bdd/page.tsx:464
[    1452ms] [LOG] [StructureBDD] mount @ webpack-internal:///(app-pages-browser)/./src/app/(dashboard)/structure-bdd/page.tsx:591
[    1453ms] [LOG] [StructureBDD] loadTrees start @ webpack-internal:///(app-pages-browser)/./src/app/(dashboard)/structure-bdd/page.tsx:464
[    1483ms] [LOG] [Auth] Utilisateur connecté détecté {userId: cmt3i6d290000qn8stnmxf460, role: admin, email: admin@nexaflow.com} @ webpack-internal:///(app-pages-browser)/./src/lib/procedures/client-auth.ts:15
[    1484ms] [LOG] [Auth] Utilisateur connecté détecté {userId: cmt3i6d290000qn8stnmxf460, role: admin, email: admin@nexaflow.com} @ webpack-internal:///(app-pages-browser)/./src/lib/procedures/client-auth.ts:15
[    1494ms] [LOG] [StructureBDD] render loading @ webpack-internal:///(app-pages-browser)/./src/app/(dashboard)/structure-bdd/page.tsx:1468
[    1494ms] [LOG] [StructureBDD] render loading @ webpack-internal:///(app-pages-browser)/./src/app/(dashboard)/structure-bdd/page.tsx:1468
[    1503ms] [LOG] [StructureBDD] mount @ webpack-internal:///(app-pages-browser)/./src/app/(dashboard)/structure-bdd/page.tsx:591
[    1505ms] [LOG] [StructureBDD] loadTrees start @ webpack-internal:///(app-pages-browser)/./src/app/(dashboard)/structure-bdd/page.tsx:464
[    1511ms] [LOG] [StructureBDD] mount @ webpack-internal:///(app-pages-browser)/./src/app/(dashboard)/structure-bdd/page.tsx:591
[    1512ms] [LOG] [StructureBDD] loadTrees start @ webpack-internal:///(app-pages-browser)/./src/app/(dashboard)/structure-bdd/page.tsx:464
[    1777ms] [LOG] [StructureBDD] /api/tree status 200 @ webpack-internal:///(app-pages-browser)/./src/app/(dashboard)/structure-bdd/page.tsx:472
[    1779ms] [LOG] [StructureBDD] web tree loaded {count: 7} @ webpack-internal:///(app-pages-browser)/./src/app/(dashboard)/structure-bdd/page.tsx:480
[    1808ms] [LOG] [StructureBDD] /api/images/tree status 200 @ webpack-internal:///(app-pages-browser)/./src/app/(dashboard)/structure-bdd/page.tsx:558
[    1808ms] [LOG] [StructureBDD] image tree loaded {count: 2} @ webpack-internal:///(app-pages-browser)/./src/app/(dashboard)/structure-bdd/page.tsx:563
[    1863ms] [LOG] [Auth] Utilisateur connecté détecté {userId: cmt3i6d290000qn8stnmxf460, role: admin, email: admin@nexaflow.com} @ webpack-internal:///(app-pages-browser)/./src/lib/procedures/client-auth.ts:15
[    1864ms] [LOG] [Auth] Utilisateur connecté détecté {userId: cmt3i6d290000qn8stnmxf460, role: admin, email: admin@nexaflow.com} @ webpack-internal:///(app-pages-browser)/./src/lib/procedures/client-auth.ts:15
[    2259ms] [LOG] [StructureBDD] /api/tree status 200 @ webpack-internal:///(app-pages-browser)/./src/app/(dashboard)/structure-bdd/page.tsx:472
[    2262ms] [LOG] [StructureBDD] web tree loaded {count: 7} @ webpack-internal:///(app-pages-browser)/./src/app/(dashboard)/structure-bdd/page.tsx:480
[    2313ms] [LOG] [StructureBDD] /api/images/tree status 200 @ webpack-internal:///(app-pages-browser)/./src/app/(dashboard)/structure-bdd/page.tsx:558
[    2314ms] [LOG] [StructureBDD] image tree loaded {count: 2} @ webpack-internal:///(app-pages-browser)/./src/app/(dashboard)/structure-bdd/page.tsx:563
[    2393ms] [LOG] [Auth] Utilisateur connecté détecté {userId: cmt3i6d290000qn8stnmxf460, role: admin, email: admin@nexaflow.com} @ webpack-internal:///(app-pages-browser)/./src/lib/procedures/client-auth.ts:15
[    2393ms] [LOG] [Auth] Utilisateur connecté détecté {userId: cmt3i6d290000qn8stnmxf460, role: admin, email: admin@nexaflow.com} @ webpack-internal:///(app-pages-browser)/./src/lib/procedures/client-auth.ts:15
[    2533ms] [WARNING] [SQLite] OPFS SAH Pool indisponible, repli sur IndexedDB (SqlJsDb). Error: Missing required OPFS APIs.
    at sqlite3.installOpfsSAHPoolVfs (webpack-internal:///(app-pages-browser)/./node_modules/@sqlite.org/sqlite-wasm/dist/index.mjs:15637:284)
    at openPersistentDatabase (webpack-internal:///(app-pages-browser)/./src/lib/client-engine/sqlite.ts:24:44)
    at eval (webpack-internal:///(app-pages-browser)/./src/lib/client-engine/sqlite.ts:51:20) @ webpack-internal:///(app-pages-browser)/./src/lib/client-engine/sqlite.ts:30
[    2533ms] [WARNING] [SQLite] Aucun stockage OPFS persistant disponible : repli sur localStorage (les données survivront au rechargement dans la limite de stockage du navigateur). @ webpack-internal:///(app-pages-browser)/./src/lib/client-engine/sqlite.ts:34
[    2657ms] [LOG] [SQLite] Base de données locale initialisée @ webpack-internal:///(app-pages-browser)/./src/lib/client-engine/sqlite.ts:52
[    2684ms] [LOG] [VectorStore] Base de données vectorielle IndexedDB initialisée @ webpack-internal:///(app-pages-browser)/./src/lib/client-engine/vector-store.ts:92
[    2684ms] [LOG] [VectorStore] Base de données vectorielle IndexedDB initialisée @ webpack-internal:///(app-pages-browser)/./src/lib/client-engine/vector-store.ts:92
[    2685ms] [LOG] [VectorStore] Base de données vectorielle IndexedDB initialisée @ webpack-internal:///(app-pages-browser)/./src/lib/client-engine/vector-store.ts:92
[    2685ms] [LOG] [VectorStore] Base de données vectorielle IndexedDB initialisée @ webpack-internal:///(app-pages-browser)/./src/lib/client-engine/vector-store.ts:92
[    2686ms] [LOG] [JsonStore] Base de données JSON IndexedDB initialisée @ webpack-internal:///(app-pages-browser)/./src/lib/client-engine/json-store.ts:50
[    2686ms] [LOG] [JsonStore] Base de données JSON IndexedDB initialisée @ webpack-internal:///(app-pages-browser)/./src/lib/client-engine/json-store.ts:50
[    2686ms] [LOG] [JsonStore] Base de données JSON IndexedDB initialisée @ webpack-internal:///(app-pages-browser)/./src/lib/client-engine/json-store.ts:50
[    2686ms] [LOG] [JsonStore] Base de données JSON IndexedDB initialisée @ webpack-internal:///(app-pages-browser)/./src/lib/client-engine/json-store.ts:50
[    2687ms] [LOG] [ClientEngine] Initialisation terminée: {sqlite: true, vectorStore: true, jsonStore: true} @ webpack-internal:///(app-pages-browser)/./src/lib/client-engine/index.ts:77
[    2687ms] [LOG] [ClientEngine] Initialisation terminée: {sqlite: true, vectorStore: true, jsonStore: true} @ webpack-internal:///(app-pages-browser)/./src/lib/client-engine/index.ts:77
[    2687ms] [LOG] [ClientEngine] Initialisation terminée: {sqlite: true, vectorStore: true, jsonStore: true} @ webpack-internal:///(app-pages-browser)/./src/lib/client-engine/index.ts:77
[    2687ms] [LOG] [ClientEngine] Initialisation terminée: {sqlite: true, vectorStore: true, jsonStore: true} @ webpack-internal:///(app-pages-browser)/./src/lib/client-engine/index.ts:77
[    2712ms] [LOG] [StructureBDD] local tree loaded {count: 0} @ webpack-internal:///(app-pages-browser)/./src/app/(dashboard)/structure-bdd/page.tsx:493
[    2713ms] [LOG] [StructureBDD] local tree loaded {count: 0} @ webpack-internal:///(app-pages-browser)/./src/app/(dashboard)/structure-bdd/page.tsx:493
[    2713ms] [LOG] [StructureBDD] local tree loaded {count: 0} @ webpack-internal:///(app-pages-browser)/./src/app/(dashboard)/structure-bdd/page.tsx:493
[    2713ms] [LOG] [StructureBDD] local tree loaded {count: 0} @ webpack-internal:///(app-pages-browser)/./src/app/(dashboard)/structure-bdd/page.tsx:493
[    2714ms] [LOG] [StructureBDD] vector docs loaded {count: 0} @ webpack-internal:///(app-pages-browser)/./src/app/(dashboard)/structure-bdd/page.tsx:517
[    2714ms] [LOG] [StructureBDD] vector docs loaded {count: 0} @ webpack-internal:///(app-pages-browser)/./src/app/(dashboard)/structure-bdd/page.tsx:517
[    2715ms] [LOG] [StructureBDD] vector docs loaded {count: 0} @ webpack-internal:///(app-pages-browser)/./src/app/(dashboard)/structure-bdd/page.tsx:517
[    2715ms] [LOG] [StructureBDD] vector docs loaded {count: 0} @ webpack-internal:///(app-pages-browser)/./src/app/(dashboard)/structure-bdd/page.tsx:517
[    2718ms] [LOG] [StructureBDD] render loading @ webpack-internal:///(app-pages-browser)/./src/app/(dashboard)/structure-bdd/page.tsx:1468
[    2718ms] [LOG] [StructureBDD] render loading @ webpack-internal:///(app-pages-browser)/./src/app/(dashboard)/structure-bdd/page.tsx:1468
[    2720ms] [LOG] [StructureBDD] vector tree loaded {count: 0} @ webpack-internal:///(app-pages-browser)/./src/app/(dashboard)/structure-bdd/page.tsx:531
[    2722ms] [LOG] [StructureBDD] vector tree loaded {count: 0} @ webpack-internal:///(app-pages-browser)/./src/app/(dashboard)/structure-bdd/page.tsx:531
[    2724ms] [LOG] [StructureBDD] vector tree loaded {count: 0} @ webpack-internal:///(app-pages-browser)/./src/app/(dashboard)/structure-bdd/page.tsx:531
[    2724ms] [LOG] [StructureBDD] vector tree loaded {count: 0} @ webpack-internal:///(app-pages-browser)/./src/app/(dashboard)/structure-bdd/page.tsx:531
[    2725ms] [LOG] [Auth] Utilisateur connecté détecté {userId: cmt3i6d290000qn8stnmxf460, role: admin, email: admin@nexaflow.com} @ webpack-internal:///(app-pages-browser)/./src/lib/procedures/client-auth.ts:15
[    2727ms] [LOG] [Auth] Utilisateur connecté détecté {userId: cmt3i6d290000qn8stnmxf460, role: admin, email: admin@nexaflow.com} @ webpack-internal:///(app-pages-browser)/./src/lib/procedures/client-auth.ts:15
[    2736ms] [LOG] [StructureBDD] render loading @ webpack-internal:///(app-pages-browser)/./src/app/(dashboard)/structure-bdd/page.tsx:1468
[    2737ms] [LOG] [StructureBDD] render loading @ webpack-internal:///(app-pages-browser)/./src/app/(dashboard)/structure-bdd/page.tsx:1468
[    2774ms] [LOG] [StructureBDD] /api/tree status 200 @ webpack-internal:///(app-pages-browser)/./src/app/(dashboard)/structure-bdd/page.tsx:472
[    2776ms] [LOG] [StructureBDD] web tree loaded {count: 7} @ webpack-internal:///(app-pages-browser)/./src/app/(dashboard)/structure-bdd/page.tsx:480
[    2777ms] [LOG] [StructureBDD] render loading @ webpack-internal:///(app-pages-browser)/./src/app/(dashboard)/structure-bdd/page.tsx:1468
[    2778ms] [LOG] [StructureBDD] render loading @ webpack-internal:///(app-pages-browser)/./src/app/(dashboard)/structure-bdd/page.tsx:1468
[    2811ms] [LOG] [StructureBDD] /api/images/tree status 200 @ webpack-internal:///(app-pages-browser)/./src/app/(dashboard)/structure-bdd/page.tsx:558
[    2813ms] [LOG] [StructureBDD] image tree loaded {count: 2} @ webpack-internal:///(app-pages-browser)/./src/app/(dashboard)/structure-bdd/page.tsx:563
[    2816ms] [LOG] [StructureBDD] render loading @ webpack-internal:///(app-pages-browser)/./src/app/(dashboard)/structure-bdd/page.tsx:1468
[    2816ms] [LOG] [StructureBDD] render loading @ webpack-internal:///(app-pages-browser)/./src/app/(dashboard)/structure-bdd/page.tsx:1468
[    3062ms] [LOG] [Auth] Utilisateur connecté détecté {userId: cmt3i6d290000qn8stnmxf460, role: admin, email: admin@nexaflow.com} @ webpack-internal:///(app-pages-browser)/./src/lib/procedures/client-auth.ts:15
[    3062ms] [LOG] [Auth] Utilisateur connecté détecté {userId: cmt3i6d290000qn8stnmxf460, role: admin, email: admin@nexaflow.com} @ webpack-internal:///(app-pages-browser)/./src/lib/procedures/client-auth.ts:15
[    3130ms] [LOG] [StructureBDD] /api/tree status 200 @ webpack-internal:///(app-pages-browser)/./src/app/(dashboard)/structure-bdd/page.tsx:472
[    3133ms] [LOG] [StructureBDD] web tree loaded {count: 7} @ webpack-internal:///(app-pages-browser)/./src/app/(dashboard)/structure-bdd/page.tsx:480
[    3135ms] [LOG] [StructureBDD] render loading @ webpack-internal:///(app-pages-browser)/./src/app/(dashboard)/structure-bdd/page.tsx:1468
[    3135ms] [LOG] [StructureBDD] render loading @ webpack-internal:///(app-pages-browser)/./src/app/(dashboard)/structure-bdd/page.tsx:1468
[    3176ms] [LOG] [StructureBDD] /api/images/tree status 200 @ webpack-internal:///(app-pages-browser)/./src/app/(dashboard)/structure-bdd/page.tsx:558
[    3177ms] [LOG] [StructureBDD] image tree loaded {count: 2} @ webpack-internal:///(app-pages-browser)/./src/app/(dashboard)/structure-bdd/page.tsx:563
[    3180ms] [LOG] [StructureBDD] render loading @ webpack-internal:///(app-pages-browser)/./src/app/(dashboard)/structure-bdd/page.tsx:1468
[    3181ms] [LOG] [StructureBDD] render loading @ webpack-internal:///(app-pages-browser)/./src/app/(dashboard)/structure-bdd/page.tsx:1468
[    3457ms] [LOG] [StructureBDD] render result {web: 7, local: 0, vector: 0, images: 2, webError: false} @ webpack-internal:///(app-pages-browser)/./src/app/(dashboard)/structure-bdd/page.tsx:1485
[    3459ms] [LOG] [StructureBDD] render result {web: 7, local: 0, vector: 0, images: 2, webError: false} @ webpack-internal:///(app-pages-browser)/./src/app/(dashboard)/structure-bdd/page.tsx:1485
[    3563ms] [LOG] [StructureBDD] render result {web: 7, local: 0, vector: 0, images: 2, webError: false} @ webpack-internal:///(app-pages-browser)/./src/app/(dashboard)/structure-bdd/page.tsx:1485
[    3564ms] [LOG] [StructureBDD] render result {web: 7, local: 0, vector: 0, images: 2, webError: false} @ webpack-internal:///(app-pages-browser)/./src/app/(dashboard)/structure-bdd/page.tsx:1485
[   31617ms] [LOG] [Auth] Utilisateur connecté détecté {userId: cmt3i6d290000qn8stnmxf460, role: admin, email: admin@nexaflow.com} @ webpack-internal:///(app-pages-browser)/./src/lib/procedures/client-auth.ts:15
[   31617ms] [LOG] [Auth] Utilisateur connecté détecté {userId: cmt3i6d290000qn8stnmxf460, role: admin, email: admin@nexaflow.com} @ webpack-internal:///(app-pages-browser)/./src/lib/procedures/client-auth.ts:15
[   61610ms] [LOG] [Auth] Utilisateur connecté détecté {userId: cmt3i6d290000qn8stnmxf460, role: admin, email: admin@nexaflow.com} @ webpack-internal:///(app-pages-browser)/./src/lib/procedures/client-auth.ts:15
[   61610ms] [LOG] [Auth] Utilisateur connecté détecté {userId: cmt3i6d290000qn8stnmxf460, role: admin, email: admin@nexaflow.com} @ webpack-internal:///(app-pages-browser)/./src/lib/procedures/client-auth.ts:15
[   91615ms] [LOG] [Auth] Utilisateur connecté détecté {userId: cmt3i6d290000qn8stnmxf460, role: admin, email: admin@nexaflow.com} @ webpack-internal:///(app-pages-browser)/./src/lib/procedures/client-auth.ts:15
[   91615ms] [LOG] [Auth] Utilisateur connecté détecté {userId: cmt3i6d290000qn8stnmxf460, role: admin, email: admin@nexaflow.com} @ webpack-internal:///(app-pages-browser)/./src/lib/procedures/client-auth.ts:15
[  121615ms] [LOG] [Auth] Utilisateur connecté détecté {userId: cmt3i6d290000qn8stnmxf460, role: admin, email: admin@nexaflow.com} @ webpack-internal:///(app-pages-browser)/./src/lib/procedures/client-auth.ts:15
[  121615ms] [LOG] [Auth] Utilisateur connecté détecté {userId: cmt3i6d290000qn8stnmxf460, role: admin, email: admin@nexaflow.com} @ webpack-internal:///(app-pages-browser)/./src/lib/procedures/client-auth.ts:15
[  151627ms] [LOG] [Auth] Utilisateur connecté détecté {userId: cmt3i6d290000qn8stnmxf460, role: admin, email: admin@nexaflow.com} @ webpack-internal:///(app-pages-browser)/./src/lib/procedures/client-auth.ts:15
[  151628ms] [LOG] [Auth] Utilisateur connecté détecté {userId: cmt3i6d290000qn8stnmxf460, role: admin, email: admin@nexaflow.com} @ webpack-internal:///(app-pages-browser)/./src/lib/procedures/client-auth.ts:15
[  181585ms] [LOG] [Auth] Utilisateur connecté détecté {userId: cmt3i6d290000qn8stnmxf460, role: admin, email: admin@nexaflow.com} @ webpack-internal:///(app-pages-browser)/./src/lib/procedures/client-auth.ts:15
[  181585ms] [LOG] [Auth] Utilisateur connecté détecté {userId: cmt3i6d290000qn8stnmxf460, role: admin, email: admin@nexaflow.com} @ webpack-internal:///(app-pages-browser)/./src/lib/procedures/client-auth.ts:15
[  211606ms] [LOG] [Auth] Utilisateur connecté détecté {userId: cmt3i6d290000qn8stnmxf460, role: admin, email: admin@nexaflow.com} @ webpack-internal:///(app-pages-browser)/./src/lib/procedures/client-auth.ts:15
[  211606ms] [LOG] [Auth] Utilisateur connecté détecté {userId: cmt3i6d290000qn8stnmxf460, role: admin, email: admin@nexaflow.com} @ webpack-internal:///(app-pages-browser)/./src/lib/procedures/client-auth.ts:15
[  241599ms] [LOG] [Auth] Utilisateur connecté détecté {userId: cmt3i6d290000qn8stnmxf460, role: admin, email: admin@nexaflow.com} @ webpack-internal:///(app-pages-browser)/./src/lib/procedures/client-auth.ts:15
[  241599ms] [LOG] [Auth] Utilisateur connecté détecté {userId: cmt3i6d290000qn8stnmxf460, role: admin, email: admin@nexaflow.com} @ webpack-internal:///(app-pages-browser)/./src/lib/procedures/client-auth.ts:15
[  271632ms] [LOG] [Auth] Utilisateur connecté détecté {userId: cmt3i6d290000qn8stnmxf460, role: admin, email: admin@nexaflow.com} @ webpack-internal:///(app-pages-browser)/./src/lib/procedures/client-auth.ts:15
[  271633ms] [LOG] [Auth] Utilisateur connecté détecté {userId: cmt3i6d290000qn8stnmxf460, role: admin, email: admin@nexaflow.com} @ webpack-internal:///(app-pages-browser)/./src/lib/procedures/client-auth.ts:15
[  301613ms] [LOG] [Auth] Utilisateur connecté détecté {userId: cmt3i6d290000qn8stnmxf460, role: admin, email: admin@nexaflow.com} @ webpack-internal:///(app-pages-browser)/./src/lib/procedures/client-auth.ts:15
[  301614ms] [LOG] [Auth] Utilisateur connecté détecté {userId: cmt3i6d290000qn8stnmxf460, role: admin, email: admin@nexaflow.com} @ webpack-internal:///(app-pages-browser)/./src/lib/procedures/client-auth.ts:15
[  331606ms] [LOG] [Auth] Utilisateur connecté détecté {userId: cmt3i6d290000qn8stnmxf460, role: admin, email: admin@nexaflow.com} @ webpack-internal:///(app-pages-browser)/./src/lib/procedures/client-auth.ts:15
[  331607ms] [LOG] [Auth] Utilisateur connecté détecté {userId: cmt3i6d290000qn8stnmxf460, role: admin, email: admin@nexaflow.com} @ webpack-internal:///(app-pages-browser)/./src/lib/procedures/client-auth.ts:15
[  361615ms] [LOG] [Auth] Utilisateur connecté détecté {userId: cmt3i6d290000qn8stnmxf460, role: admin, email: admin@nexaflow.com} @ webpack-internal:///(app-pages-browser)/./src/lib/procedures/client-auth.ts:15
[  361616ms] [LOG] [Auth] Utilisateur connecté détecté {userId: cmt3i6d290000qn8stnmxf460, role: admin, email: admin@nexaflow.com} @ webpack-internal:///(app-pages-browser)/./src/lib/procedures/client-auth.ts:15
[  391618ms] [LOG] [Auth] Utilisateur connecté détecté {userId: cmt3i6d290000qn8stnmxf460, role: admin, email: admin@nexaflow.com} @ webpack-internal:///(app-pages-browser)/./src/lib/procedures/client-auth.ts:15
[  391619ms] [LOG] [Auth] Utilisateur connecté détecté {userId: cmt3i6d290000qn8stnmxf460, role: admin, email: admin@nexaflow.com} @ webpack-internal:///(app-pages-browser)/./src/lib/procedures/client-auth.ts:15
[  421591ms] [LOG] [Auth] Utilisateur connecté détecté {userId: cmt3i6d290000qn8stnmxf460, role: admin, email: admin@nexaflow.com} @ webpack-internal:///(app-pages-browser)/./src/lib/procedures/client-auth.ts:15
[  421591ms] [LOG] [Auth] Utilisateur connecté détecté {userId: cmt3i6d290000qn8stnmxf460, role: admin, email: admin@nexaflow.com} @ webpack-internal:///(app-pages-browser)/./src/lib/procedures/client-auth.ts:15
[  451616ms] [LOG] [Auth] Utilisateur connecté détecté {userId: cmt3i6d290000qn8stnmxf460, role: admin, email: admin@nexaflow.com} @ webpack-internal:///(app-pages-browser)/./src/lib/procedures/client-auth.ts:15
[  451617ms] [LOG] [Auth] Utilisateur connecté détecté {userId: cmt3i6d290000qn8stnmxf460, role: admin, email: admin@nexaflow.com} @ webpack-internal:///(app-pages-browser)/./src/lib/procedures/client-auth.ts:15
[  481798ms] [LOG] [Auth] Utilisateur connecté détecté {userId: cmt3i6d290000qn8stnmxf460, role: admin, email: admin@nexaflow.com} @ webpack-internal:///(app-pages-browser)/./src/lib/procedures/client-auth.ts:15
[  481799ms] [LOG] [Auth] Utilisateur connecté détecté {userId: cmt3i6d290000qn8stnmxf460, role: admin, email: admin@nexaflow.com} @ webpack-internal:///(app-pages-browser)/./src/lib/procedures/client-auth.ts:15
[  511608ms] [LOG] [Auth] Utilisateur connecté détecté {userId: cmt3i6d290000qn8stnmxf460, role: admin, email: admin@nexaflow.com} @ webpack-internal:///(app-pages-browser)/./src/lib/procedures/client-auth.ts:15
[  511608ms] [LOG] [Auth] Utilisateur connecté détecté {userId: cmt3i6d290000qn8stnmxf460, role: admin, email: admin@nexaflow.com} @ webpack-internal:///(app-pages-browser)/./src/lib/procedures/client-auth.ts:15
[  541621ms] [LOG] [Auth] Utilisateur connecté détecté {userId: cmt3i6d290000qn8stnmxf460, role: admin, email: admin@nexaflow.com} @ webpack-internal:///(app-pages-browser)/./src/lib/procedures/client-auth.ts:15
[  541622ms] [LOG] [Auth] Utilisateur connecté détecté {userId: cmt3i6d290000qn8stnmxf460, role: admin, email: admin@nexaflow.com} @ webpack-internal:///(app-pages-browser)/./src/lib/procedures/client-auth.ts:15
[  571607ms] [LOG] [Auth] Utilisateur connecté détecté {userId: cmt3i6d290000qn8stnmxf460, role: admin, email: admin@nexaflow.com} @ webpack-internal:///(app-pages-browser)/./src/lib/procedures/client-auth.ts:15
[  571607ms] [LOG] [Auth] Utilisateur connecté détecté {userId: cmt3i6d290000qn8stnmxf460, role: admin, email: admin@nexaflow.com} @ webpack-internal:///(app-pages-browser)/./src/lib/procedures/client-auth.ts:15
[  601604ms] [LOG] [Auth] Utilisateur connecté détecté {userId: cmt3i6d290000qn8stnmxf460, role: admin, email: admin@nexaflow.com} @ webpack-internal:///(app-pages-browser)/./src/lib/procedures/client-auth.ts:15
[  601605ms] [LOG] [Auth] Utilisateur connecté détecté {userId: cmt3i6d290000qn8stnmxf460, role: admin, email: admin@nexaflow.com} @ webpack-internal:///(app-pages-browser)/./src/lib/procedures/client-auth.ts:15
[  631600ms] [LOG] [Auth] Utilisateur connecté détecté {userId: cmt3i6d290000qn8stnmxf460, role: admin, email: admin@nexaflow.com} @ webpack-internal:///(app-pages-browser)/./src/lib/procedures/client-auth.ts:15
[  631600ms] [LOG] [Auth] Utilisateur connecté détecté {userId: cmt3i6d290000qn8stnmxf460, role: admin, email: admin@nexaflow.com} @ webpack-internal:///(app-pages-browser)/./src/lib/procedures/client-auth.ts:15
[  661591ms] [LOG] [Auth] Utilisateur connecté détecté {userId: cmt3i6d290000qn8stnmxf460, role: admin, email: admin@nexaflow.com} @ webpack-internal:///(app-pages-browser)/./src/lib/procedures/client-auth.ts:15
[  661591ms] [LOG] [Auth] Utilisateur connecté détecté {userId: cmt3i6d290000qn8stnmxf460, role: admin, email: admin@nexaflow.com} @ webpack-internal:///(app-pages-browser)/./src/lib/procedures/client-auth.ts:15
[  691613ms] [LOG] [Auth] Utilisateur connecté détecté {userId: cmt3i6d290000qn8stnmxf460, role: admin, email: admin@nexaflow.com} @ webpack-internal:///(app-pages-browser)/./src/lib/procedures/client-auth.ts:15
[  691613ms] [LOG] [Auth] Utilisateur connecté détecté {userId: cmt3i6d290000qn8stnmxf460, role: admin, email: admin@nexaflow.com} @ webpack-internal:///(app-pages-browser)/./src/lib/procedures/client-auth.ts:15
[  721608ms] [LOG] [Auth] Utilisateur connecté détecté {userId: cmt3i6d290000qn8stnmxf460, role: admin, email: admin@nexaflow.com} @ webpack-internal:///(app-pages-browser)/./src/lib/procedures/client-auth.ts:15
[  721608ms] [LOG] [Auth] Utilisateur connecté détecté {userId: cmt3i6d290000qn8stnmxf460, role: admin, email: admin@nexaflow.com} @ webpack-internal:///(app-pages-browser)/./src/lib/procedures/client-auth.ts:15
[  751599ms] [LOG] [Auth] Utilisateur connecté détecté {userId: cmt3i6d290000qn8stnmxf460, role: admin, email: admin@nexaflow.com} @ webpack-internal:///(app-pages-browser)/./src/lib/procedures/client-auth.ts:15
[  751599ms] [LOG] [Auth] Utilisateur connecté détecté {userId: cmt3i6d290000qn8stnmxf460, role: admin, email: admin@nexaflow.com} @ webpack-internal:///(app-pages-browser)/./src/lib/procedures/client-auth.ts:15
[  781642ms] [LOG] [Auth] Utilisateur connecté détecté {userId: cmt3i6d290000qn8stnmxf460, role: admin, email: admin@nexaflow.com} @ webpack-internal:///(app-pages-browser)/./src/lib/procedures/client-auth.ts:15
[  781642ms] [LOG] [Auth] Utilisateur connecté détecté {userId: cmt3i6d290000qn8stnmxf460, role: admin, email: admin@nexaflow.com} @ webpack-internal:///(app-pages-browser)/./src/lib/procedures/client-auth.ts:15
[  811833ms] [LOG] [Auth] Utilisateur connecté détecté {userId: cmt3i6d290000qn8stnmxf460, role: admin, email: admin@nexaflow.com} @ webpack-internal:///(app-pages-browser)/./src/lib/procedures/client-auth.ts:15
[  811834ms] [LOG] [Auth] Utilisateur connecté détecté {userId: cmt3i6d290000qn8stnmxf460, role: admin, email: admin@nexaflow.com} @ webpack-internal:///(app-pages-browser)/./src/lib/procedures/client-auth.ts:15
[  841592ms] [LOG] [Auth] Utilisateur connecté détecté {userId: cmt3i6d290000qn8stnmxf460, role: admin, email: admin@nexaflow.com} @ webpack-internal:///(app-pages-browser)/./src/lib/procedures/client-auth.ts:15
[  841593ms] [LOG] [Auth] Utilisateur connecté détecté {userId: cmt3i6d290000qn8stnmxf460, role: admin, email: admin@nexaflow.com} @ webpack-internal:///(app-pages-browser)/./src/lib/procedures/client-auth.ts:15
[  871604ms] [LOG] [Auth] Utilisateur connecté détecté {userId: cmt3i6d290000qn8stnmxf460, role: admin, email: admin@nexaflow.com} @ webpack-internal:///(app-pages-browser)/./src/lib/procedures/client-auth.ts:15
[  871604ms] [LOG] [Auth] Utilisateur connecté détecté {userId: cmt3i6d290000qn8stnmxf460, role: admin, email: admin@nexaflow.com} @ webpack-internal:///(app-pages-browser)/./src/lib/procedures/client-auth.ts:15
[  901601ms] [LOG] [Auth] Utilisateur connecté détecté {userId: cmt3i6d290000qn8stnmxf460, role: admin, email: admin@nexaflow.com} @ webpack-internal:///(app-pages-browser)/./src/lib/procedures/client-auth.ts:15
[  901601ms] [LOG] [Auth] Utilisateur connecté détecté {userId: cmt3i6d290000qn8stnmxf460, role: admin, email: admin@nexaflow.com} @ webpack-internal:///(app-pages-browser)/./src/lib/procedures/client-auth.ts:15
[  931606ms] [LOG] [Auth] Utilisateur connecté détecté {userId: cmt3i6d290000qn8stnmxf460, role: admin, email: admin@nexaflow.com} @ webpack-internal:///(app-pages-browser)/./src/lib/procedures/client-auth.ts:15
[  931607ms] [LOG] [Auth] Utilisateur connecté détecté {userId: cmt3i6d290000qn8stnmxf460, role: admin, email: admin@nexaflow.com} @ webpack-internal:///(app-pages-browser)/./src/lib/procedures/client-auth.ts:15
[  961597ms] [LOG] [Auth] Utilisateur connecté détecté {userId: cmt3i6d290000qn8stnmxf460, role: admin, email: admin@nexaflow.com} @ webpack-internal:///(app-pages-browser)/./src/lib/procedures/client-auth.ts:15
[  961598ms] [LOG] [Auth] Utilisateur connecté détecté {userId: cmt3i6d290000qn8stnmxf460, role: admin, email: admin@nexaflow.com} @ webpack-internal:///(app-pages-browser)/./src/lib/procedures/client-auth.ts:15
[  991597ms] [LOG] [Auth] Utilisateur connecté détecté {userId: cmt3i6d290000qn8stnmxf460, role: admin, email: admin@nexaflow.com} @ webpack-internal:///(app-pages-browser)/./src/lib/procedures/client-auth.ts:15
[  991597ms] [LOG] [Auth] Utilisateur connecté détecté {userId: cmt3i6d290000qn8stnmxf460, role: admin, email: admin@nexaflow.com} @ webpack-internal:///(app-pages-browser)/./src/lib/procedures/client-auth.ts:15
[ 1021607ms] [LOG] [Auth] Utilisateur connecté détecté {userId: cmt3i6d290000qn8stnmxf460, role: admin, email: admin@nexaflow.com} @ webpack-internal:///(app-pages-browser)/./src/lib/procedures/client-auth.ts:15
[ 1021608ms] [LOG] [Auth] Utilisateur connecté détecté {userId: cmt3i6d290000qn8stnmxf460, role: admin, email: admin@nexaflow.com} @ webpack-internal:///(app-pages-browser)/./src/lib/procedures/client-auth.ts:15
[ 1051606ms] [LOG] [Auth] Utilisateur connecté détecté {userId: cmt3i6d290000qn8stnmxf460, role: admin, email: admin@nexaflow.com} @ webpack-internal:///(app-pages-browser)/./src/lib/procedures/client-auth.ts:15
[ 1051607ms] [LOG] [Auth] Utilisateur connecté détecté {userId: cmt3i6d290000qn8stnmxf460, role: admin, email: admin@nexaflow.com} @ webpack-internal:///(app-pages-browser)/./src/lib/procedures/client-auth.ts:15
[ 1081608ms] [LOG] [Auth] Utilisateur connecté détecté {userId: cmt3i6d290000qn8stnmxf460, role: admin, email: admin@nexaflow.com} @ webpack-internal:///(app-pages-browser)/./src/lib/procedures/client-auth.ts:15
[ 1081609ms] [LOG] [Auth] Utilisateur connecté détecté {userId: cmt3i6d290000qn8stnmxf460, role: admin, email: admin@nexaflow.com} @ webpack-internal:///(app-pages-browser)/./src/lib/procedures/client-auth.ts:15
[ 1111598ms] [LOG] [Auth] Utilisateur connecté détecté {userId: cmt3i6d290000qn8stnmxf460, role: admin, email: admin@nexaflow.com} @ webpack-internal:///(app-pages-browser)/./src/lib/procedures/client-auth.ts:15
[ 1111599ms] [LOG] [Auth] Utilisateur connecté détecté {userId: cmt3i6d290000qn8stnmxf460, role: admin, email: admin@nexaflow.com} @ webpack-internal:///(app-pages-browser)/./src/lib/procedures/client-auth.ts:15
[ 1141603ms] [LOG] [Auth] Utilisateur connecté détecté {userId: cmt3i6d290000qn8stnmxf460, role: admin, email: admin@nexaflow.com} @ webpack-internal:///(app-pages-browser)/./src/lib/procedures/client-auth.ts:15
[ 1141603ms] [LOG] [Auth] Utilisateur connecté détecté {userId: cmt3i6d290000qn8stnmxf460, role: admin, email: admin@nexaflow.com} @ webpack-internal:///(app-pages-browser)/./src/lib/procedures/client-auth.ts:15
[ 1171630ms] [LOG] [Auth] Utilisateur connecté détecté {userId: cmt3i6d290000qn8stnmxf460, role: admin, email: admin@nexaflow.com} @ webpack-internal:///(app-pages-browser)/./src/lib/procedures/client-auth.ts:15
[ 1171631ms] [LOG] [Auth] Utilisateur connecté détecté {userId: cmt3i6d290000qn8stnmxf460, role: admin, email: admin@nexaflow.com} @ webpack-internal:///(app-pages-browser)/./src/lib/procedures/client-auth.ts:15
[ 1201598ms] [LOG] [Auth] Utilisateur connecté détecté {userId: cmt3i6d290000qn8stnmxf460, role: admin, email: admin@nexaflow.com} @ webpack-internal:///(app-pages-browser)/./src/lib/procedures/client-auth.ts:15
[ 1201598ms] [LOG] [Auth] Utilisateur connecté détecté {userId: cmt3i6d290000qn8stnmxf460, role: admin, email: admin@nexaflow.com} @ webpack-internal:///(app-pages-browser)/./src/lib/procedures/client-auth.ts:15
[ 1231601ms] [LOG] [Auth] Utilisateur connecté détecté {userId: cmt3i6d290000qn8stnmxf460, role: admin, email: admin@nexaflow.com} @ webpack-internal:///(app-pages-browser)/./src/lib/procedures/client-auth.ts:15
[ 1231601ms] [LOG] [Auth] Utilisateur connecté détecté {userId: cmt3i6d290000qn8stnmxf460, role: admin, email: admin@nexaflow.com} @ webpack-internal:///(app-pages-browser)/./src/lib/procedures/client-auth.ts:15
[ 1253606ms] [LOG] [Fast Refresh] rebuilding @ webpack-internal:///(app-pages-browser)/./node_modules/next/dist/client/components/react-dev-overlay/app/hot-reloader-client.js:186
[ 1258105ms] [LOG] [Auth] Utilisateur connecté détecté {userId: cmt3i6d290000qn8stnmxf460, role: admin, email: admin@nexaflow.com} @ webpack-internal:///(app-pages-browser)/./src/lib/procedures/client-auth.ts:15
[ 1258106ms] [LOG] [Auth] Utilisateur connecté détecté {userId: cmt3i6d290000qn8stnmxf460, role: admin, email: admin@nexaflow.com} @ webpack-internal:///(app-pages-browser)/./src/lib/procedures/client-auth.ts:15
[ 1258111ms] [LOG] [Fast Refresh] done in 4506ms @ webpack-internal:///(app-pages-browser)/./node_modules/next/dist/client/components/react-dev-overlay/app/hot-reloader-client.js:43
[ 1258914ms] [LOG] [Auth] Utilisateur connecté détecté {userId: cmt3i6d290000qn8stnmxf460, role: admin, email: admin@nexaflow.com} @ webpack-internal:///(app-pages-browser)/./src/lib/procedures/client-auth.ts:15
[ 1258915ms] [LOG] [Auth] Utilisateur connecté détecté {userId: cmt3i6d290000qn8stnmxf460, role: admin, email: admin@nexaflow.com} @ webpack-internal:///(app-pages-browser)/./src/lib/procedures/client-auth.ts:15
[ 1258920ms] [LOG] [StructureBDD] render result {web: 7, local: 0, vector: 0, images: 2, webError: false} @ webpack-internal:///(app-pages-browser)/./src/app/(dashboard)/structure-bdd/page.tsx:1485
[ 1258921ms] [LOG] [StructureBDD] render result {web: 7, local: 0, vector: 0, images: 2, webError: false} @ webpack-internal:///(app-pages-browser)/./src/app/(dashboard)/structure-bdd/page.tsx:1485
[ 1261590ms] [LOG] [Auth] Utilisateur connecté détecté {userId: cmt3i6d290000qn8stnmxf460, role: admin, email: admin@nexaflow.com} @ webpack-internal:///(app-pages-browser)/./src/lib/procedures/client-auth.ts:15
[ 1261591ms] [LOG] [Auth] Utilisateur connecté détecté {userId: cmt3i6d290000qn8stnmxf460, role: admin, email: admin@nexaflow.com} @ webpack-internal:///(app-pages-browser)/./src/lib/procedures/client-auth.ts:15
[ 1270041ms] [LOG] [Fast Refresh] rebuilding @ webpack-internal:///(app-pages-browser)/./node_modules/next/dist/client/components/react-dev-overlay/app/hot-reloader-client.js:186
[ 1271733ms] [LOG] [Auth] Utilisateur connecté détecté {userId: cmt3i6d290000qn8stnmxf460, role: admin, email: admin@nexaflow.com} @ webpack-internal:///(app-pages-browser)/./src/lib/procedures/client-auth.ts:15
[ 1271733ms] [LOG] [Auth] Utilisateur connecté détecté {userId: cmt3i6d290000qn8stnmxf460, role: admin, email: admin@nexaflow.com} @ webpack-internal:///(app-pages-browser)/./src/lib/procedures/client-auth.ts:15
[ 1271747ms] [LOG] [Fast Refresh] done in 1706ms @ webpack-internal:///(app-pages-browser)/./node_modules/next/dist/client/components/react-dev-overlay/app/hot-reloader-client.js:43
[ 1272185ms] [LOG] [StructureBDD] render result {web: 7, local: 0, vector: 0, images: 2, webError: false} @ webpack-internal:///(app-pages-browser)/./src/app/(dashboard)/structure-bdd/page.tsx:1485
[ 1272186ms] [LOG] [StructureBDD] render result {web: 7, local: 0, vector: 0, images: 2, webError: false} @ webpack-internal:///(app-pages-browser)/./src/app/(dashboard)/structure-bdd/page.tsx:1485
[ 1272381ms] [LOG] [StructureBDD] render result {web: 7, local: 0, vector: 0, images: 2, webError: false} @ webpack-internal:///(app-pages-browser)/./src/app/(dashboard)/structure-bdd/page.tsx:1485
[ 1272384ms] [LOG] [StructureBDD] render result {web: 7, local: 0, vector: 0, images: 2, webError: false} @ webpack-internal:///(app-pages-browser)/./src/app/(dashboard)/structure-bdd/page.tsx:1485
[ 2119669ms] [LOG] [Fast Refresh] rebuilding @ webpack-internal:///(app-pages-browser)/./node_modules/next/dist/client/components/react-dev-overlay/app/hot-reloader-client.js:186
[ 2124784ms] [LOG] [StructureBDD] render result {web: 7, local: 0, vector: 0, images: 2, webError: false} @ webpack-internal:///(app-pages-browser)/./src/app/(dashboard)/structure-bdd/page.tsx:1485
[ 2124786ms] [LOG] [StructureBDD] render result {web: 7, local: 0, vector: 0, images: 2, webError: false} @ webpack-internal:///(app-pages-browser)/./src/app/(dashboard)/structure-bdd/page.tsx:1485
[ 2124812ms] [LOG] [StructureBDD] mount @ webpack-internal:///(app-pages-browser)/./src/app/(dashboard)/structure-bdd/page.tsx:591
[ 2124814ms] [LOG] [StructureBDD] loadTrees start @ webpack-internal:///(app-pages-browser)/./src/app/(dashboard)/structure-bdd/page.tsx:464
[ 2124834ms] [LOG] [Fast Refresh] done in 5166ms @ webpack-internal:///(app-pages-browser)/./node_modules/next/dist/client/components/react-dev-overlay/app/hot-reloader-client.js:43
[ 2124836ms] [LOG] [StructureBDD] local tree loaded {count: 0} @ webpack-internal:///(app-pages-browser)/./src/app/(dashboard)/structure-bdd/page.tsx:493
[ 2124838ms] [LOG] [StructureBDD] render loading @ webpack-internal:///(app-pages-browser)/./src/app/(dashboard)/structure-bdd/page.tsx:1468
[ 2124838ms] [LOG] [StructureBDD] render loading @ webpack-internal:///(app-pages-browser)/./src/app/(dashboard)/structure-bdd/page.tsx:1468
[ 2124848ms] [LOG] [StructureBDD] vector docs loaded {count: 0} @ webpack-internal:///(app-pages-browser)/./src/app/(dashboard)/structure-bdd/page.tsx:517
[ 2124849ms] [LOG] [StructureBDD] render loading @ webpack-internal:///(app-pages-browser)/./src/app/(dashboard)/structure-bdd/page.tsx:1468
[ 2124850ms] [LOG] [StructureBDD] render loading @ webpack-internal:///(app-pages-browser)/./src/app/(dashboard)/structure-bdd/page.tsx:1468
[ 2124851ms] [LOG] [StructureBDD] vector tree loaded {count: 0} @ webpack-internal:///(app-pages-browser)/./src/app/(dashboard)/structure-bdd/page.tsx:531
[ 2124852ms] [LOG] [StructureBDD] render loading @ webpack-internal:///(app-pages-browser)/./src/app/(dashboard)/structure-bdd/page.tsx:1468
[ 2124852ms] [LOG] [StructureBDD] render loading @ webpack-internal:///(app-pages-browser)/./src/app/(dashboard)/structure-bdd/page.tsx:1468
[ 2125153ms] [LOG] [StructureBDD] render loading @ webpack-internal:///(app-pages-browser)/./src/app/(dashboard)/structure-bdd/page.tsx:1468
[ 2125154ms] [LOG] [StructureBDD] render loading @ webpack-internal:///(app-pages-browser)/./src/app/(dashboard)/structure-bdd/page.tsx:1468
[ 2126973ms] [LOG] [StructureBDD] /api/tree status 200 @ webpack-internal:///(app-pages-browser)/./src/app/(dashboard)/structure-bdd/page.tsx:472
[ 2126975ms] [LOG] [StructureBDD] web tree loaded {count: 7} @ webpack-internal:///(app-pages-browser)/./src/app/(dashboard)/structure-bdd/page.tsx:480
[ 2126977ms] [LOG] [StructureBDD] render loading @ webpack-internal:///(app-pages-browser)/./src/app/(dashboard)/structure-bdd/page.tsx:1468
[ 2126977ms] [LOG] [StructureBDD] render loading @ webpack-internal:///(app-pages-browser)/./src/app/(dashboard)/structure-bdd/page.tsx:1468
[ 2127305ms] [LOG] [StructureBDD] /api/images/tree status 200 @ webpack-internal:///(app-pages-browser)/./src/app/(dashboard)/structure-bdd/page.tsx:558
[ 2127307ms] [LOG] [StructureBDD] image tree loaded {count: 2} @ webpack-internal:///(app-pages-browser)/./src/app/(dashboard)/structure-bdd/page.tsx:563
[ 2127309ms] [LOG] [StructureBDD] render loading @ webpack-internal:///(app-pages-browser)/./src/app/(dashboard)/structure-bdd/page.tsx:1468
[ 2127309ms] [LOG] [StructureBDD] render loading @ webpack-internal:///(app-pages-browser)/./src/app/(dashboard)/structure-bdd/page.tsx:1468
[ 2128223ms] [LOG] [StructureBDD] render result {web: 7, local: 0, vector: 0, images: 2, webError: false} @ webpack-internal:///(app-pages-browser)/./src/app/(dashboard)/structure-bdd/page.tsx:1485
[ 2128224ms] [LOG] [StructureBDD] render result {web: 7, local: 0, vector: 0, images: 2, webError: false} @ webpack-internal:///(app-pages-browser)/./src/app/(dashboard)/structure-bdd/page.tsx:1485
[ 2132282ms] [LOG] [Fast Refresh] rebuilding @ webpack-internal:///(app-pages-browser)/./node_modules/next/dist/client/components/react-dev-overlay/app/hot-reloader-client.js:186
[ 2134554ms] [LOG] [StructureBDD] render loading @ webpack-internal:///(app-pages-browser)/./src/app/(dashboard)/structure-bdd/page.tsx:1475
[ 2134555ms] [LOG] [StructureBDD] render loading @ webpack-internal:///(app-pages-browser)/./src/app/(dashboard)/structure-bdd/page.tsx:1475
[ 2134559ms] [LOG] [StructureBDD] mount @ webpack-internal:///(app-pages-browser)/./src/app/(dashboard)/structure-bdd/page.tsx:598
[ 2134561ms] [LOG] [StructureBDD] loadTrees start @ webpack-internal:///(app-pages-browser)/./src/app/(dashboard)/structure-bdd/page.tsx:471
[ 2134567ms] [LOG] [StructureBDD] mount @ webpack-internal:///(app-pages-browser)/./src/app/(dashboard)/structure-bdd/page.tsx:598
[ 2134568ms] [LOG] [StructureBDD] loadTrees start @ webpack-internal:///(app-pages-browser)/./src/app/(dashboard)/structure-bdd/page.tsx:471
[ 2134581ms] [LOG] [Fast Refresh] done in 2299ms @ webpack-internal:///(app-pages-browser)/./node_modules/next/dist/client/components/react-dev-overlay/app/hot-reloader-client.js:43
[ 2134582ms] [LOG] [StructureBDD] local tree loaded {count: 0} @ webpack-internal:///(app-pages-browser)/./src/app/(dashboard)/structure-bdd/page.tsx:500
[ 2134582ms] [LOG] [StructureBDD] local tree loaded {count: 0} @ webpack-internal:///(app-pages-browser)/./src/app/(dashboard)/structure-bdd/page.tsx:500
[ 2134586ms] [LOG] [StructureBDD] render loading @ webpack-internal:///(app-pages-browser)/./src/app/(dashboard)/structure-bdd/page.tsx:1475
[ 2134587ms] [LOG] [StructureBDD] render loading @ webpack-internal:///(app-pages-browser)/./src/app/(dashboard)/structure-bdd/page.tsx:1475
[ 2134588ms] [LOG] [StructureBDD] vector docs loaded {count: 0} @ webpack-internal:///(app-pages-browser)/./src/app/(dashboard)/structure-bdd/page.tsx:524
[ 2134589ms] [LOG] [StructureBDD] vector docs loaded {count: 0} @ webpack-internal:///(app-pages-browser)/./src/app/(dashboard)/structure-bdd/page.tsx:524
[ 2134590ms] [LOG] [StructureBDD] render loading @ webpack-internal:///(app-pages-browser)/./src/app/(dashboard)/structure-bdd/page.tsx:1475
[ 2134591ms] [LOG] [StructureBDD] render loading @ webpack-internal:///(app-pages-browser)/./src/app/(dashboard)/structure-bdd/page.tsx:1475
[ 2134593ms] [LOG] [StructureBDD] vector tree loaded {count: 0} @ webpack-internal:///(app-pages-browser)/./src/app/(dashboard)/structure-bdd/page.tsx:538
[ 2134596ms] [LOG] [StructureBDD] render loading @ webpack-internal:///(app-pages-browser)/./src/app/(dashboard)/structure-bdd/page.tsx:1475
[ 2134596ms] [LOG] [StructureBDD] render loading @ webpack-internal:///(app-pages-browser)/./src/app/(dashboard)/structure-bdd/page.tsx:1475
[ 2134597ms] [LOG] [StructureBDD] vector tree loaded {count: 0} @ webpack-internal:///(app-pages-browser)/./src/app/(dashboard)/structure-bdd/page.tsx:538
[ 2134599ms] [LOG] [StructureBDD] render loading @ webpack-internal:///(app-pages-browser)/./src/app/(dashboard)/structure-bdd/page.tsx:1475
[ 2134600ms] [LOG] [StructureBDD] render loading @ webpack-internal:///(app-pages-browser)/./src/app/(dashboard)/structure-bdd/page.tsx:1475
[ 2134936ms] [LOG] [StructureBDD] render loading @ webpack-internal:///(app-pages-browser)/./src/app/(dashboard)/structure-bdd/page.tsx:1475
[ 2134936ms] [LOG] [StructureBDD] render loading @ webpack-internal:///(app-pages-browser)/./src/app/(dashboard)/structure-bdd/page.tsx:1475
[ 2135124ms] [LOG] [StructureBDD] /api/images/tree status 200 @ webpack-internal:///(app-pages-browser)/./src/app/(dashboard)/structure-bdd/page.tsx:565
[ 2135125ms] [LOG] [StructureBDD] image tree loaded {count: 2} @ webpack-internal:///(app-pages-browser)/./src/app/(dashboard)/structure-bdd/page.tsx:570
[ 2135126ms] [LOG] [StructureBDD] render loading @ webpack-internal:///(app-pages-browser)/./src/app/(dashboard)/structure-bdd/page.tsx:1475
[ 2135126ms] [LOG] [StructureBDD] render loading @ webpack-internal:///(app-pages-browser)/./src/app/(dashboard)/structure-bdd/page.tsx:1475
[ 2135145ms] [LOG] [StructureBDD] /api/tree status 200 @ webpack-internal:///(app-pages-browser)/./src/app/(dashboard)/structure-bdd/page.tsx:479
[ 2135149ms] [LOG] [StructureBDD] web tree loaded {count: 7} @ webpack-internal:///(app-pages-browser)/./src/app/(dashboard)/structure-bdd/page.tsx:487
[ 2135153ms] [LOG] [StructureBDD] render loading @ webpack-internal:///(app-pages-browser)/./src/app/(dashboard)/structure-bdd/page.tsx:1475
[ 2135153ms] [LOG] [StructureBDD] render loading @ webpack-internal:///(app-pages-browser)/./src/app/(dashboard)/structure-bdd/page.tsx:1475
[ 2135389ms] [LOG] [StructureBDD] /api/images/tree status 200 @ webpack-internal:///(app-pages-browser)/./src/app/(dashboard)/structure-bdd/page.tsx:565
[ 2135390ms] [LOG] [StructureBDD] image tree loaded {count: 2} @ webpack-internal:///(app-pages-browser)/./src/app/(dashboard)/structure-bdd/page.tsx:570
[ 2135390ms] [LOG] [StructureBDD] render loading @ webpack-internal:///(app-pages-browser)/./src/app/(dashboard)/structure-bdd/page.tsx:1475
[ 2135390ms] [LOG] [StructureBDD] render loading @ webpack-internal:///(app-pages-browser)/./src/app/(dashboard)/structure-bdd/page.tsx:1475
[ 2135404ms] [LOG] [StructureBDD] /api/tree status 200 @ webpack-internal:///(app-pages-browser)/./src/app/(dashboard)/structure-bdd/page.tsx:479
[ 2135406ms] [LOG] [StructureBDD] web tree loaded {count: 7} @ webpack-internal:///(app-pages-browser)/./src/app/(dashboard)/structure-bdd/page.tsx:487
[ 2135410ms] [LOG] [StructureBDD] render loading @ webpack-internal:///(app-pages-browser)/./src/app/(dashboard)/structure-bdd/page.tsx:1475
[ 2135410ms] [LOG] [StructureBDD] render loading @ webpack-internal:///(app-pages-browser)/./src/app/(dashboard)/structure-bdd/page.tsx:1475
[ 2135417ms] [LOG] [StructureBDD] render result {web: 7, local: 0, vector: 0, images: 2, webError: false} @ webpack-internal:///(app-pages-browser)/./src/app/(dashboard)/structure-bdd/page.tsx:1492
[ 2135419ms] [LOG] [StructureBDD] render result {web: 7, local: 0, vector: 0, images: 2, webError: false} @ webpack-internal:///(app-pages-browser)/./src/app/(dashboard)/structure-bdd/page.tsx:1492
[ 2135524ms] [LOG] [StructureBDD] render result {web: 7, local: 0, vector: 0, images: 2, webError: false} @ webpack-internal:///(app-pages-browser)/./src/app/(dashboard)/structure-bdd/page.tsx:1492
[ 2135525ms] [LOG] [StructureBDD] render result {web: 7, local: 0, vector: 0, images: 2, webError: false} @ webpack-internal:///(app-pages-browser)/./src/app/(dashboard)/structure-bdd/page.tsx:1492
[ 2144290ms] [LOG] [Fast Refresh] rebuilding @ webpack-internal:///(app-pages-browser)/./node_modules/next/dist/client/components/react-dev-overlay/app/hot-reloader-client.js:186
[ 2145463ms] [LOG] [StructureBDD] render result {web: 7, local: 0, vector: 0, images: 2, webError: false} @ webpack-internal:///(app-pages-browser)/./src/app/(dashboard)/structure-bdd/page.tsx:1493
[ 2145465ms] [LOG] [StructureBDD] render result {web: 7, local: 0, vector: 0, images: 2, webError: false} @ webpack-internal:///(app-pages-browser)/./src/app/(dashboard)/structure-bdd/page.tsx:1493
[ 2145498ms] [LOG] [StructureBDD] mount @ webpack-internal:///(app-pages-browser)/./src/app/(dashboard)/structure-bdd/page.tsx:599
[ 2145500ms] [LOG] [StructureBDD] loadTrees start @ webpack-internal:///(app-pages-browser)/./src/app/(dashboard)/structure-bdd/page.tsx:471
[ 2145512ms] [LOG] [Fast Refresh] done in 1221ms @ webpack-internal:///(app-pages-browser)/./node_modules/next/dist/client/components/react-dev-overlay/app/hot-reloader-client.js:43
[ 2145513ms] [LOG] [StructureBDD] local tree loaded {count: 0} @ webpack-internal:///(app-pages-browser)/./src/app/(dashboard)/structure-bdd/page.tsx:500
[ 2145515ms] [LOG] [StructureBDD] render loading @ webpack-internal:///(app-pages-browser)/./src/app/(dashboard)/structure-bdd/page.tsx:1476
[ 2145516ms] [LOG] [StructureBDD] render loading @ webpack-internal:///(app-pages-browser)/./src/app/(dashboard)/structure-bdd/page.tsx:1476
[ 2145520ms] [LOG] [StructureBDD] vector docs loaded {count: 0} @ webpack-internal:///(app-pages-browser)/./src/app/(dashboard)/structure-bdd/page.tsx:524
[ 2145521ms] [LOG] [StructureBDD] render loading @ webpack-internal:///(app-pages-browser)/./src/app/(dashboard)/structure-bdd/page.tsx:1476
[ 2145522ms] [LOG] [StructureBDD] render loading @ webpack-internal:///(app-pages-browser)/./src/app/(dashboard)/structure-bdd/page.tsx:1476
[ 2145525ms] [LOG] [StructureBDD] vector tree loaded {count: 0} @ webpack-internal:///(app-pages-browser)/./src/app/(dashboard)/structure-bdd/page.tsx:538
[ 2145528ms] [LOG] [StructureBDD] render loading @ webpack-internal:///(app-pages-browser)/./src/app/(dashboard)/structure-bdd/page.tsx:1476
[ 2145528ms] [LOG] [StructureBDD] render loading @ webpack-internal:///(app-pages-browser)/./src/app/(dashboard)/structure-bdd/page.tsx:1476
[ 2148503ms] [LOG] [StructureBDD] /api/images/tree status 200 @ webpack-internal:///(app-pages-browser)/./src/app/(dashboard)/structure-bdd/page.tsx:565
[ 2148505ms] [LOG] [StructureBDD] image tree loaded {count: 2} @ webpack-internal:///(app-pages-browser)/./src/app/(dashboard)/structure-bdd/page.tsx:570
[ 2148506ms] [LOG] [StructureBDD] render loading @ webpack-internal:///(app-pages-browser)/./src/app/(dashboard)/structure-bdd/page.tsx:1476
[ 2148507ms] [LOG] [StructureBDD] render loading @ webpack-internal:///(app-pages-browser)/./src/app/(dashboard)/structure-bdd/page.tsx:1476
[ 2148573ms] [LOG] [StructureBDD] /api/tree status 200 @ webpack-internal:///(app-pages-browser)/./src/app/(dashboard)/structure-bdd/page.tsx:479
[ 2148576ms] [LOG] [StructureBDD] web tree loaded {count: 7} @ webpack-internal:///(app-pages-browser)/./src/app/(dashboard)/structure-bdd/page.tsx:487
[ 2148578ms] [LOG] [StructureBDD] render loading @ webpack-internal:///(app-pages-browser)/./src/app/(dashboard)/structure-bdd/page.tsx:1476
[ 2148579ms] [LOG] [StructureBDD] render loading @ webpack-internal:///(app-pages-browser)/./src/app/(dashboard)/structure-bdd/page.tsx:1476
[ 2149248ms] [LOG] [StructureBDD] render loading @ webpack-internal:///(app-pages-browser)/./src/app/(dashboard)/structure-bdd/page.tsx:1476
[ 2149251ms] [LOG] [StructureBDD] render loading @ webpack-internal:///(app-pages-browser)/./src/app/(dashboard)/structure-bdd/page.tsx:1476
[ 2149681ms] [LOG] [StructureBDD] render result {web: 7, local: 0, vector: 0, images: 2, webError: false} @ webpack-internal:///(app-pages-browser)/./src/app/(dashboard)/structure-bdd/page.tsx:1493
[ 2149682ms] [LOG] [StructureBDD] render result {web: 7, local: 0, vector: 0, images: 2, webError: false} @ webpack-internal:///(app-pages-browser)/./src/app/(dashboard)/structure-bdd/page.tsx:1493
[ 2216323ms] [LOG] [Fast Refresh] rebuilding @ webpack-internal:///(app-pages-browser)/./node_modules/next/dist/client/components/react-dev-overlay/app/hot-reloader-client.js:186
[ 2220259ms] [LOG] [Fast Refresh] rebuilding @ webpack-internal:///(app-pages-browser)/./node_modules/next/dist/client/components/react-dev-overlay/app/hot-reloader-client.js:186
[ 2220993ms] [LOG] [StructureBDD] render result {web: 7, local: 0, vector: 0, images: 2, webError: false} @ webpack-internal:///(app-pages-browser)/./src/app/(dashboard)/structure-bdd/page.tsx:1494
[ 2220995ms] [LOG] [StructureBDD] render result {web: 7, local: 0, vector: 0, images: 2, webError: false} @ webpack-internal:///(app-pages-browser)/./src/app/(dashboard)/structure-bdd/page.tsx:1494
[ 2221021ms] [LOG] [StructureBDD] mount @ webpack-internal:///(app-pages-browser)/./src/app/(dashboard)/structure-bdd/page.tsx:600
[ 2221023ms] [LOG] [StructureBDD] loadTrees start @ webpack-internal:///(app-pages-browser)/./src/app/(dashboard)/structure-bdd/page.tsx:472
[ 2221033ms] [LOG] [Fast Refresh] done in 774ms @ webpack-internal:///(app-pages-browser)/./node_modules/next/dist/client/components/react-dev-overlay/app/hot-reloader-client.js:43
[ 2221034ms] [LOG] [StructureBDD] local tree loaded {count: 0} @ webpack-internal:///(app-pages-browser)/./src/app/(dashboard)/structure-bdd/page.tsx:501
[ 2221036ms] [LOG] [StructureBDD] render loading @ webpack-internal:///(app-pages-browser)/./src/app/(dashboard)/structure-bdd/page.tsx:1477
[ 2221036ms] [LOG] [StructureBDD] render loading @ webpack-internal:///(app-pages-browser)/./src/app/(dashboard)/structure-bdd/page.tsx:1477
[ 2221042ms] [LOG] [StructureBDD] vector docs loaded {count: 0} @ webpack-internal:///(app-pages-browser)/./src/app/(dashboard)/structure-bdd/page.tsx:525
[ 2221044ms] [LOG] [StructureBDD] render loading @ webpack-internal:///(app-pages-browser)/./src/app/(dashboard)/structure-bdd/page.tsx:1477
[ 2221044ms] [LOG] [StructureBDD] render loading @ webpack-internal:///(app-pages-browser)/./src/app/(dashboard)/structure-bdd/page.tsx:1477
[ 2221045ms] [LOG] [StructureBDD] vector tree loaded {count: 0} @ webpack-internal:///(app-pages-browser)/./src/app/(dashboard)/structure-bdd/page.tsx:539
[ 2221046ms] [LOG] [StructureBDD] render loading @ webpack-internal:///(app-pages-browser)/./src/app/(dashboard)/structure-bdd/page.tsx:1477
[ 2221047ms] [LOG] [StructureBDD] render loading @ webpack-internal:///(app-pages-browser)/./src/app/(dashboard)/structure-bdd/page.tsx:1477
[ 2221514ms] [LOG] [Fast Refresh] done in 1255ms @ webpack-internal:///(app-pages-browser)/./node_modules/next/dist/client/components/react-dev-overlay/app/hot-reloader-client.js:43
[ 2222372ms] [LOG] [StructureBDD] /api/images/tree status 200 @ webpack-internal:///(app-pages-browser)/./src/app/(dashboard)/structure-bdd/page.tsx:566
[ 2222373ms] [LOG] [StructureBDD] image tree loaded {count: 2} @ webpack-internal:///(app-pages-browser)/./src/app/(dashboard)/structure-bdd/page.tsx:571
[ 2222374ms] [LOG] [StructureBDD] render loading @ webpack-internal:///(app-pages-browser)/./src/app/(dashboard)/structure-bdd/page.tsx:1477
[ 2222375ms] [LOG] [StructureBDD] render loading @ webpack-internal:///(app-pages-browser)/./src/app/(dashboard)/structure-bdd/page.tsx:1477
[ 2222500ms] [LOG] [StructureBDD] /api/tree status 200 @ webpack-internal:///(app-pages-browser)/./src/app/(dashboard)/structure-bdd/page.tsx:480
[ 2222505ms] [LOG] [StructureBDD] web tree loaded {count: 7} @ webpack-internal:///(app-pages-browser)/./src/app/(dashboard)/structure-bdd/page.tsx:488
[ 2222508ms] [LOG] [StructureBDD] render loading @ webpack-internal:///(app-pages-browser)/./src/app/(dashboard)/structure-bdd/page.tsx:1477
[ 2222508ms] [LOG] [StructureBDD] render loading @ webpack-internal:///(app-pages-browser)/./src/app/(dashboard)/structure-bdd/page.tsx:1477
[ 2222535ms] [LOG] [StructureBDD] render loading @ webpack-internal:///(app-pages-browser)/./src/app/(dashboard)/structure-bdd/page.tsx:1477
[ 2222535ms] [LOG] [StructureBDD] render loading @ webpack-internal:///(app-pages-browser)/./src/app/(dashboard)/structure-bdd/page.tsx:1477
[ 2223046ms] [LOG] [StructureBDD] render result {web: 7, local: 0, vector: 0, images: 2, webError: false} @ webpack-internal:///(app-pages-browser)/./src/app/(dashboard)/structure-bdd/page.tsx:1494
[ 2223047ms] [LOG] [StructureBDD] render result {web: 7, local: 0, vector: 0, images: 2, webError: false} @ webpack-internal:///(app-pages-browser)/./src/app/(dashboard)/structure-bdd/page.tsx:1494
[ 2228947ms] [LOG] [Fast Refresh] rebuilding @ webpack-internal:///(app-pages-browser)/./node_modules/next/dist/client/components/react-dev-overlay/app/hot-reloader-client.js:186
[ 2231340ms] [LOG] [StructureBDD] render result {web: 7, local: 0, vector: 0, images: 2, webError: false} @ webpack-internal:///(app-pages-browser)/./src/app/(dashboard)/structure-bdd/page.tsx:1497
[ 2231341ms] [LOG] [StructureBDD] render result {web: 7, local: 0, vector: 0, images: 2, webError: false} @ webpack-internal:///(app-pages-browser)/./src/app/(dashboard)/structure-bdd/page.tsx:1497
[ 2231372ms] [LOG] [StructureBDD] mount @ webpack-internal:///(app-pages-browser)/./src/app/(dashboard)/structure-bdd/page.tsx:603
[ 2231374ms] [LOG] [StructureBDD] loadTrees start @ webpack-internal:///(app-pages-browser)/./src/app/(dashboard)/structure-bdd/page.tsx:472
[ 2231383ms] [LOG] [Fast Refresh] done in 2436ms @ webpack-internal:///(app-pages-browser)/./node_modules/next/dist/client/components/react-dev-overlay/app/hot-reloader-client.js:43
[ 2231384ms] [LOG] [StructureBDD] local tree loaded {count: 0} @ webpack-internal:///(app-pages-browser)/./src/app/(dashboard)/structure-bdd/page.tsx:501
[ 2231386ms] [LOG] [StructureBDD] render loading @ webpack-internal:///(app-pages-browser)/./src/app/(dashboard)/structure-bdd/page.tsx:1480
[ 2231387ms] [LOG] [StructureBDD] render loading @ webpack-internal:///(app-pages-browser)/./src/app/(dashboard)/structure-bdd/page.tsx:1480
[ 2231391ms] [LOG] [StructureBDD] vector docs loaded {count: 0} @ webpack-internal:///(app-pages-browser)/./src/app/(dashboard)/structure-bdd/page.tsx:525
[ 2231396ms] [LOG] [StructureBDD] render loading @ webpack-internal:///(app-pages-browser)/./src/app/(dashboard)/structure-bdd/page.tsx:1480
[ 2231396ms] [LOG] [StructureBDD] render loading @ webpack-internal:///(app-pages-browser)/./src/app/(dashboard)/structure-bdd/page.tsx:1480
[ 2231398ms] [LOG] [StructureBDD] vector tree loaded {count: 0} @ webpack-internal:///(app-pages-browser)/./src/app/(dashboard)/structure-bdd/page.tsx:539
[ 2231400ms] [LOG] [StructureBDD] render loading @ webpack-internal:///(app-pages-browser)/./src/app/(dashboard)/structure-bdd/page.tsx:1480
[ 2231400ms] [LOG] [StructureBDD] render loading @ webpack-internal:///(app-pages-browser)/./src/app/(dashboard)/structure-bdd/page.tsx:1480
[ 2231822ms] [LOG] [StructureBDD] render loading @ webpack-internal:///(app-pages-browser)/./src/app/(dashboard)/structure-bdd/page.tsx:1480
[ 2231823ms] [LOG] [StructureBDD] render loading @ webpack-internal:///(app-pages-browser)/./src/app/(dashboard)/structure-bdd/page.tsx:1480
[ 2231947ms] [LOG] [StructureBDD] /api/tree status 200 @ webpack-internal:///(app-pages-browser)/./src/app/(dashboard)/structure-bdd/page.tsx:480
[ 2231950ms] [LOG] [StructureBDD] web tree loaded {count: 7} @ webpack-internal:///(app-pages-browser)/./src/app/(dashboard)/structure-bdd/page.tsx:488
[ 2231951ms] [LOG] [StructureBDD] render loading @ webpack-internal:///(app-pages-browser)/./src/app/(dashboard)/structure-bdd/page.tsx:1480
[ 2231952ms] [LOG] [StructureBDD] render loading @ webpack-internal:///(app-pages-browser)/./src/app/(dashboard)/structure-bdd/page.tsx:1480
[ 2231980ms] [LOG] [StructureBDD] /api/images/tree status 200 @ webpack-internal:///(app-pages-browser)/./src/app/(dashboard)/structure-bdd/page.tsx:566
[ 2231981ms] [LOG] [StructureBDD] image tree loaded {count: 2} @ webpack-internal:///(app-pages-browser)/./src/app/(dashboard)/structure-bdd/page.tsx:571
[ 2231984ms] [LOG] [StructureBDD] render loading @ webpack-internal:///(app-pages-browser)/./src/app/(dashboard)/structure-bdd/page.tsx:1480
[ 2231984ms] [LOG] [StructureBDD] render loading @ webpack-internal:///(app-pages-browser)/./src/app/(dashboard)/structure-bdd/page.tsx:1480
[ 2232193ms] [LOG] [StructureBDD] render result {web: 7, local: 0, vector: 0, images: 2, webError: false} @ webpack-internal:///(app-pages-browser)/./src/app/(dashboard)/structure-bdd/page.tsx:1497
[ 2232194ms] [LOG] [StructureBDD] render result {web: 7, local: 0, vector: 0, images: 2, webError: false} @ webpack-internal:///(app-pages-browser)/./src/app/(dashboard)/structure-bdd/page.tsx:1497
[ 2295228ms] [LOG] [Fast Refresh] rebuilding @ webpack-internal:///(app-pages-browser)/./node_modules/next/dist/client/components/react-dev-overlay/app/hot-reloader-client.js:186
[ 2298344ms] [LOG] [StructureBDD] render result {web: 7, local: 0, vector: 0, images: 2, webError: false} @ webpack-internal:///(app-pages-browser)/./src/app/(dashboard)/structure-bdd/page.tsx:1498
[ 2298345ms] [LOG] [StructureBDD] render result {web: 7, local: 0, vector: 0, images: 2, webError: false} @ webpack-internal:///(app-pages-browser)/./src/app/(dashboard)/structure-bdd/page.tsx:1498
[ 2298378ms] [LOG] [StructureBDD] mount @ webpack-internal:///(app-pages-browser)/./src/app/(dashboard)/structure-bdd/page.tsx:604
[ 2298380ms] [LOG] [StructureBDD] loadTrees start @ webpack-internal:///(app-pages-browser)/./src/app/(dashboard)/structure-bdd/page.tsx:473
[ 2298391ms] [LOG] [Fast Refresh] done in 3162ms @ webpack-internal:///(app-pages-browser)/./node_modules/next/dist/client/components/react-dev-overlay/app/hot-reloader-client.js:43
[ 2298392ms] [LOG] [StructureBDD] local tree loaded {count: 0} @ webpack-internal:///(app-pages-browser)/./src/app/(dashboard)/structure-bdd/page.tsx:502
[ 2298394ms] [LOG] [StructureBDD] render loading @ webpack-internal:///(app-pages-browser)/./src/app/(dashboard)/structure-bdd/page.tsx:1481
[ 2298394ms] [LOG] [StructureBDD] render loading @ webpack-internal:///(app-pages-browser)/./src/app/(dashboard)/structure-bdd/page.tsx:1481
[ 2298403ms] [LOG] [StructureBDD] vector docs loaded {count: 0} @ webpack-internal:///(app-pages-browser)/./src/app/(dashboard)/structure-bdd/page.tsx:526
[ 2298404ms] [LOG] [StructureBDD] render loading @ webpack-internal:///(app-pages-browser)/./src/app/(dashboard)/structure-bdd/page.tsx:1481
[ 2298405ms] [LOG] [StructureBDD] render loading @ webpack-internal:///(app-pages-browser)/./src/app/(dashboard)/structure-bdd/page.tsx:1481
[ 2298406ms] [LOG] [StructureBDD] vector tree loaded {count: 0} @ webpack-internal:///(app-pages-browser)/./src/app/(dashboard)/structure-bdd/page.tsx:540
[ 2298409ms] [LOG] [StructureBDD] render loading @ webpack-internal:///(app-pages-browser)/./src/app/(dashboard)/structure-bdd/page.tsx:1481
[ 2298409ms] [LOG] [StructureBDD] render loading @ webpack-internal:///(app-pages-browser)/./src/app/(dashboard)/structure-bdd/page.tsx:1481
[ 2298826ms] [LOG] [StructureBDD] render loading @ webpack-internal:///(app-pages-browser)/./src/app/(dashboard)/structure-bdd/page.tsx:1481
[ 2298826ms] [LOG] [StructureBDD] render loading @ webpack-internal:///(app-pages-browser)/./src/app/(dashboard)/structure-bdd/page.tsx:1481
[ 2299852ms] [LOG] [StructureBDD] /api/images/tree status 200 @ webpack-internal:///(app-pages-browser)/./src/app/(dashboard)/structure-bdd/page.tsx:567
[ 2299853ms] [LOG] [StructureBDD] image tree loaded {count: 2} @ webpack-internal:///(app-pages-browser)/./src/app/(dashboard)/structure-bdd/page.tsx:572
[ 2299854ms] [LOG] [StructureBDD] render loading @ webpack-internal:///(app-pages-browser)/./src/app/(dashboard)/structure-bdd/page.tsx:1481
[ 2299854ms] [LOG] [StructureBDD] render loading @ webpack-internal:///(app-pages-browser)/./src/app/(dashboard)/structure-bdd/page.tsx:1481
[ 2299892ms] [LOG] [StructureBDD] /api/tree status 200 @ webpack-internal:///(app-pages-browser)/./src/app/(dashboard)/structure-bdd/page.tsx:481
[ 2299894ms] [LOG] [StructureBDD] web tree loaded {count: 7} @ webpack-internal:///(app-pages-browser)/./src/app/(dashboard)/structure-bdd/page.tsx:489
[ 2299897ms] [LOG] [StructureBDD] render loading @ webpack-internal:///(app-pages-browser)/./src/app/(dashboard)/structure-bdd/page.tsx:1481
[ 2299897ms] [LOG] [StructureBDD] render loading @ webpack-internal:///(app-pages-browser)/./src/app/(dashboard)/structure-bdd/page.tsx:1481
[ 2300500ms] [LOG] [StructureBDD] render result {web: 7, local: 0, vector: 0, images: 2, webError: false} @ webpack-internal:///(app-pages-browser)/./src/app/(dashboard)/structure-bdd/page.tsx:1498
[ 2300501ms] [LOG] [StructureBDD] render result {web: 7, local: 0, vector: 0, images: 2, webError: false} @ webpack-internal:///(app-pages-browser)/./src/app/(dashboard)/structure-bdd/page.tsx:1498
[ 2307023ms] [LOG] [Fast Refresh] rebuilding @ webpack-internal:///(app-pages-browser)/./node_modules/next/dist/client/components/react-dev-overlay/app/hot-reloader-client.js:186
[ 2310462ms] [LOG] [Auth] Utilisateur connecté détecté {userId: cmt3i6d290000qn8stnmxf460, role: admin, email: admin@nexaflow.com} @ webpack-internal:///(app-pages-browser)/./src/lib/procedures/client-auth.ts:15
[ 2310463ms] [LOG] [Auth] Utilisateur connecté détecté {userId: cmt3i6d290000qn8stnmxf460, role: admin, email: admin@nexaflow.com} @ webpack-internal:///(app-pages-browser)/./src/lib/procedures/client-auth.ts:15
[ 2310469ms] [LOG] [Fast Refresh] done in 3446ms @ webpack-internal:///(app-pages-browser)/./node_modules/next/dist/client/components/react-dev-overlay/app/hot-reloader-client.js:43
[ 2310875ms] [LOG] [StructureBDD] render result {web: 7, local: 0, vector: 0, images: 2, webError: false} @ webpack-internal:///(app-pages-browser)/./src/app/(dashboard)/structure-bdd/page.tsx:1498
[ 2310875ms] [LOG] [StructureBDD] render result {web: 7, local: 0, vector: 0, images: 2, webError: false} @ webpack-internal:///(app-pages-browser)/./src/app/(dashboard)/structure-bdd/page.tsx:1498
[ 2394582ms] [LOG] [Fast Refresh] rebuilding @ webpack-internal:///(app-pages-browser)/./node_modules/next/dist/client/components/react-dev-overlay/app/hot-reloader-client.js:186
[ 2398760ms] [LOG] [StructureBDD] render result {web: 7, local: 0, vector: 0, images: 2, webError: false} @ webpack-internal:///(app-pages-browser)/./src/app/(dashboard)/structure-bdd/page.tsx:1497
[ 2398761ms] [LOG] [StructureBDD] render result {web: 7, local: 0, vector: 0, images: 2, webError: false} @ webpack-internal:///(app-pages-browser)/./src/app/(dashboard)/structure-bdd/page.tsx:1497
[ 2398788ms] [LOG] [StructureBDD] mount @ webpack-internal:///(app-pages-browser)/./src/app/(dashboard)/structure-bdd/page.tsx:603
[ 2398790ms] [LOG] [StructureBDD] loadTrees start @ webpack-internal:///(app-pages-browser)/./src/app/(dashboard)/structure-bdd/page.tsx:472
[ 2398798ms] [LOG] [Fast Refresh] done in 4217ms @ webpack-internal:///(app-pages-browser)/./node_modules/next/dist/client/components/react-dev-overlay/app/hot-reloader-client.js:43
[ 2398800ms] [LOG] [StructureBDD] local tree loaded {count: 0} @ webpack-internal:///(app-pages-browser)/./src/app/(dashboard)/structure-bdd/page.tsx:501
[ 2398801ms] [LOG] [StructureBDD] render loading @ webpack-internal:///(app-pages-browser)/./src/app/(dashboard)/structure-bdd/page.tsx:1480
[ 2398802ms] [LOG] [StructureBDD] render loading @ webpack-internal:///(app-pages-browser)/./src/app/(dashboard)/structure-bdd/page.tsx:1480
[ 2398813ms] [LOG] [StructureBDD] vector docs loaded {count: 0} @ webpack-internal:///(app-pages-browser)/./src/app/(dashboard)/structure-bdd/page.tsx:525
[ 2398815ms] [LOG] [StructureBDD] render loading @ webpack-internal:///(app-pages-browser)/./src/app/(dashboard)/structure-bdd/page.tsx:1480
[ 2398815ms] [LOG] [StructureBDD] render loading @ webpack-internal:///(app-pages-browser)/./src/app/(dashboard)/structure-bdd/page.tsx:1480
[ 2398817ms] [LOG] [StructureBDD] vector tree loaded {count: 0} @ webpack-internal:///(app-pages-browser)/./src/app/(dashboard)/structure-bdd/page.tsx:539
[ 2398818ms] [LOG] [StructureBDD] render loading @ webpack-internal:///(app-pages-browser)/./src/app/(dashboard)/structure-bdd/page.tsx:1480
[ 2398819ms] [LOG] [StructureBDD] render loading @ webpack-internal:///(app-pages-browser)/./src/app/(dashboard)/structure-bdd/page.tsx:1480
[ 2399141ms] [LOG] [StructureBDD] render loading @ webpack-internal:///(app-pages-browser)/./src/app/(dashboard)/structure-bdd/page.tsx:1480
[ 2399142ms] [LOG] [StructureBDD] render loading @ webpack-internal:///(app-pages-browser)/./src/app/(dashboard)/structure-bdd/page.tsx:1480
[ 2400462ms] [LOG] [StructureBDD] /api/images/tree status 200 @ webpack-internal:///(app-pages-browser)/./src/app/(dashboard)/structure-bdd/page.tsx:566
[ 2400463ms] [LOG] [StructureBDD] image tree loaded {count: 2} @ webpack-internal:///(app-pages-browser)/./src/app/(dashboard)/structure-bdd/page.tsx:571
[ 2400464ms] [LOG] [StructureBDD] render loading @ webpack-internal:///(app-pages-browser)/./src/app/(dashboard)/structure-bdd/page.tsx:1480
[ 2400464ms] [LOG] [StructureBDD] render loading @ webpack-internal:///(app-pages-browser)/./src/app/(dashboard)/structure-bdd/page.tsx:1480
[ 2400511ms] [LOG] [StructureBDD] /api/tree status 200 @ webpack-internal:///(app-pages-browser)/./src/app/(dashboard)/structure-bdd/page.tsx:480
[ 2400514ms] [LOG] [StructureBDD] web tree loaded {count: 7} @ webpack-internal:///(app-pages-browser)/./src/app/(dashboard)/structure-bdd/page.tsx:488
[ 2400517ms] [LOG] [StructureBDD] render loading @ webpack-internal:///(app-pages-browser)/./src/app/(dashboard)/structure-bdd/page.tsx:1480
[ 2400517ms] [LOG] [StructureBDD] render loading @ webpack-internal:///(app-pages-browser)/./src/app/(dashboard)/structure-bdd/page.tsx:1480
[ 2401813ms] [LOG] [StructureBDD] render result {web: 7, local: 0, vector: 0, images: 2, webError: false} @ webpack-internal:///(app-pages-browser)/./src/app/(dashboard)/structure-bdd/page.tsx:1497
[ 2401813ms] [LOG] [StructureBDD] render result {web: 7, local: 0, vector: 0, images: 2, webError: false} @ webpack-internal:///(app-pages-browser)/./src/app/(dashboard)/structure-bdd/page.tsx:1497
[ 2411967ms] [LOG] [Fast Refresh] rebuilding @ webpack-internal:///(app-pages-browser)/./node_modules/next/dist/client/components/react-dev-overlay/app/hot-reloader-client.js:186
[ 2413980ms] [LOG] [StructureBDD] render result {web: 7, local: 0, vector: 0, images: 2, webError: false} @ webpack-internal:///(app-pages-browser)/./src/app/(dashboard)/structure-bdd/page.tsx:1498
[ 2413983ms] [LOG] [StructureBDD] render result {web: 7, local: 0, vector: 0, images: 2, webError: false} @ webpack-internal:///(app-pages-browser)/./src/app/(dashboard)/structure-bdd/page.tsx:1498
[ 2414017ms] [LOG] [StructureBDD] mount @ webpack-internal:///(app-pages-browser)/./src/app/(dashboard)/structure-bdd/page.tsx:604
[ 2414022ms] [LOG] [StructureBDD] loadTrees start @ webpack-internal:///(app-pages-browser)/./src/app/(dashboard)/structure-bdd/page.tsx:473
[ 2414032ms] [LOG] [Fast Refresh] done in 2065ms @ webpack-internal:///(app-pages-browser)/./node_modules/next/dist/client/components/react-dev-overlay/app/hot-reloader-client.js:43
[ 2414033ms] [LOG] [StructureBDD] local tree loaded {count: 0} @ webpack-internal:///(app-pages-browser)/./src/app/(dashboard)/structure-bdd/page.tsx:502
[ 2414035ms] [LOG] [StructureBDD] render loading @ webpack-internal:///(app-pages-browser)/./src/app/(dashboard)/structure-bdd/page.tsx:1481
[ 2414035ms] [LOG] [StructureBDD] render loading @ webpack-internal:///(app-pages-browser)/./src/app/(dashboard)/structure-bdd/page.tsx:1481
[ 2414042ms] [LOG] [StructureBDD] vector docs loaded {count: 0} @ webpack-internal:///(app-pages-browser)/./src/app/(dashboard)/structure-bdd/page.tsx:526
[ 2414044ms] [LOG] [StructureBDD] render loading @ webpack-internal:///(app-pages-browser)/./src/app/(dashboard)/structure-bdd/page.tsx:1481
[ 2414044ms] [LOG] [StructureBDD] render loading @ webpack-internal:///(app-pages-browser)/./src/app/(dashboard)/structure-bdd/page.tsx:1481
[ 2414045ms] [LOG] [StructureBDD] vector tree loaded {count: 0} @ webpack-internal:///(app-pages-browser)/./src/app/(dashboard)/structure-bdd/page.tsx:540
[ 2414048ms] [LOG] [StructureBDD] render loading @ webpack-internal:///(app-pages-browser)/./src/app/(dashboard)/structure-bdd/page.tsx:1481
[ 2414049ms] [LOG] [StructureBDD] render loading @ webpack-internal:///(app-pages-browser)/./src/app/(dashboard)/structure-bdd/page.tsx:1481
[ 2414330ms] [LOG] [StructureBDD] render loading @ webpack-internal:///(app-pages-browser)/./src/app/(dashboard)/structure-bdd/page.tsx:1481
[ 2414331ms] [LOG] [StructureBDD] render loading @ webpack-internal:///(app-pages-browser)/./src/app/(dashboard)/structure-bdd/page.tsx:1481
[ 2414519ms] [LOG] [StructureBDD] /api/images/tree status 200 @ webpack-internal:///(app-pages-browser)/./src/app/(dashboard)/structure-bdd/page.tsx:567
[ 2414520ms] [LOG] [StructureBDD] image tree loaded {count: 2} @ webpack-internal:///(app-pages-browser)/./src/app/(dashboard)/structure-bdd/page.tsx:572
[ 2414521ms] [LOG] [StructureBDD] render loading @ webpack-internal:///(app-pages-browser)/./src/app/(dashboard)/structure-bdd/page.tsx:1481
[ 2414521ms] [LOG] [StructureBDD] render loading @ webpack-internal:///(app-pages-browser)/./src/app/(dashboard)/structure-bdd/page.tsx:1481
[ 2414535ms] [LOG] [StructureBDD] /api/tree status 200 @ webpack-internal:///(app-pages-browser)/./src/app/(dashboard)/structure-bdd/page.tsx:481
[ 2414537ms] [LOG] [StructureBDD] web tree loaded {count: 7} @ webpack-internal:///(app-pages-browser)/./src/app/(dashboard)/structure-bdd/page.tsx:489
[ 2414541ms] [LOG] [StructureBDD] render loading @ webpack-internal:///(app-pages-browser)/./src/app/(dashboard)/structure-bdd/page.tsx:1481
[ 2414541ms] [LOG] [StructureBDD] render loading @ webpack-internal:///(app-pages-browser)/./src/app/(dashboard)/structure-bdd/page.tsx:1481
[ 2414761ms] [LOG] [StructureBDD] render result {web: 7, local: 0, vector: 0, images: 2, webError: false} @ webpack-internal:///(app-pages-browser)/./src/app/(dashboard)/structure-bdd/page.tsx:1498
[ 2414762ms] [LOG] [StructureBDD] render result {web: 7, local: 0, vector: 0, images: 2, webError: false} @ webpack-internal:///(app-pages-browser)/./src/app/(dashboard)/structure-bdd/page.tsx:1498
[ 2456591ms] [LOG] [Fast Refresh] rebuilding @ webpack-internal:///(app-pages-browser)/./node_modules/next/dist/client/components/react-dev-overlay/app/hot-reloader-client.js:186
[ 2459058ms] [LOG] [StructureBDD] render result {web: 7, local: 0, vector: 0, images: 2, webError: false} @ webpack-internal:///(app-pages-browser)/./src/app/(dashboard)/structure-bdd/page.tsx:1499
[ 2459060ms] [LOG] [StructureBDD] render result {web: 7, local: 0, vector: 0, images: 2, webError: false} @ webpack-internal:///(app-pages-browser)/./src/app/(dashboard)/structure-bdd/page.tsx:1499
[ 2459087ms] [LOG] [StructureBDD] mount @ webpack-internal:///(app-pages-browser)/./src/app/(dashboard)/structure-bdd/page.tsx:605
[ 2459089ms] [LOG] [StructureBDD] loadTrees start @ webpack-internal:///(app-pages-browser)/./src/app/(dashboard)/structure-bdd/page.tsx:474
[ 2459101ms] [LOG] [Fast Refresh] done in 2510ms @ webpack-internal:///(app-pages-browser)/./node_modules/next/dist/client/components/react-dev-overlay/app/hot-reloader-client.js:43
[ 2459103ms] [LOG] [StructureBDD] local tree loaded {count: 0} @ webpack-internal:///(app-pages-browser)/./src/app/(dashboard)/structure-bdd/page.tsx:503
[ 2459105ms] [LOG] [StructureBDD] render loading @ webpack-internal:///(app-pages-browser)/./src/app/(dashboard)/structure-bdd/page.tsx:1482
[ 2459105ms] [LOG] [StructureBDD] render loading @ webpack-internal:///(app-pages-browser)/./src/app/(dashboard)/structure-bdd/page.tsx:1482
[ 2459114ms] [LOG] [StructureBDD] vector docs loaded {count: 0} @ webpack-internal:///(app-pages-browser)/./src/app/(dashboard)/structure-bdd/page.tsx:527
[ 2459115ms] [LOG] [StructureBDD] render loading @ webpack-internal:///(app-pages-browser)/./src/app/(dashboard)/structure-bdd/page.tsx:1482
[ 2459115ms] [LOG] [StructureBDD] render loading @ webpack-internal:///(app-pages-browser)/./src/app/(dashboard)/structure-bdd/page.tsx:1482
[ 2459117ms] [LOG] [StructureBDD] vector tree loaded {count: 0} @ webpack-internal:///(app-pages-browser)/./src/app/(dashboard)/structure-bdd/page.tsx:541
[ 2459118ms] [LOG] [StructureBDD] render loading @ webpack-internal:///(app-pages-browser)/./src/app/(dashboard)/structure-bdd/page.tsx:1482
[ 2459119ms] [LOG] [StructureBDD] render loading @ webpack-internal:///(app-pages-browser)/./src/app/(dashboard)/structure-bdd/page.tsx:1482
[ 2459370ms] [LOG] [StructureBDD] render loading @ webpack-internal:///(app-pages-browser)/./src/app/(dashboard)/structure-bdd/page.tsx:1482
[ 2459370ms] [LOG] [StructureBDD] render loading @ webpack-internal:///(app-pages-browser)/./src/app/(dashboard)/structure-bdd/page.tsx:1482
[ 2459588ms] [LOG] [StructureBDD] /api/images/tree status 200 @ webpack-internal:///(app-pages-browser)/./src/app/(dashboard)/structure-bdd/page.tsx:568
[ 2459589ms] [LOG] [StructureBDD] image tree loaded {count: 2} @ webpack-internal:///(app-pages-browser)/./src/app/(dashboard)/structure-bdd/page.tsx:573
[ 2459590ms] [LOG] [StructureBDD] render loading @ webpack-internal:///(app-pages-browser)/./src/app/(dashboard)/structure-bdd/page.tsx:1482
[ 2459590ms] [LOG] [StructureBDD] render loading @ webpack-internal:///(app-pages-browser)/./src/app/(dashboard)/structure-bdd/page.tsx:1482
[ 2459610ms] [LOG] [StructureBDD] /api/tree status 200 @ webpack-internal:///(app-pages-browser)/./src/app/(dashboard)/structure-bdd/page.tsx:482
[ 2459613ms] [LOG] [StructureBDD] web tree loaded {count: 7} @ webpack-internal:///(app-pages-browser)/./src/app/(dashboard)/structure-bdd/page.tsx:490
[ 2459617ms] [LOG] [StructureBDD] render loading @ webpack-internal:///(app-pages-browser)/./src/app/(dashboard)/structure-bdd/page.tsx:1482
[ 2459617ms] [LOG] [StructureBDD] render loading @ webpack-internal:///(app-pages-browser)/./src/app/(dashboard)/structure-bdd/page.tsx:1482
[ 2459831ms] [LOG] [StructureBDD] render result {web: 7, local: 0, vector: 0, images: 2, webError: false} @ webpack-internal:///(app-pages-browser)/./src/app/(dashboard)/structure-bdd/page.tsx:1499
[ 2459832ms] [LOG] [StructureBDD] render result {web: 7, local: 0, vector: 0, images: 2, webError: false} @ webpack-internal:///(app-pages-browser)/./src/app/(dashboard)/structure-bdd/page.tsx:1499
[ 2526946ms] [LOG] [Fast Refresh] rebuilding @ webpack-internal:///(app-pages-browser)/./node_modules/next/dist/client/components/react-dev-overlay/app/hot-reloader-client.js:186
[ 2529141ms] [LOG] [StructureBDD] render result {web: 7, local: 0, vector: 0, images: 2, webError: false} @ webpack-internal:///(app-pages-browser)/./src/app/(dashboard)/structure-bdd/page.tsx:1498
[ 2529143ms] [LOG] [StructureBDD] render result {web: 7, local: 0, vector: 0, images: 2, webError: false} @ webpack-internal:///(app-pages-browser)/./src/app/(dashboard)/structure-bdd/page.tsx:1498
[ 2529174ms] [LOG] [StructureBDD] mount @ webpack-internal:///(app-pages-browser)/./src/app/(dashboard)/structure-bdd/page.tsx:604
[ 2529177ms] [LOG] [StructureBDD] loadTrees start @ webpack-internal:///(app-pages-browser)/./src/app/(dashboard)/structure-bdd/page.tsx:473
[ 2529194ms] [LOG] [Fast Refresh] done in 2248ms @ webpack-internal:///(app-pages-browser)/./node_modules/next/dist/client/components/react-dev-overlay/app/hot-reloader-client.js:43
[ 2529195ms] [LOG] [StructureBDD] local tree loaded {count: 0} @ webpack-internal:///(app-pages-browser)/./src/app/(dashboard)/structure-bdd/page.tsx:502
[ 2529197ms] [LOG] [StructureBDD] render loading @ webpack-internal:///(app-pages-browser)/./src/app/(dashboard)/structure-bdd/page.tsx:1481
[ 2529197ms] [LOG] [StructureBDD] render loading @ webpack-internal:///(app-pages-browser)/./src/app/(dashboard)/structure-bdd/page.tsx:1481
[ 2529202ms] [LOG] [StructureBDD] vector docs loaded {count: 0} @ webpack-internal:///(app-pages-browser)/./src/app/(dashboard)/structure-bdd/page.tsx:526
[ 2529203ms] [LOG] [StructureBDD] render loading @ webpack-internal:///(app-pages-browser)/./src/app/(dashboard)/structure-bdd/page.tsx:1481
[ 2529203ms] [LOG] [StructureBDD] render loading @ webpack-internal:///(app-pages-browser)/./src/app/(dashboard)/structure-bdd/page.tsx:1481
[ 2529205ms] [LOG] [StructureBDD] vector tree loaded {count: 0} @ webpack-internal:///(app-pages-browser)/./src/app/(dashboard)/structure-bdd/page.tsx:540
[ 2529208ms] [LOG] [StructureBDD] render loading @ webpack-internal:///(app-pages-browser)/./src/app/(dashboard)/structure-bdd/page.tsx:1481
[ 2529209ms] [LOG] [StructureBDD] render loading @ webpack-internal:///(app-pages-browser)/./src/app/(dashboard)/structure-bdd/page.tsx:1481
[ 2531416ms] [LOG] [StructureBDD] /api/images/tree status 200 @ webpack-internal:///(app-pages-browser)/./src/app/(dashboard)/structure-bdd/page.tsx:567
[ 2531417ms] [LOG] [StructureBDD] image tree loaded {count: 2} @ webpack-internal:///(app-pages-browser)/./src/app/(dashboard)/structure-bdd/page.tsx:572
[ 2531418ms] [LOG] [StructureBDD] render loading @ webpack-internal:///(app-pages-browser)/./src/app/(dashboard)/structure-bdd/page.tsx:1481
[ 2531418ms] [LOG] [StructureBDD] render loading @ webpack-internal:///(app-pages-browser)/./src/app/(dashboard)/structure-bdd/page.tsx:1481
[ 2531581ms] [LOG] [StructureBDD] /api/tree status 200 @ webpack-internal:///(app-pages-browser)/./src/app/(dashboard)/structure-bdd/page.tsx:481
[ 2531585ms] [LOG] [StructureBDD] web tree loaded {count: 7} @ webpack-internal:///(app-pages-browser)/./src/app/(dashboard)/structure-bdd/page.tsx:489
[ 2531587ms] [LOG] [StructureBDD] render loading @ webpack-internal:///(app-pages-browser)/./src/app/(dashboard)/structure-bdd/page.tsx:1481
[ 2531587ms] [LOG] [StructureBDD] render loading @ webpack-internal:///(app-pages-browser)/./src/app/(dashboard)/structure-bdd/page.tsx:1481
[ 2531615ms] [LOG] [StructureBDD] render loading @ webpack-internal:///(app-pages-browser)/./src/app/(dashboard)/structure-bdd/page.tsx:1481
[ 2531616ms] [LOG] [StructureBDD] render loading @ webpack-internal:///(app-pages-browser)/./src/app/(dashboard)/structure-bdd/page.tsx:1481
[ 2532480ms] [LOG] [StructureBDD] render result {web: 7, local: 0, vector: 0, images: 2, webError: false} @ webpack-internal:///(app-pages-browser)/./src/app/(dashboard)/structure-bdd/page.tsx:1498
[ 2532482ms] [LOG] [StructureBDD] render result {web: 7, local: 0, vector: 0, images: 2, webError: false} @ webpack-internal:///(app-pages-browser)/./src/app/(dashboard)/structure-bdd/page.tsx:1498
[ 2539727ms] [LOG] [Fast Refresh] rebuilding @ webpack-internal:///(app-pages-browser)/./node_modules/next/dist/client/components/react-dev-overlay/app/hot-reloader-client.js:186
[ 2540418ms] [ERROR] ./src/app/(dashboard)/structure-bdd/page.tsx
Error: 
  × Expression expected
     ╭─[C:\ahmed\ETAPE-B-CCP\app-version2\app\src\app\(dashboard)\structure-bdd\page.tsx:430:1]
 430 │       console.error("[StructureBDD] download directory error", msg);
 431 │       toast.error(`Échec du téléchargement de "${node.name}"`);
 432 │     // eslint-disable-next-line react-hooks/exhaustive-deps
 433 │   }, [importTree, toast]);
     ·    ─
 434 │ 
 435 │   const loadTrees = useCallback(async () => {
 436 │     console.log("[StructureBDD] loadTrees start");
     ╰────

Caused by:
    Syntax Error

Import trace for requested module:
./src/app/(dashboard)/structure-bdd/page.tsx @ webpack-internal:///(app-pages-browser)/./node_modules/next/dist/client/app-index.js:32
[ 2552198ms] [LOG] [Fast Refresh] done in 12471ms @ webpack-internal:///(app-pages-browser)/./node_modules/next/dist/client/components/react-dev-overlay/app/hot-reloader-client.js:43
[ 2555715ms] [LOG] [Fast Refresh] done in 15988ms @ webpack-internal:///(app-pages-browser)/./node_modules/next/dist/client/components/react-dev-overlay/app/hot-reloader-client.js:43
[ 2556782ms] [ERROR] ./src/app/(dashboard)/structure-bdd/page.tsx
Error: 
  × Expression expected
     ╭─[C:\ahmed\ETAPE-B-CCP\app-version2\app\src\app\(dashboard)\structure-bdd\page.tsx:430:1]
 430 │       console.error("[StructureBDD] download directory error", msg);
 431 │       toast.error(`Échec du téléchargement de "${node.name}"`);
 432 │     // eslint-disable-next-line react-hooks/exhaustive-deps
 433 │   }, [importTree, toast]);
     ·    ─
 434 │ 
 435 │   const loadTrees = useCallback(async () => {
 436 │     console.log("[StructureBDD] loadTrees start");
     ╰────

Caused by:
    Syntax Error

Import trace for requested module:
./src/app/(dashboard)/structure-bdd/page.tsx @ webpack-internal:///(app-pages-browser)/./node_modules/next/dist/client/app-index.js:32
[ 2557552ms] [ERROR] Failed to load resource: the server responded with a status of 500 (Internal Server Error) @ http://localhost:3000/structure-bdd?_rsc=1dh86:0
[ 2557553ms] [ERROR] Failed to load resource: the server responded with a status of 500 (Internal Server Error) @ http://localhost:3000/api/notifications:0
[ 2558008ms] [ERROR] Failed to load resource: the server responded with a status of 500 (Internal Server Error) @ http://localhost:3000/structure-bdd?_rsc=1dh86:0
[ 2558441ms] [ERROR] Failed to load resource: the server responded with a status of 500 (Internal Server Error) @ http://localhost:3000/structure-bdd?_rsc=1dh86:0
[ 2558948ms] [ERROR] Failed to load resource: the server responded with a status of 500 (Internal Server Error) @ http://localhost:3000/structure-bdd:0
[ 2560516ms] [INFO] %cDownload the React DevTools for a better development experience: https://reactjs.org/link/react-devtools font-weight:bold @ webpack-internal:///./node_modules/react-dom/cjs/react-dom.development.js:29889
[ 2560641ms] ModuleBuildError: Module build failed (from ./node_modules/next/dist/build/webpack/loaders/next-swc-loader.js):
Error: 
  × Expression expected
     ╭─[C:\ahmed\ETAPE-B-CCP\app-version2\app\src\app\(dashboard)\structure-bdd\page.tsx:430:1]
 430 │       console.error("[StructureBDD] download directory error", msg);
 431 │       toast.error(`Échec du téléchargement de "${node.name}"`);
 432 │     // eslint-disable-next-line react-hooks/exhaustive-deps
 433 │   }, [importTree, toast]);
     ·    ─
 434 │ 
 435 │   const loadTrees = useCallback(async () => {
 436 │     console.log("[StructureBDD] loadTrees start");
     ╰────


Caused by:
    Syntax Error
    at processResult (file://C:\ahmed\ETAPE-B-CCP\app-version2\app\node_modules\next\dist\compiled\webpack\bundle5.js:28:400590)
    at <unknown> (file://C:\ahmed\ETAPE-B-CCP\app-version2\app\node_modules\next\dist\compiled\webpack\bundle5.js:28:402302)
    at <unknown> (file://C:\ahmed\ETAPE-B-CCP\app-version2\app\node_modules\next\dist\compiled\loader-runner\LoaderRunner.js:1:8645)
    at <unknown> (file://C:\ahmed\ETAPE-B-CCP\app-version2\app\node_modules\next\dist\compiled\loader-runner\LoaderRunner.js:1:5019)
    at r.callback (file://C:\ahmed\ETAPE-B-CCP\app-version2\app\node_modules\next\dist\compiled\loader-runner\LoaderRunner.js:1:4039)
[ 2560892ms] [LOG] [HMR] connected @ webpack-internal:///./node_modules/next/dist/client/components/react-dev-overlay/pages/websocket.js:38
[ 2562619ms] [ERROR] ./src/app/(dashboard)/structure-bdd/page.tsx
Error: 
  × Expression expected
     ╭─[C:\ahmed\ETAPE-B-CCP\app-version2\app\src\app\(dashboard)\structure-bdd\page.tsx:430:1]
 430 │       console.error("[StructureBDD] download directory error", msg);
 431 │       toast.error(`Échec du téléchargement de "${node.name}"`);
 432 │     // eslint-disable-next-line react-hooks/exhaustive-deps
 433 │   }, [importTree, toast]);
     ·    ─
 434 │ 
 435 │   const loadTrees = useCallback(async () => {
 436 │     console.log("[StructureBDD] loadTrees start");
     ╰────

Caused by:
    Syntax Error

Import trace for requested module:
./src/app/(dashboard)/structure-bdd/page.tsx @ webpack-internal:///./node_modules/next/dist/client/components/react-dev-overlay/internal/helpers/hydration-error-info.js:62
[ 2562779ms] [ERROR] Failed to load resource: the server responded with a status of 500 (Internal Server Error) @ http://localhost:3000/_next/static/webpack/6a15f2863fea2c41.webpack.hot-update.json:0
[ 2562780ms] [WARNING] [Fast Refresh] performing full reload

Fast Refresh will perform a full reload when you edit a file that's imported by modules outside of the React rendering tree.
You might have a file which exports a React component but also exports a value that is imported by a non-React component file.
Consider migrating the non-React component export to a separate file and importing it into both files.

It is also possible the parent component of the component you edited is a class component, which disables Fast Refresh.
Fast Refresh requires at least one parent function component in your React tree. @ webpack-internal:///./node_modules/next/dist/client/components/react-dev-overlay/pages/hot-reloader-client.js:347
[ 2564328ms] [ERROR] Failed to load resource: the server responded with a status of 500 (Internal Server Error) @ http://localhost:3000/structure-bdd:0
[ 2565947ms] [INFO] %cDownload the React DevTools for a better development experience: https://reactjs.org/link/react-devtools font-weight:bold @ webpack-internal:///./node_modules/react-dom/cjs/react-dom.development.js:29889
[ 2565993ms] ModuleBuildError: Module build failed (from ./node_modules/next/dist/build/webpack/loaders/next-swc-loader.js):
Error: 
  × Expression expected
     ╭─[C:\ahmed\ETAPE-B-CCP\app-version2\app\src\app\(dashboard)\structure-bdd\page.tsx:430:1]
 430 │       console.error("[StructureBDD] download directory error", msg);
 431 │       toast.error(`Échec du téléchargement de "${node.name}"`);
 432 │     // eslint-disable-next-line react-hooks/exhaustive-deps
 433 │   }, [importTree, toast]);
     ·    ─
 434 │ 
 435 │   const loadTrees = useCallback(async () => {
 436 │     console.log("[StructureBDD] loadTrees start");
     ╰────


Caused by:
    Syntax Error
    at processResult (file://C:\ahmed\ETAPE-B-CCP\app-version2\app\node_modules\next\dist\compiled\webpack\bundle5.js:28:400590)
    at <unknown> (file://C:\ahmed\ETAPE-B-CCP\app-version2\app\node_modules\next\dist\compiled\webpack\bundle5.js:28:402302)
    at <unknown> (file://C:\ahmed\ETAPE-B-CCP\app-version2\app\node_modules\next\dist\compiled\loader-runner\LoaderRunner.js:1:8645)
    at <unknown> (file://C:\ahmed\ETAPE-B-CCP\app-version2\app\node_modules\next\dist\compiled\loader-runner\LoaderRunner.js:1:5019)
    at r.callback (file://C:\ahmed\ETAPE-B-CCP\app-version2\app\node_modules\next\dist\compiled\loader-runner\LoaderRunner.js:1:4039)
[ 2565994ms] [LOG] [HMR] connected @ webpack-internal:///./node_modules/next/dist/client/components/react-dev-overlay/pages/websocket.js:38
[ 2566000ms] [ERROR] ./src/app/(dashboard)/structure-bdd/page.tsx
Error: 
  × Expression expected
     ╭─[C:\ahmed\ETAPE-B-CCP\app-version2\app\src\app\(dashboard)\structure-bdd\page.tsx:430:1]
 430 │       console.error("[StructureBDD] download directory error", msg);
 431 │       toast.error(`Échec du téléchargement de "${node.name}"`);
 432 │     // eslint-disable-next-line react-hooks/exhaustive-deps
 433 │   }, [importTree, toast]);
     ·    ─
 434 │ 
 435 │   const loadTrees = useCallback(async () => {
 436 │     console.log("[StructureBDD] loadTrees start");
     ╰────

Caused by:
    Syntax Error @ webpack-internal:///./node_modules/next/dist/client/components/react-dev-overlay/internal/helpers/hydration-error-info.js:62
[ 2566451ms] [LOG] [Fast Refresh] rebuilding @ webpack-internal:///./node_modules/next/dist/client/components/react-dev-overlay/pages/hot-reloader-client.js:221
[ 2568254ms] [ERROR] ./src/app/(dashboard)/structure-bdd/page.tsx
Error: 
  × Expression expected
     ╭─[C:\ahmed\ETAPE-B-CCP\app-version2\app\src\app\(dashboard)\structure-bdd\page.tsx:430:1]
 430 │       console.error("[StructureBDD] download directory error", msg);
 431 │       toast.error(`Échec du téléchargement de "${node.name}"`);
 432 │     // eslint-disable-next-line react-hooks/exhaustive-deps
 433 │   }, [importTree, toast]);
     ·    ─
 434 │ 
 435 │   const loadTrees = useCallback(async () => {
 436 │     console.log("[StructureBDD] loadTrees start");
     ╰────

Caused by:
    Syntax Error

Import trace for requested module:
./src/app/(dashboard)/structure-bdd/page.tsx @ webpack-internal:///./node_modules/next/dist/client/components/react-dev-overlay/internal/helpers/hydration-error-info.js:62
[ 2574073ms] [ERROR] ./src/app/(dashboard)/structure-bdd/page.tsx
Error: 
  × Expression expected
     ╭─[C:\ahmed\ETAPE-B-CCP\app-version2\app\src\app\(dashboard)\structure-bdd\page.tsx:430:1]
 430 │       console.error("[StructureBDD] download directory error", msg);
 431 │       toast.error(`Échec du téléchargement de "${node.name}"`);
 432 │     // eslint-disable-next-line react-hooks/exhaustive-deps
 433 │   }, [importTree, toast]);
     ·    ─
 434 │ 
 435 │   const loadTrees = useCallback(async () => {
 436 │     console.log("[StructureBDD] loadTrees start");
     ╰────

Caused by:
    Syntax Error

Import trace for requested module:
./src/app/(dashboard)/structure-bdd/page.tsx @ webpack-internal:///./node_modules/next/dist/client/components/react-dev-overlay/internal/helpers/hydration-error-info.js:62
[ 2574205ms] [ERROR] Failed to load resource: the server responded with a status of 500 (Internal Server Error) @ http://localhost:3000/_next/static/webpack/6a15f2863fea2c41.webpack.hot-update.json:0
[ 2574205ms] [WARNING] [Fast Refresh] performing full reload

Fast Refresh will perform a full reload when you edit a file that's imported by modules outside of the React rendering tree.
You might have a file which exports a React component but also exports a value that is imported by a non-React component file.
Consider migrating the non-React component export to a separate file and importing it into both files.

It is also possible the parent component of the component you edited is a class component, which disables Fast Refresh.
Fast Refresh requires at least one parent function component in your React tree. @ webpack-internal:///./node_modules/next/dist/client/components/react-dev-overlay/pages/hot-reloader-client.js:347
[ 2574283ms] [ERROR] Failed to load resource: the server responded with a status of 404 (Not Found) @ http://localhost:3000/favicon.ico:0
[ 2574496ms] [ERROR] Failed to load resource: the server responded with a status of 500 (Internal Server Error) @ http://localhost:3000/structure-bdd:0
[ 2574984ms] [INFO] %cDownload the React DevTools for a better development experience: https://reactjs.org/link/react-devtools font-weight:bold @ webpack-internal:///./node_modules/react-dom/cjs/react-dom.development.js:29889
[ 2575024ms] ModuleBuildError: Module build failed (from ./node_modules/next/dist/build/webpack/loaders/next-swc-loader.js):
Error: 
  × Expression expected
     ╭─[C:\ahmed\ETAPE-B-CCP\app-version2\app\src\app\(dashboard)\structure-bdd\page.tsx:430:1]
 430 │       console.error("[StructureBDD] download directory error", msg);
 431 │       toast.error(`Échec du téléchargement de "${node.name}"`);
 432 │     // eslint-disable-next-line react-hooks/exhaustive-deps
 433 │   }, [importTree, toast]);
     ·    ─
 434 │ 
 435 │   const loadTrees = useCallback(async () => {
 436 │     console.log("[StructureBDD] loadTrees start");
     ╰────


Caused by:
    Syntax Error
    at processResult (file://C:\ahmed\ETAPE-B-CCP\app-version2\app\node_modules\next\dist\compiled\webpack\bundle5.js:28:400590)
    at <unknown> (file://C:\ahmed\ETAPE-B-CCP\app-version2\app\node_modules\next\dist\compiled\webpack\bundle5.js:28:402302)
    at <unknown> (file://C:\ahmed\ETAPE-B-CCP\app-version2\app\node_modules\next\dist\compiled\loader-runner\LoaderRunner.js:1:8645)
    at <unknown> (file://C:\ahmed\ETAPE-B-CCP\app-version2\app\node_modules\next\dist\compiled\loader-runner\LoaderRunner.js:1:5019)
    at r.callback (file://C:\ahmed\ETAPE-B-CCP\app-version2\app\node_modules\next\dist\compiled\loader-runner\LoaderRunner.js:1:4039)
[ 2575018ms] [LOG] [HMR] connected @ webpack-internal:///./node_modules/next/dist/client/components/react-dev-overlay/pages/websocket.js:38
[ 2575020ms] [ERROR] ./src/app/(dashboard)/structure-bdd/page.tsx
Error: 
  × Expression expected
     ╭─[C:\ahmed\ETAPE-B-CCP\app-version2\app\src\app\(dashboard)\structure-bdd\page.tsx:430:1]
 430 │       console.error("[StructureBDD] download directory error", msg);
 431 │       toast.error(`Échec du téléchargement de "${node.name}"`);
 432 │     // eslint-disable-next-line react-hooks/exhaustive-deps
 433 │   }, [importTree, toast]);
     ·    ─
 434 │ 
 435 │   const loadTrees = useCallback(async () => {
 436 │     console.log("[StructureBDD] loadTrees start");
     ╰────

Caused by:
    Syntax Error @ webpack-internal:///./node_modules/next/dist/client/components/react-dev-overlay/internal/helpers/hydration-error-info.js:62
[ 2575438ms] [ERROR] ./src/app/(dashboard)/structure-bdd/page.tsx
Error: 
  × Expression expected
     ╭─[C:\ahmed\ETAPE-B-CCP\app-version2\app\src\app\(dashboard)\structure-bdd\page.tsx:430:1]
 430 │       console.error("[StructureBDD] download directory error", msg);
 431 │       toast.error(`Échec du téléchargement de "${node.name}"`);
 432 │     // eslint-disable-next-line react-hooks/exhaustive-deps
 433 │   }, [importTree, toast]);
     ·    ─
 434 │ 
 435 │   const loadTrees = useCallback(async () => {
 436 │     console.log("[StructureBDD] loadTrees start");
     ╰────

Caused by:
    Syntax Error @ webpack-internal:///./node_modules/next/dist/client/components/react-dev-overlay/internal/helpers/hydration-error-info.js:62
[ 2599163ms] [LOG] [Fast Refresh] rebuilding @ webpack-internal:///./node_modules/next/dist/client/components/react-dev-overlay/pages/hot-reloader-client.js:221
[ 2604921ms] [LOG] [Fast Refresh] rebuilding @ webpack-internal:///./node_modules/next/dist/client/components/react-dev-overlay/pages/hot-reloader-client.js:221
[ 2606598ms] [ERROR] Failed to load resource: the server responded with a status of 404 (Not Found) @ http://localhost:3000/_next/static/webpack/6a15f2863fea2c41.webpack.hot-update.json:0
[ 2606598ms] [WARNING] [Fast Refresh] performing full reload because your application had an unrecoverable error @ webpack-internal:///./node_modules/next/dist/client/components/react-dev-overlay/pages/hot-reloader-client.js:349
[ 2608409ms] [INFO] %cDownload the React DevTools for a better development experience: https://reactjs.org/link/react-devtools font-weight:bold @ webpack-internal:///(app-pages-browser)/./node_modules/next/dist/compiled/react-dom/cjs/react-dom.development.js:38559
[ 2608805ms] [LOG] [Auth] Utilisateur connecté détecté {userId: cmt3i6d290000qn8stnmxf460, role: admin, email: admin@nexaflow.com} @ webpack-internal:///(app-pages-browser)/./src/lib/procedures/client-auth.ts:15
[ 2608806ms] [LOG] [Auth] Utilisateur connecté détecté {userId: cmt3i6d290000qn8stnmxf460, role: admin, email: admin@nexaflow.com} @ webpack-internal:///(app-pages-browser)/./src/lib/procedures/client-auth.ts:15
[ 2608839ms] [LOG] [StructureBDD] render loading @ webpack-internal:///(app-pages-browser)/./src/app/(dashboard)/structure-bdd/page.tsx:1481
[ 2608840ms] [LOG] [StructureBDD] render loading @ webpack-internal:///(app-pages-browser)/./src/app/(dashboard)/structure-bdd/page.tsx:1481
[ 2608868ms] [LOG] [StructureBDD] mount @ webpack-internal:///(app-pages-browser)/./src/app/(dashboard)/structure-bdd/page.tsx:604
[ 2608871ms] [LOG] [StructureBDD] loadTrees start @ webpack-internal:///(app-pages-browser)/./src/app/(dashboard)/structure-bdd/page.tsx:473
[ 2608903ms] [LOG] [StructureBDD] mount @ webpack-internal:///(app-pages-browser)/./src/app/(dashboard)/structure-bdd/page.tsx:604
[ 2608905ms] [LOG] [StructureBDD] loadTrees start @ webpack-internal:///(app-pages-browser)/./src/app/(dashboard)/structure-bdd/page.tsx:473
[ 2608937ms] [LOG] [Auth] Utilisateur connecté détecté {userId: cmt3i6d290000qn8stnmxf460, role: admin, email: admin@nexaflow.com} @ webpack-internal:///(app-pages-browser)/./src/lib/procedures/client-auth.ts:15
[ 2608938ms] [LOG] [Auth] Utilisateur connecté détecté {userId: cmt3i6d290000qn8stnmxf460, role: admin, email: admin@nexaflow.com} @ webpack-internal:///(app-pages-browser)/./src/lib/procedures/client-auth.ts:15
[ 2608951ms] [LOG] [StructureBDD] render loading @ webpack-internal:///(app-pages-browser)/./src/app/(dashboard)/structure-bdd/page.tsx:1481
[ 2608951ms] [LOG] [StructureBDD] render loading @ webpack-internal:///(app-pages-browser)/./src/app/(dashboard)/structure-bdd/page.tsx:1481
[ 2608960ms] [LOG] [StructureBDD] mount @ webpack-internal:///(app-pages-browser)/./src/app/(dashboard)/structure-bdd/page.tsx:604
[ 2608961ms] [LOG] [StructureBDD] loadTrees start @ webpack-internal:///(app-pages-browser)/./src/app/(dashboard)/structure-bdd/page.tsx:473
[ 2608968ms] [LOG] [StructureBDD] mount @ webpack-internal:///(app-pages-browser)/./src/app/(dashboard)/structure-bdd/page.tsx:604
[ 2608969ms] [LOG] [StructureBDD] loadTrees start @ webpack-internal:///(app-pages-browser)/./src/app/(dashboard)/structure-bdd/page.tsx:473
[ 2610194ms] [WARNING] [SQLite] OPFS SAH Pool indisponible, repli sur IndexedDB (SqlJsDb). Error: Missing required OPFS APIs.
    at sqlite3.installOpfsSAHPoolVfs (webpack-internal:///(app-pages-browser)/./node_modules/@sqlite.org/sqlite-wasm/dist/index.mjs:15637:284)
    at openPersistentDatabase (webpack-internal:///(app-pages-browser)/./src/lib/client-engine/sqlite.ts:24:44)
    at eval (webpack-internal:///(app-pages-browser)/./src/lib/client-engine/sqlite.ts:51:20) @ webpack-internal:///(app-pages-browser)/./src/lib/client-engine/sqlite.ts:30
[ 2610194ms] [WARNING] [SQLite] Aucun stockage OPFS persistant disponible : repli sur localStorage (les données survivront au rechargement dans la limite de stockage du navigateur). @ webpack-internal:///(app-pages-browser)/./src/lib/client-engine/sqlite.ts:34
[ 2610345ms] [LOG] [SQLite] Base de données locale initialisée @ webpack-internal:///(app-pages-browser)/./src/lib/client-engine/sqlite.ts:52
[ 2610376ms] [LOG] [VectorStore] Base de données vectorielle IndexedDB initialisée @ webpack-internal:///(app-pages-browser)/./src/lib/client-engine/vector-store.ts:92
[ 2610377ms] [LOG] [VectorStore] Base de données vectorielle IndexedDB initialisée @ webpack-internal:///(app-pages-browser)/./src/lib/client-engine/vector-store.ts:92
[ 2610377ms] [LOG] [VectorStore] Base de données vectorielle IndexedDB initialisée @ webpack-internal:///(app-pages-browser)/./src/lib/client-engine/vector-store.ts:92
[ 2610377ms] [LOG] [VectorStore] Base de données vectorielle IndexedDB initialisée @ webpack-internal:///(app-pages-browser)/./src/lib/client-engine/vector-store.ts:92
[ 2610378ms] [LOG] [JsonStore] Base de données JSON IndexedDB initialisée @ webpack-internal:///(app-pages-browser)/./src/lib/client-engine/json-store.ts:50
[ 2610378ms] [LOG] [JsonStore] Base de données JSON IndexedDB initialisée @ webpack-internal:///(app-pages-browser)/./src/lib/client-engine/json-store.ts:50
[ 2610378ms] [LOG] [JsonStore] Base de données JSON IndexedDB initialisée @ webpack-internal:///(app-pages-browser)/./src/lib/client-engine/json-store.ts:50
[ 2610378ms] [LOG] [JsonStore] Base de données JSON IndexedDB initialisée @ webpack-internal:///(app-pages-browser)/./src/lib/client-engine/json-store.ts:50
[ 2610378ms] [LOG] [ClientEngine] Initialisation terminée: {sqlite: true, vectorStore: true, jsonStore: true} @ webpack-internal:///(app-pages-browser)/./src/lib/client-engine/index.ts:77
[ 2610379ms] [LOG] [ClientEngine] Initialisation terminée: {sqlite: true, vectorStore: true, jsonStore: true} @ webpack-internal:///(app-pages-browser)/./src/lib/client-engine/index.ts:77
[ 2610379ms] [LOG] [ClientEngine] Initialisation terminée: {sqlite: true, vectorStore: true, jsonStore: true} @ webpack-internal:///(app-pages-browser)/./src/lib/client-engine/index.ts:77
[ 2610379ms] [LOG] [ClientEngine] Initialisation terminée: {sqlite: true, vectorStore: true, jsonStore: true} @ webpack-internal:///(app-pages-browser)/./src/lib/client-engine/index.ts:77
[ 2610405ms] [LOG] [StructureBDD] local tree loaded {count: 0} @ webpack-internal:///(app-pages-browser)/./src/app/(dashboard)/structure-bdd/page.tsx:502
[ 2610405ms] [LOG] [StructureBDD] local tree loaded {count: 0} @ webpack-internal:///(app-pages-browser)/./src/app/(dashboard)/structure-bdd/page.tsx:502
[ 2610406ms] [LOG] [StructureBDD] local tree loaded {count: 0} @ webpack-internal:///(app-pages-browser)/./src/app/(dashboard)/structure-bdd/page.tsx:502
[ 2610406ms] [LOG] [StructureBDD] local tree loaded {count: 0} @ webpack-internal:///(app-pages-browser)/./src/app/(dashboard)/structure-bdd/page.tsx:502
[ 2610408ms] [LOG] [StructureBDD] vector docs loaded {count: 0} @ webpack-internal:///(app-pages-browser)/./src/app/(dashboard)/structure-bdd/page.tsx:526
[ 2610409ms] [LOG] [StructureBDD] vector docs loaded {count: 0} @ webpack-internal:///(app-pages-browser)/./src/app/(dashboard)/structure-bdd/page.tsx:526
[ 2610410ms] [LOG] [StructureBDD] vector docs loaded {count: 0} @ webpack-internal:///(app-pages-browser)/./src/app/(dashboard)/structure-bdd/page.tsx:526
[ 2610410ms] [LOG] [StructureBDD] vector docs loaded {count: 0} @ webpack-internal:///(app-pages-browser)/./src/app/(dashboard)/structure-bdd/page.tsx:526
[ 2610412ms] [LOG] [StructureBDD] render loading @ webpack-internal:///(app-pages-browser)/./src/app/(dashboard)/structure-bdd/page.tsx:1481
[ 2610413ms] [LOG] [StructureBDD] render loading @ webpack-internal:///(app-pages-browser)/./src/app/(dashboard)/structure-bdd/page.tsx:1481
[ 2610416ms] [LOG] [StructureBDD] vector tree loaded {count: 0} @ webpack-internal:///(app-pages-browser)/./src/app/(dashboard)/structure-bdd/page.tsx:540
[ 2610417ms] [LOG] [StructureBDD] vector tree loaded {count: 0} @ webpack-internal:///(app-pages-browser)/./src/app/(dashboard)/structure-bdd/page.tsx:540
[ 2610418ms] [LOG] [StructureBDD] vector tree loaded {count: 0} @ webpack-internal:///(app-pages-browser)/./src/app/(dashboard)/structure-bdd/page.tsx:540
[ 2610419ms] [LOG] [StructureBDD] vector tree loaded {count: 0} @ webpack-internal:///(app-pages-browser)/./src/app/(dashboard)/structure-bdd/page.tsx:540
[ 2610420ms] [LOG] [StructureBDD] render loading @ webpack-internal:///(app-pages-browser)/./src/app/(dashboard)/structure-bdd/page.tsx:1481
[ 2610420ms] [LOG] [StructureBDD] render loading @ webpack-internal:///(app-pages-browser)/./src/app/(dashboard)/structure-bdd/page.tsx:1481
[ 2611939ms] [LOG] [StructureBDD] /api/images/tree status 200 @ webpack-internal:///(app-pages-browser)/./src/app/(dashboard)/structure-bdd/page.tsx:567
[ 2611941ms] [LOG] [StructureBDD] image tree loaded {count: 2} @ webpack-internal:///(app-pages-browser)/./src/app/(dashboard)/structure-bdd/page.tsx:572
[ 2612486ms] [LOG] [StructureBDD] /api/tree status 200 @ webpack-internal:///(app-pages-browser)/./src/app/(dashboard)/structure-bdd/page.tsx:481
[ 2612489ms] [LOG] [StructureBDD] web tree loaded {count: 7} @ webpack-internal:///(app-pages-browser)/./src/app/(dashboard)/structure-bdd/page.tsx:489
[ 2615907ms] [LOG] [StructureBDD] /api/images/tree status 200 @ webpack-internal:///(app-pages-browser)/./src/app/(dashboard)/structure-bdd/page.tsx:567
[ 2615908ms] [LOG] [StructureBDD] image tree loaded {count: 2} @ webpack-internal:///(app-pages-browser)/./src/app/(dashboard)/structure-bdd/page.tsx:572
[ 2615993ms] [LOG] [StructureBDD] /api/tree status 200 @ webpack-internal:///(app-pages-browser)/./src/app/(dashboard)/structure-bdd/page.tsx:481
[ 2615995ms] [LOG] [StructureBDD] web tree loaded {count: 7} @ webpack-internal:///(app-pages-browser)/./src/app/(dashboard)/structure-bdd/page.tsx:489
[ 2617398ms] [LOG] [StructureBDD] /api/tree status 200 @ webpack-internal:///(app-pages-browser)/./src/app/(dashboard)/structure-bdd/page.tsx:481
[ 2617401ms] [LOG] [StructureBDD] web tree loaded {count: 7} @ webpack-internal:///(app-pages-browser)/./src/app/(dashboard)/structure-bdd/page.tsx:489
[ 2617403ms] [LOG] [StructureBDD] render loading @ webpack-internal:///(app-pages-browser)/./src/app/(dashboard)/structure-bdd/page.tsx:1481
[ 2617403ms] [LOG] [StructureBDD] render loading @ webpack-internal:///(app-pages-browser)/./src/app/(dashboard)/structure-bdd/page.tsx:1481
[ 2617457ms] [LOG] [StructureBDD] /api/images/tree status 200 @ webpack-internal:///(app-pages-browser)/./src/app/(dashboard)/structure-bdd/page.tsx:567
[ 2617458ms] [LOG] [StructureBDD] image tree loaded {count: 2} @ webpack-internal:///(app-pages-browser)/./src/app/(dashboard)/structure-bdd/page.tsx:572
[ 2617460ms] [LOG] [StructureBDD] render loading @ webpack-internal:///(app-pages-browser)/./src/app/(dashboard)/structure-bdd/page.tsx:1481
[ 2617461ms] [LOG] [StructureBDD] render loading @ webpack-internal:///(app-pages-browser)/./src/app/(dashboard)/structure-bdd/page.tsx:1481
[ 2618105ms] [LOG] [StructureBDD] /api/tree status 200 @ webpack-internal:///(app-pages-browser)/./src/app/(dashboard)/structure-bdd/page.tsx:481
[ 2618108ms] [LOG] [StructureBDD] web tree loaded {count: 7} @ webpack-internal:///(app-pages-browser)/./src/app/(dashboard)/structure-bdd/page.tsx:489
[ 2618109ms] [LOG] [StructureBDD] render loading @ webpack-internal:///(app-pages-browser)/./src/app/(dashboard)/structure-bdd/page.tsx:1481
[ 2618109ms] [LOG] [StructureBDD] render loading @ webpack-internal:///(app-pages-browser)/./src/app/(dashboard)/structure-bdd/page.tsx:1481
[ 2618134ms] [LOG] [StructureBDD] /api/images/tree status 200 @ webpack-internal:///(app-pages-browser)/./src/app/(dashboard)/structure-bdd/page.tsx:567
[ 2618135ms] [LOG] [StructureBDD] image tree loaded {count: 2} @ webpack-internal:///(app-pages-browser)/./src/app/(dashboard)/structure-bdd/page.tsx:572
[ 2618138ms] [LOG] [StructureBDD] render loading @ webpack-internal:///(app-pages-browser)/./src/app/(dashboard)/structure-bdd/page.tsx:1481
[ 2618138ms] [LOG] [StructureBDD] render loading @ webpack-internal:///(app-pages-browser)/./src/app/(dashboard)/structure-bdd/page.tsx:1481
[ 2618177ms] [LOG] [StructureBDD] render result {web: 7, local: 0, vector: 0, images: 2, webError: false} @ webpack-internal:///(app-pages-browser)/./src/app/(dashboard)/structure-bdd/page.tsx:1498
[ 2618180ms] [LOG] [StructureBDD] render result {web: 7, local: 0, vector: 0, images: 2, webError: false} @ webpack-internal:///(app-pages-browser)/./src/app/(dashboard)/structure-bdd/page.tsx:1498
[ 2618344ms] [LOG] [StructureBDD] render result {web: 7, local: 0, vector: 0, images: 2, webError: false} @ webpack-internal:///(app-pages-browser)/./src/app/(dashboard)/structure-bdd/page.tsx:1498
[ 2618345ms] [LOG] [StructureBDD] render result {web: 7, local: 0, vector: 0, images: 2, webError: false} @ webpack-internal:///(app-pages-browser)/./src/app/(dashboard)/structure-bdd/page.tsx:1498
[ 2670730ms] [LOG] [Fast Refresh] rebuilding @ webpack-internal:///(app-pages-browser)/./node_modules/next/dist/client/components/react-dev-overlay/app/hot-reloader-client.js:186
[ 2674239ms] [LOG] [StructureBDD] render result {web: 7, local: 0, vector: 0, images: 2, webError: false} @ webpack-internal:///(app-pages-browser)/./src/app/(dashboard)/structure-bdd/page.tsx:1499
[ 2674240ms] [LOG] [StructureBDD] render result {web: 7, local: 0, vector: 0, images: 2, webError: false} @ webpack-internal:///(app-pages-browser)/./src/app/(dashboard)/structure-bdd/page.tsx:1499
[ 2674276ms] [LOG] [StructureBDD] mount @ webpack-internal:///(app-pages-browser)/./src/app/(dashboard)/structure-bdd/page.tsx:605
[ 2674278ms] [LOG] [StructureBDD] loadTrees start @ webpack-internal:///(app-pages-browser)/./src/app/(dashboard)/structure-bdd/page.tsx:474
[ 2674294ms] [LOG] [Fast Refresh] done in 3565ms @ webpack-internal:///(app-pages-browser)/./node_modules/next/dist/client/components/react-dev-overlay/app/hot-reloader-client.js:43
[ 2674296ms] [LOG] [StructureBDD] local tree loaded {count: 0} @ webpack-internal:///(app-pages-browser)/./src/app/(dashboard)/structure-bdd/page.tsx:503
[ 2674298ms] [LOG] [StructureBDD] render loading @ webpack-internal:///(app-pages-browser)/./src/app/(dashboard)/structure-bdd/page.tsx:1482
[ 2674298ms] [LOG] [StructureBDD] render loading @ webpack-internal:///(app-pages-browser)/./src/app/(dashboard)/structure-bdd/page.tsx:1482
[ 2674306ms] [LOG] [StructureBDD] vector docs loaded {count: 0} @ webpack-internal:///(app-pages-browser)/./src/app/(dashboard)/structure-bdd/page.tsx:527
[ 2674307ms] [LOG] [StructureBDD] render loading @ webpack-internal:///(app-pages-browser)/./src/app/(dashboard)/structure-bdd/page.tsx:1482
[ 2674308ms] [LOG] [StructureBDD] render loading @ webpack-internal:///(app-pages-browser)/./src/app/(dashboard)/structure-bdd/page.tsx:1482
[ 2674309ms] [LOG] [StructureBDD] vector tree loaded {count: 0} @ webpack-internal:///(app-pages-browser)/./src/app/(dashboard)/structure-bdd/page.tsx:541
[ 2674310ms] [LOG] [StructureBDD] render loading @ webpack-internal:///(app-pages-browser)/./src/app/(dashboard)/structure-bdd/page.tsx:1482
[ 2674311ms] [LOG] [StructureBDD] render loading @ webpack-internal:///(app-pages-browser)/./src/app/(dashboard)/structure-bdd/page.tsx:1482
[ 2675125ms] [LOG] [StructureBDD] /api/tree status 200 @ webpack-internal:///(app-pages-browser)/./src/app/(dashboard)/structure-bdd/page.tsx:482
[ 2675127ms] [LOG] [StructureBDD] web tree loaded {count: 7} @ webpack-internal:///(app-pages-browser)/./src/app/(dashboard)/structure-bdd/page.tsx:490
[ 2675129ms] [LOG] [StructureBDD] render loading @ webpack-internal:///(app-pages-browser)/./src/app/(dashboard)/structure-bdd/page.tsx:1482
[ 2675130ms] [LOG] [StructureBDD] render loading @ webpack-internal:///(app-pages-browser)/./src/app/(dashboard)/structure-bdd/page.tsx:1482
[ 2675162ms] [LOG] [StructureBDD] /api/images/tree status 200 @ webpack-internal:///(app-pages-browser)/./src/app/(dashboard)/structure-bdd/page.tsx:568
[ 2675163ms] [LOG] [StructureBDD] image tree loaded {count: 2} @ webpack-internal:///(app-pages-browser)/./src/app/(dashboard)/structure-bdd/page.tsx:573
[ 2675166ms] [LOG] [StructureBDD] render loading @ webpack-internal:///(app-pages-browser)/./src/app/(dashboard)/structure-bdd/page.tsx:1482
[ 2675167ms] [LOG] [StructureBDD] render loading @ webpack-internal:///(app-pages-browser)/./src/app/(dashboard)/structure-bdd/page.tsx:1482
[ 2675474ms] [LOG] [StructureBDD] render loading @ webpack-internal:///(app-pages-browser)/./src/app/(dashboard)/structure-bdd/page.tsx:1482
[ 2675474ms] [LOG] [StructureBDD] render loading @ webpack-internal:///(app-pages-browser)/./src/app/(dashboard)/structure-bdd/page.tsx:1482
[ 2675526ms] [LOG] [StructureBDD] render result {web: 7, local: 0, vector: 0, images: 2, webError: false} @ webpack-internal:///(app-pages-browser)/./src/app/(dashboard)/structure-bdd/page.tsx:1499
[ 2675527ms] [LOG] [StructureBDD] render result {web: 7, local: 0, vector: 0, images: 2, webError: false} @ webpack-internal:///(app-pages-browser)/./src/app/(dashboard)/structure-bdd/page.tsx:1499
[ 4474455ms] [LOG] [Fast Refresh] rebuilding @ webpack-internal:///(app-pages-browser)/./node_modules/next/dist/client/components/react-dev-overlay/app/hot-reloader-client.js:186
[ 4476078ms] [LOG] [Fast Refresh] done in 1624ms @ webpack-internal:///(app-pages-browser)/./node_modules/next/dist/client/components/react-dev-overlay/app/hot-reloader-client.js:43
[ 4477793ms] [LOG] [StructureBDD] render result {web: 7, local: 0, vector: 0, images: 2, webError: false} @ webpack-internal:///(app-pages-browser)/./src/app/(dashboard)/structure-bdd/page.tsx:1499
[ 4477794ms] [LOG] [StructureBDD] render result {web: 7, local: 0, vector: 0, images: 2, webError: false} @ webpack-internal:///(app-pages-browser)/./src/app/(dashboard)/structure-bdd/page.tsx:1499
[ 4480527ms] [LOG] [Fast Refresh] rebuilding @ webpack-internal:///(app-pages-browser)/./node_modules/next/dist/client/components/react-dev-overlay/app/hot-reloader-client.js:186
[ 4481459ms] [LOG] [Fast Refresh] done in 932ms @ webpack-internal:///(app-pages-browser)/./node_modules/next/dist/client/components/react-dev-overlay/app/hot-reloader-client.js:43
[ 4481630ms] [LOG] [StructureBDD] render result {web: 7, local: 0, vector: 0, images: 2, webError: false} @ webpack-internal:///(app-pages-browser)/./src/app/(dashboard)/structure-bdd/page.tsx:1499
[ 4481631ms] [LOG] [StructureBDD] render result {web: 7, local: 0, vector: 0, images: 2, webError: false} @ webpack-internal:///(app-pages-browser)/./src/app/(dashboard)/structure-bdd/page.tsx:1499
[ 4488436ms] [LOG] [Fast Refresh] rebuilding @ webpack-internal:///(app-pages-browser)/./node_modules/next/dist/client/components/react-dev-overlay/app/hot-reloader-client.js:186
[ 4490007ms] [LOG] [Fast Refresh] done in 1571ms @ webpack-internal:///(app-pages-browser)/./node_modules/next/dist/client/components/react-dev-overlay/app/hot-reloader-client.js:43
[ 4492286ms] [LOG] [StructureBDD] render result {web: 7, local: 0, vector: 0, images: 2, webError: false} @ webpack-internal:///(app-pages-browser)/./src/app/(dashboard)/structure-bdd/page.tsx:1499
[ 4492287ms] [LOG] [StructureBDD] render result {web: 7, local: 0, vector: 0, images: 2, webError: false} @ webpack-internal:///(app-pages-browser)/./src/app/(dashboard)/structure-bdd/page.tsx:1499
[ 4499730ms] [LOG] [Fast Refresh] rebuilding @ webpack-internal:///(app-pages-browser)/./node_modules/next/dist/client/components/react-dev-overlay/app/hot-reloader-client.js:186
[ 4502381ms] [LOG] [StructureBDD] render result {web: 7, local: 0, vector: 0, images: 2, webError: false} @ webpack-internal:///(app-pages-browser)/./src/app/(dashboard)/structure-bdd/page.tsx:1499
[ 4502382ms] [LOG] [StructureBDD] render result {web: 7, local: 0, vector: 0, images: 2, webError: false} @ webpack-internal:///(app-pages-browser)/./src/app/(dashboard)/structure-bdd/page.tsx:1499
[ 4502405ms] [LOG] [StructureBDD] mount @ webpack-internal:///(app-pages-browser)/./src/app/(dashboard)/structure-bdd/page.tsx:605
[ 4502407ms] [LOG] [StructureBDD] loadTrees start @ webpack-internal:///(app-pages-browser)/./src/app/(dashboard)/structure-bdd/page.tsx:474
[ 4502417ms] [LOG] [Fast Refresh] done in 2688ms @ webpack-internal:///(app-pages-browser)/./node_modules/next/dist/client/components/react-dev-overlay/app/hot-reloader-client.js:43
[ 4502419ms] [LOG] [StructureBDD] local tree loaded {count: 0} @ webpack-internal:///(app-pages-browser)/./src/app/(dashboard)/structure-bdd/page.tsx:503
[ 4502421ms] [LOG] [StructureBDD] render loading @ webpack-internal:///(app-pages-browser)/./src/app/(dashboard)/structure-bdd/page.tsx:1482
[ 4502421ms] [LOG] [StructureBDD] render loading @ webpack-internal:///(app-pages-browser)/./src/app/(dashboard)/structure-bdd/page.tsx:1482
[ 4502443ms] [LOG] [StructureBDD] vector docs loaded {count: 0} @ webpack-internal:///(app-pages-browser)/./src/app/(dashboard)/structure-bdd/page.tsx:527
[ 4502446ms] [LOG] [StructureBDD] render loading @ webpack-internal:///(app-pages-browser)/./src/app/(dashboard)/structure-bdd/page.tsx:1482
[ 4502446ms] [LOG] [StructureBDD] render loading @ webpack-internal:///(app-pages-browser)/./src/app/(dashboard)/structure-bdd/page.tsx:1482
[ 4502447ms] [LOG] [StructureBDD] vector tree loaded {count: 0} @ webpack-internal:///(app-pages-browser)/./src/app/(dashboard)/structure-bdd/page.tsx:541
[ 4502449ms] [LOG] [StructureBDD] render loading @ webpack-internal:///(app-pages-browser)/./src/app/(dashboard)/structure-bdd/page.tsx:1482
[ 4502449ms] [LOG] [StructureBDD] render loading @ webpack-internal:///(app-pages-browser)/./src/app/(dashboard)/structure-bdd/page.tsx:1482
[ 4502716ms] [LOG] [StructureBDD] render loading @ webpack-internal:///(app-pages-browser)/./src/app/(dashboard)/structure-bdd/page.tsx:1482
[ 4502716ms] [LOG] [StructureBDD] render loading @ webpack-internal:///(app-pages-browser)/./src/app/(dashboard)/structure-bdd/page.tsx:1482
[ 4505132ms] [LOG] [StructureBDD] /api/tree status 200 @ webpack-internal:///(app-pages-browser)/./src/app/(dashboard)/structure-bdd/page.tsx:482
[ 4505135ms] [LOG] [StructureBDD] web tree loaded {count: 7} @ webpack-internal:///(app-pages-browser)/./src/app/(dashboard)/structure-bdd/page.tsx:490
[ 4505136ms] [LOG] [StructureBDD] render loading @ webpack-internal:///(app-pages-browser)/./src/app/(dashboard)/structure-bdd/page.tsx:1482
[ 4505137ms] [LOG] [StructureBDD] render loading @ webpack-internal:///(app-pages-browser)/./src/app/(dashboard)/structure-bdd/page.tsx:1482
[ 4505569ms] [LOG] [StructureBDD] /api/images/tree status 200 @ webpack-internal:///(app-pages-browser)/./src/app/(dashboard)/structure-bdd/page.tsx:568
[ 4505570ms] [LOG] [StructureBDD] image tree loaded {count: 2} @ webpack-internal:///(app-pages-browser)/./src/app/(dashboard)/structure-bdd/page.tsx:573
[ 4505572ms] [LOG] [StructureBDD] render loading @ webpack-internal:///(app-pages-browser)/./src/app/(dashboard)/structure-bdd/page.tsx:1482
[ 4505572ms] [LOG] [StructureBDD] render loading @ webpack-internal:///(app-pages-browser)/./src/app/(dashboard)/structure-bdd/page.tsx:1482
[ 4507221ms] [LOG] [StructureBDD] render loading @ webpack-internal:///(app-pages-browser)/./src/app/(dashboard)/structure-bdd/page.tsx:1482
[ 4507221ms] [LOG] [StructureBDD] render loading @ webpack-internal:///(app-pages-browser)/./src/app/(dashboard)/structure-bdd/page.tsx:1482
[ 4507298ms] [LOG] [StructureBDD] render result {web: 7, local: 0, vector: 0, images: 2, webError: false} @ webpack-internal:///(app-pages-browser)/./src/app/(dashboard)/structure-bdd/page.tsx:1499
[ 4507299ms] [LOG] [StructureBDD] render result {web: 7, local: 0, vector: 0, images: 2, webError: false} @ webpack-internal:///(app-pages-browser)/./src/app/(dashboard)/structure-bdd/page.tsx:1499
[ 4507375ms] [LOG] [StructureBDD] render result {web: 7, local: 0, vector: 0, images: 2, webError: false} @ webpack-internal:///(app-pages-browser)/./src/app/(dashboard)/structure-bdd/page.tsx:1499
[ 4507376ms] [LOG] [StructureBDD] render result {web: 7, local: 0, vector: 0, images: 2, webError: false} @ webpack-internal:///(app-pages-browser)/./src/app/(dashboard)/structure-bdd/page.tsx:1499
[ 4516564ms] [LOG] [Fast Refresh] rebuilding @ webpack-internal:///(app-pages-browser)/./node_modules/next/dist/client/components/react-dev-overlay/app/hot-reloader-client.js:186
[ 4517799ms] [ERROR] ./src/app/(dashboard)/structure-bdd/page.tsx
Error: 
  × Unexpected token `div`. Expected jsx identifier
     ╭─[C:\ahmed\ETAPE-B-CCP\app-version2\app\src\app\(dashboard)\structure-bdd\page.tsx:209:1]
 209 │   };
 210 │ 
 211 │   return (
 212 │     <div
     ·      ───
 213 │       className="group relative"
 214 │       onMouseEnter={() => setShowActions(true)}
 215 │       onMouseLeave={() => setShowActions(false)}
     ╰────

Caused by:
    Syntax Error

Import trace for requested module:
./src/app/(dashboard)/structure-bdd/page.tsx @ webpack-internal:///(app-pages-browser)/./node_modules/next/dist/client/app-index.js:32
[ 4518088ms] [LOG] [Fast Refresh] rebuilding @ webpack-internal:///(app-pages-browser)/./node_modules/next/dist/client/components/react-dev-overlay/app/hot-reloader-client.js:186
[ 4518569ms] [ERROR] ./src/app/(dashboard)/structure-bdd/page.tsx
Error: 
  × Unexpected token `div`. Expected jsx identifier
     ╭─[C:\ahmed\ETAPE-B-CCP\app-version2\app\src\app\(dashboard)\structure-bdd\page.tsx:209:1]
 209 │   };
 210 │ 
 211 │   return (
 212 │     <div
     ·      ───
 213 │       className="group relative"
 214 │       onMouseEnter={() => setShowActions(true)}
 215 │       onMouseLeave={() => setShowActions(false)}
     ╰────

Caused by:
    Syntax Error

Import trace for requested module:
./src/app/(dashboard)/structure-bdd/page.tsx @ webpack-internal:///(app-pages-browser)/./node_modules/next/dist/client/app-index.js:32
[ 4519558ms] [ERROR] Failed to load resource: the server responded with a status of 500 (Internal Server Error) @ http://localhost:3000/structure-bdd?_rsc=1dh86:0
[ 4520002ms] [ERROR] Failed to load resource: the server responded with a status of 500 (Internal Server Error) @ http://localhost:3000/structure-bdd:0
[ 4520895ms] [INFO] %cDownload the React DevTools for a better development experience: https://reactjs.org/link/react-devtools font-weight:bold @ webpack-internal:///./node_modules/react-dom/cjs/react-dom.development.js:29889
[ 4521028ms] ModuleBuildError: Module build failed (from ./node_modules/next/dist/build/webpack/loaders/next-swc-loader.js):
Error: 
  × Unexpected token `div`. Expected jsx identifier
     ╭─[C:\ahmed\ETAPE-B-CCP\app-version2\app\src\app\(dashboard)\structure-bdd\page.tsx:209:1]
 209 │   };
 210 │ 
 211 │   return (
 212 │     <div
     ·      ───
 213 │       className="group relative"
 214 │       onMouseEnter={() => setShowActions(true)}
 215 │       onMouseLeave={() => setShowActions(false)}
     ╰────


Caused by:
    Syntax Error
    at processResult (file://C:\ahmed\ETAPE-B-CCP\app-version2\app\node_modules\next\dist\compiled\webpack\bundle5.js:28:400590)
    at <unknown> (file://C:\ahmed\ETAPE-B-CCP\app-version2\app\node_modules\next\dist\compiled\webpack\bundle5.js:28:402302)
    at <unknown> (file://C:\ahmed\ETAPE-B-CCP\app-version2\app\node_modules\next\dist\compiled\loader-runner\LoaderRunner.js:1:8645)
    at <unknown> (file://C:\ahmed\ETAPE-B-CCP\app-version2\app\node_modules\next\dist\compiled\loader-runner\LoaderRunner.js:1:5019)
    at r.callback (file://C:\ahmed\ETAPE-B-CCP\app-version2\app\node_modules\next\dist\compiled\loader-runner\LoaderRunner.js:1:4039)
[ 4521029ms] [LOG] [HMR] connected @ webpack-internal:///./node_modules/next/dist/client/components/react-dev-overlay/pages/websocket.js:38
[ 4521037ms] [ERROR] ./src/app/(dashboard)/structure-bdd/page.tsx
Error: 
  × Unexpected token `div`. Expected jsx identifier
     ╭─[C:\ahmed\ETAPE-B-CCP\app-version2\app\src\app\(dashboard)\structure-bdd\page.tsx:209:1]
 209 │   };
 210 │ 
 211 │   return (
 212 │     <div
     ·      ───
 213 │       className="group relative"
 214 │       onMouseEnter={() => setShowActions(true)}
 215 │       onMouseLeave={() => setShowActions(false)}
     ╰────

Caused by:
    Syntax Error @ webpack-internal:///./node_modules/next/dist/client/components/react-dev-overlay/internal/helpers/hydration-error-info.js:62
[ 4521296ms] [ERROR] ./src/app/(dashboard)/structure-bdd/page.tsx
Error: 
  × Unexpected token `div`. Expected jsx identifier
     ╭─[C:\ahmed\ETAPE-B-CCP\app-version2\app\src\app\(dashboard)\structure-bdd\page.tsx:209:1]
 209 │   };
 210 │ 
 211 │   return (
 212 │     <div
     ·      ───
 213 │       className="group relative"
 214 │       onMouseEnter={() => setShowActions(true)}
 215 │       onMouseLeave={() => setShowActions(false)}
     ╰────

Caused by:
    Syntax Error @ webpack-internal:///./node_modules/next/dist/client/components/react-dev-overlay/internal/helpers/hydration-error-info.js:62
[ 4522732ms] [ERROR] ./src/app/(dashboard)/structure-bdd/page.tsx
Error: 
  × Unexpected token `div`. Expected jsx identifier
     ╭─[C:\ahmed\ETAPE-B-CCP\app-version2\app\src\app\(dashboard)\structure-bdd\page.tsx:209:1]
 209 │   };
 210 │ 
 211 │   return (
 212 │     <div
     ·      ───
 213 │       className="group relative"
 214 │       onMouseEnter={() => setShowActions(true)}
 215 │       onMouseLeave={() => setShowActions(false)}
     ╰────

Caused by:
    Syntax Error

Import trace for requested module:
./src/app/(dashboard)/structure-bdd/page.tsx @ webpack-internal:///./node_modules/next/dist/client/components/react-dev-overlay/internal/helpers/hydration-error-info.js:62
[ 4522865ms] [ERROR] Failed to load resource: the server responded with a status of 500 (Internal Server Error) @ http://localhost:3000/_next/static/webpack/6a15f2863fea2c41.webpack.hot-update.json:0
[ 4522866ms] [WARNING] [Fast Refresh] performing full reload

Fast Refresh will perform a full reload when you edit a file that's imported by modules outside of the React rendering tree.
You might have a file which exports a React component but also exports a value that is imported by a non-React component file.
Consider migrating the non-React component export to a separate file and importing it into both files.

It is also possible the parent component of the component you edited is a class component, which disables Fast Refresh.
Fast Refresh requires at least one parent function component in your React tree. @ webpack-internal:///./node_modules/next/dist/client/components/react-dev-overlay/pages/hot-reloader-client.js:347
[ 4523281ms] [ERROR] Failed to load resource: the server responded with a status of 500 (Internal Server Error) @ http://localhost:3000/structure-bdd:0
[ 4523743ms] [INFO] %cDownload the React DevTools for a better development experience: https://reactjs.org/link/react-devtools font-weight:bold @ webpack-internal:///./node_modules/react-dom/cjs/react-dom.development.js:29889
[ 4523787ms] ModuleBuildError: Module build failed (from ./node_modules/next/dist/build/webpack/loaders/next-swc-loader.js):
Error: 
  × Unexpected token `div`. Expected jsx identifier
     ╭─[C:\ahmed\ETAPE-B-CCP\app-version2\app\src\app\(dashboard)\structure-bdd\page.tsx:209:1]
 209 │   };
 210 │ 
 211 │   return (
 212 │     <div
     ·      ───
 213 │       className="group relative"
 214 │       onMouseEnter={() => setShowActions(true)}
 215 │       onMouseLeave={() => setShowActions(false)}
     ╰────


Caused by:
    Syntax Error
    at processResult (file://C:\ahmed\ETAPE-B-CCP\app-version2\app\node_modules\next\dist\compiled\webpack\bundle5.js:28:400590)
    at <unknown> (file://C:\ahmed\ETAPE-B-CCP\app-version2\app\node_modules\next\dist\compiled\webpack\bundle5.js:28:402302)
    at <unknown> (file://C:\ahmed\ETAPE-B-CCP\app-version2\app\node_modules\next\dist\compiled\loader-runner\LoaderRunner.js:1:8645)
    at <unknown> (file://C:\ahmed\ETAPE-B-CCP\app-version2\app\node_modules\next\dist\compiled\loader-runner\LoaderRunner.js:1:5019)
    at r.callback (file://C:\ahmed\ETAPE-B-CCP\app-version2\app\node_modules\next\dist\compiled\loader-runner\LoaderRunner.js:1:4039)
[ 4523782ms] [LOG] [HMR] connected @ webpack-internal:///./node_modules/next/dist/client/components/react-dev-overlay/pages/websocket.js:38
[ 4523783ms] [ERROR] ./src/app/(dashboard)/structure-bdd/page.tsx
Error: 
  × Unexpected token `div`. Expected jsx identifier
     ╭─[C:\ahmed\ETAPE-B-CCP\app-version2\app\src\app\(dashboard)\structure-bdd\page.tsx:209:1]
 209 │   };
 210 │ 
 211 │   return (
 212 │     <div
     ·      ───
 213 │       className="group relative"
 214 │       onMouseEnter={() => setShowActions(true)}
 215 │       onMouseLeave={() => setShowActions(false)}
     ╰────

Caused by:
    Syntax Error @ webpack-internal:///./node_modules/next/dist/client/components/react-dev-overlay/internal/helpers/hydration-error-info.js:62
[ 4524141ms] [ERROR] ./src/app/(dashboard)/structure-bdd/page.tsx
Error: 
  × Unexpected token `div`. Expected jsx identifier
     ╭─[C:\ahmed\ETAPE-B-CCP\app-version2\app\src\app\(dashboard)\structure-bdd\page.tsx:209:1]
 209 │   };
 210 │ 
 211 │   return (
 212 │     <div
     ·      ───
 213 │       className="group relative"
 214 │       onMouseEnter={() => setShowActions(true)}
 215 │       onMouseLeave={() => setShowActions(false)}
     ╰────

Caused by:
    Syntax Error @ webpack-internal:///./node_modules/next/dist/client/components/react-dev-overlay/internal/helpers/hydration-error-info.js:62
[ 4534339ms] [LOG] [Fast Refresh] rebuilding @ webpack-internal:///./node_modules/next/dist/client/components/react-dev-overlay/pages/hot-reloader-client.js:221
[ 4536712ms] [LOG] [Fast Refresh] rebuilding @ webpack-internal:///./node_modules/next/dist/client/components/react-dev-overlay/pages/hot-reloader-client.js:221
[ 4537718ms] [ERROR] Failed to load resource: the server responded with a status of 404 (Not Found) @ http://localhost:3000/_next/static/webpack/6a15f2863fea2c41.webpack.hot-update.json:0
[ 4537719ms] [WARNING] [Fast Refresh] performing full reload because your application had an unrecoverable error @ webpack-internal:///./node_modules/next/dist/client/components/react-dev-overlay/pages/hot-reloader-client.js:349
[ 4539724ms] [INFO] %cDownload the React DevTools for a better development experience: https://reactjs.org/link/react-devtools font-weight:bold @ webpack-internal:///(app-pages-browser)/./node_modules/next/dist/compiled/react-dom/cjs/react-dom.development.js:38559
[ 4540138ms] [LOG] [Auth] Utilisateur connecté détecté {userId: cmt3i6d290000qn8stnmxf460, role: admin, email: admin@nexaflow.com} @ webpack-internal:///(app-pages-browser)/./src/lib/procedures/client-auth.ts:15
[ 4540138ms] [LOG] [Auth] Utilisateur connecté détecté {userId: cmt3i6d290000qn8stnmxf460, role: admin, email: admin@nexaflow.com} @ webpack-internal:///(app-pages-browser)/./src/lib/procedures/client-auth.ts:15
[ 4540168ms] [LOG] [StructureBDD] render loading @ webpack-internal:///(app-pages-browser)/./src/app/(dashboard)/structure-bdd/page.tsx:1483
[ 4540168ms] [LOG] [StructureBDD] render loading @ webpack-internal:///(app-pages-browser)/./src/app/(dashboard)/structure-bdd/page.tsx:1483
[ 4540189ms] [LOG] [StructureBDD] mount @ webpack-internal:///(app-pages-browser)/./src/app/(dashboard)/structure-bdd/page.tsx:606
[ 4540191ms] [LOG] [StructureBDD] loadTrees start @ webpack-internal:///(app-pages-browser)/./src/app/(dashboard)/structure-bdd/page.tsx:475
[ 4540211ms] [LOG] [StructureBDD] mount @ webpack-internal:///(app-pages-browser)/./src/app/(dashboard)/structure-bdd/page.tsx:606
[ 4540213ms] [LOG] [StructureBDD] loadTrees start @ webpack-internal:///(app-pages-browser)/./src/app/(dashboard)/structure-bdd/page.tsx:475
[ 4540250ms] [LOG] [Auth] Utilisateur connecté détecté {userId: cmt3i6d290000qn8stnmxf460, role: admin, email: admin@nexaflow.com} @ webpack-internal:///(app-pages-browser)/./src/lib/procedures/client-auth.ts:15
[ 4540252ms] [LOG] [Auth] Utilisateur connecté détecté {userId: cmt3i6d290000qn8stnmxf460, role: admin, email: admin@nexaflow.com} @ webpack-internal:///(app-pages-browser)/./src/lib/procedures/client-auth.ts:15
[ 4540261ms] [LOG] [StructureBDD] render loading @ webpack-internal:///(app-pages-browser)/./src/app/(dashboard)/structure-bdd/page.tsx:1483
[ 4540261ms] [LOG] [StructureBDD] render loading @ webpack-internal:///(app-pages-browser)/./src/app/(dashboard)/structure-bdd/page.tsx:1483
[ 4540269ms] [LOG] [StructureBDD] mount @ webpack-internal:///(app-pages-browser)/./src/app/(dashboard)/structure-bdd/page.tsx:606
[ 4540271ms] [LOG] [StructureBDD] loadTrees start @ webpack-internal:///(app-pages-browser)/./src/app/(dashboard)/structure-bdd/page.tsx:475
[ 4540277ms] [LOG] [StructureBDD] mount @ webpack-internal:///(app-pages-browser)/./src/app/(dashboard)/structure-bdd/page.tsx:606
[ 4540278ms] [LOG] [StructureBDD] loadTrees start @ webpack-internal:///(app-pages-browser)/./src/app/(dashboard)/structure-bdd/page.tsx:475
[ 4540730ms] [LOG] [Fast Refresh] rebuilding @ webpack-internal:///(app-pages-browser)/./node_modules/next/dist/client/components/react-dev-overlay/app/hot-reloader-client.js:186
[ 4541710ms] [WARNING] [SQLite] OPFS SAH Pool indisponible, repli sur IndexedDB (SqlJsDb). Error: Missing required OPFS APIs.
    at sqlite3.installOpfsSAHPoolVfs (webpack-internal:///(app-pages-browser)/./node_modules/@sqlite.org/sqlite-wasm/dist/index.mjs:15637:284)
    at openPersistentDatabase (webpack-internal:///(app-pages-browser)/./src/lib/client-engine/sqlite.ts:24:44)
    at eval (webpack-internal:///(app-pages-browser)/./src/lib/client-engine/sqlite.ts:51:20) @ webpack-internal:///(app-pages-browser)/./src/lib/client-engine/sqlite.ts:30
[ 4541710ms] [WARNING] [SQLite] Aucun stockage OPFS persistant disponible : repli sur localStorage (les données survivront au rechargement dans la limite de stockage du navigateur). @ webpack-internal:///(app-pages-browser)/./src/lib/client-engine/sqlite.ts:34
[ 4541813ms] [LOG] [SQLite] Base de données locale initialisée @ webpack-internal:///(app-pages-browser)/./src/lib/client-engine/sqlite.ts:52
[ 4541850ms] [LOG] [VectorStore] Base de données vectorielle IndexedDB initialisée @ webpack-internal:///(app-pages-browser)/./src/lib/client-engine/vector-store.ts:92
[ 4541850ms] [LOG] [VectorStore] Base de données vectorielle IndexedDB initialisée @ webpack-internal:///(app-pages-browser)/./src/lib/client-engine/vector-store.ts:92
[ 4541850ms] [LOG] [VectorStore] Base de données vectorielle IndexedDB initialisée @ webpack-internal:///(app-pages-browser)/./src/lib/client-engine/vector-store.ts:92
[ 4541850ms] [LOG] [VectorStore] Base de données vectorielle IndexedDB initialisée @ webpack-internal:///(app-pages-browser)/./src/lib/client-engine/vector-store.ts:92
[ 4541852ms] [LOG] [JsonStore] Base de données JSON IndexedDB initialisée @ webpack-internal:///(app-pages-browser)/./src/lib/client-engine/json-store.ts:50
[ 4541852ms] [LOG] [JsonStore] Base de données JSON IndexedDB initialisée @ webpack-internal:///(app-pages-browser)/./src/lib/client-engine/json-store.ts:50
[ 4541853ms] [LOG] [JsonStore] Base de données JSON IndexedDB initialisée @ webpack-internal:///(app-pages-browser)/./src/lib/client-engine/json-store.ts:50
[ 4541853ms] [LOG] [JsonStore] Base de données JSON IndexedDB initialisée @ webpack-internal:///(app-pages-browser)/./src/lib/client-engine/json-store.ts:50
[ 4541853ms] [LOG] [ClientEngine] Initialisation terminée: {sqlite: true, vectorStore: true, jsonStore: true} @ webpack-internal:///(app-pages-browser)/./src/lib/client-engine/index.ts:77
[ 4541853ms] [LOG] [ClientEngine] Initialisation terminée: {sqlite: true, vectorStore: true, jsonStore: true} @ webpack-internal:///(app-pages-browser)/./src/lib/client-engine/index.ts:77
[ 4541854ms] [LOG] [ClientEngine] Initialisation terminée: {sqlite: true, vectorStore: true, jsonStore: true} @ webpack-internal:///(app-pages-browser)/./src/lib/client-engine/index.ts:77
[ 4541854ms] [LOG] [ClientEngine] Initialisation terminée: {sqlite: true, vectorStore: true, jsonStore: true} @ webpack-internal:///(app-pages-browser)/./src/lib/client-engine/index.ts:77
[ 4541873ms] [LOG] [StructureBDD] local tree loaded {count: 0} @ webpack-internal:///(app-pages-browser)/./src/app/(dashboard)/structure-bdd/page.tsx:504
[ 4541873ms] [LOG] [StructureBDD] local tree loaded {count: 0} @ webpack-internal:///(app-pages-browser)/./src/app/(dashboard)/structure-bdd/page.tsx:504
[ 4541874ms] [LOG] [StructureBDD] local tree loaded {count: 0} @ webpack-internal:///(app-pages-browser)/./src/app/(dashboard)/structure-bdd/page.tsx:504
[ 4541874ms] [LOG] [StructureBDD] local tree loaded {count: 0} @ webpack-internal:///(app-pages-browser)/./src/app/(dashboard)/structure-bdd/page.tsx:504
[ 4541875ms] [LOG] [StructureBDD] vector docs loaded {count: 0} @ webpack-internal:///(app-pages-browser)/./src/app/(dashboard)/structure-bdd/page.tsx:528
[ 4541875ms] [LOG] [StructureBDD] vector docs loaded {count: 0} @ webpack-internal:///(app-pages-browser)/./src/app/(dashboard)/structure-bdd/page.tsx:528
[ 4541876ms] [LOG] [StructureBDD] vector docs loaded {count: 0} @ webpack-internal:///(app-pages-browser)/./src/app/(dashboard)/structure-bdd/page.tsx:528
[ 4541876ms] [LOG] [StructureBDD] vector docs loaded {count: 0} @ webpack-internal:///(app-pages-browser)/./src/app/(dashboard)/structure-bdd/page.tsx:528
[ 4541877ms] [LOG] [StructureBDD] render loading @ webpack-internal:///(app-pages-browser)/./src/app/(dashboard)/structure-bdd/page.tsx:1483
[ 4541878ms] [LOG] [StructureBDD] render loading @ webpack-internal:///(app-pages-browser)/./src/app/(dashboard)/structure-bdd/page.tsx:1483
[ 4541879ms] [LOG] [StructureBDD] vector tree loaded {count: 0} @ webpack-internal:///(app-pages-browser)/./src/app/(dashboard)/structure-bdd/page.tsx:542
[ 4541880ms] [LOG] [StructureBDD] vector tree loaded {count: 0} @ webpack-internal:///(app-pages-browser)/./src/app/(dashboard)/structure-bdd/page.tsx:542
[ 4541880ms] [LOG] [StructureBDD] vector tree loaded {count: 0} @ webpack-internal:///(app-pages-browser)/./src/app/(dashboard)/structure-bdd/page.tsx:542
[ 4541881ms] [LOG] [StructureBDD] vector tree loaded {count: 0} @ webpack-internal:///(app-pages-browser)/./src/app/(dashboard)/structure-bdd/page.tsx:542
[ 4541882ms] [LOG] [StructureBDD] render loading @ webpack-internal:///(app-pages-browser)/./src/app/(dashboard)/structure-bdd/page.tsx:1483
[ 4541882ms] [LOG] [StructureBDD] render loading @ webpack-internal:///(app-pages-browser)/./src/app/(dashboard)/structure-bdd/page.tsx:1483
[ 4547558ms] [LOG] [StructureBDD] /api/tree status 200 @ webpack-internal:///(app-pages-browser)/./src/app/(dashboard)/structure-bdd/page.tsx:483
[ 4547563ms] [LOG] [StructureBDD] web tree loaded {count: 7} @ webpack-internal:///(app-pages-browser)/./src/app/(dashboard)/structure-bdd/page.tsx:491
[ 4547745ms] [LOG] [StructureBDD] /api/images/tree status 200 @ webpack-internal:///(app-pages-browser)/./src/app/(dashboard)/structure-bdd/page.tsx:569
[ 4547746ms] [LOG] [StructureBDD] image tree loaded {count: 2} @ webpack-internal:///(app-pages-browser)/./src/app/(dashboard)/structure-bdd/page.tsx:574
[ 4550371ms] [LOG] [StructureBDD] /api/tree status 200 @ webpack-internal:///(app-pages-browser)/./src/app/(dashboard)/structure-bdd/page.tsx:483
[ 4550374ms] [LOG] [StructureBDD] web tree loaded {count: 7} @ webpack-internal:///(app-pages-browser)/./src/app/(dashboard)/structure-bdd/page.tsx:491
[ 4550639ms] [LOG] [StructureBDD] /api/images/tree status 200 @ webpack-internal:///(app-pages-browser)/./src/app/(dashboard)/structure-bdd/page.tsx:569
[ 4550640ms] [LOG] [StructureBDD] image tree loaded {count: 2} @ webpack-internal:///(app-pages-browser)/./src/app/(dashboard)/structure-bdd/page.tsx:574
[ 4550698ms] [LOG] [StructureBDD] render loading @ webpack-internal:///(app-pages-browser)/./src/app/(dashboard)/structure-bdd/page.tsx:1483
[ 4550699ms] [LOG] [StructureBDD] render loading @ webpack-internal:///(app-pages-browser)/./src/app/(dashboard)/structure-bdd/page.tsx:1483
[ 4550979ms] [LOG] [StructureBDD] render loading @ webpack-internal:///(app-pages-browser)/./src/app/(dashboard)/structure-bdd/page.tsx:1483
[ 4550980ms] [LOG] [StructureBDD] render loading @ webpack-internal:///(app-pages-browser)/./src/app/(dashboard)/structure-bdd/page.tsx:1483
[ 4552275ms] [LOG] [StructureBDD] /api/tree status 200 @ webpack-internal:///(app-pages-browser)/./src/app/(dashboard)/structure-bdd/page.tsx:483
[ 4552277ms] [LOG] [StructureBDD] web tree loaded {count: 7} @ webpack-internal:///(app-pages-browser)/./src/app/(dashboard)/structure-bdd/page.tsx:491
[ 4552279ms] [LOG] [StructureBDD] render loading @ webpack-internal:///(app-pages-browser)/./src/app/(dashboard)/structure-bdd/page.tsx:1483
[ 4552279ms] [LOG] [StructureBDD] render loading @ webpack-internal:///(app-pages-browser)/./src/app/(dashboard)/structure-bdd/page.tsx:1483
[ 4552432ms] [LOG] [StructureBDD] /api/images/tree status 200 @ webpack-internal:///(app-pages-browser)/./src/app/(dashboard)/structure-bdd/page.tsx:569
[ 4552432ms] [LOG] [StructureBDD] image tree loaded {count: 2} @ webpack-internal:///(app-pages-browser)/./src/app/(dashboard)/structure-bdd/page.tsx:574
[ 4552434ms] [LOG] [StructureBDD] render loading @ webpack-internal:///(app-pages-browser)/./src/app/(dashboard)/structure-bdd/page.tsx:1483
[ 4552435ms] [LOG] [StructureBDD] render loading @ webpack-internal:///(app-pages-browser)/./src/app/(dashboard)/structure-bdd/page.tsx:1483
[ 4552547ms] [LOG] [StructureBDD] render loading @ webpack-internal:///(app-pages-browser)/./src/app/(dashboard)/structure-bdd/page.tsx:1489
[ 4552548ms] [LOG] [StructureBDD] render loading @ webpack-internal:///(app-pages-browser)/./src/app/(dashboard)/structure-bdd/page.tsx:1489
[ 4552550ms] [LOG] [StructureBDD] mount @ webpack-internal:///(app-pages-browser)/./src/app/(dashboard)/structure-bdd/page.tsx:606
[ 4552553ms] [LOG] [StructureBDD] loadTrees start @ webpack-internal:///(app-pages-browser)/./src/app/(dashboard)/structure-bdd/page.tsx:475
[ 4552564ms] [LOG] [Fast Refresh] done in 11836ms @ webpack-internal:///(app-pages-browser)/./node_modules/next/dist/client/components/react-dev-overlay/app/hot-reloader-client.js:43
[ 4552567ms] [LOG] [StructureBDD] local tree loaded {count: 0} @ webpack-internal:///(app-pages-browser)/./src/app/(dashboard)/structure-bdd/page.tsx:504
[ 4552569ms] [LOG] [StructureBDD] render loading @ webpack-internal:///(app-pages-browser)/./src/app/(dashboard)/structure-bdd/page.tsx:1489
[ 4552569ms] [LOG] [StructureBDD] render loading @ webpack-internal:///(app-pages-browser)/./src/app/(dashboard)/structure-bdd/page.tsx:1489
[ 4552570ms] [LOG] [StructureBDD] vector docs loaded {count: 0} @ webpack-internal:///(app-pages-browser)/./src/app/(dashboard)/structure-bdd/page.tsx:528
[ 4552572ms] [LOG] [StructureBDD] render loading @ webpack-internal:///(app-pages-browser)/./src/app/(dashboard)/structure-bdd/page.tsx:1489
[ 4552572ms] [LOG] [StructureBDD] render loading @ webpack-internal:///(app-pages-browser)/./src/app/(dashboard)/structure-bdd/page.tsx:1489
[ 4552573ms] [LOG] [StructureBDD] vector tree loaded {count: 0} @ webpack-internal:///(app-pages-browser)/./src/app/(dashboard)/structure-bdd/page.tsx:542
[ 4552575ms] [LOG] [StructureBDD] render loading @ webpack-internal:///(app-pages-browser)/./src/app/(dashboard)/structure-bdd/page.tsx:1489
[ 4552575ms] [LOG] [StructureBDD] render loading @ webpack-internal:///(app-pages-browser)/./src/app/(dashboard)/structure-bdd/page.tsx:1489
[ 4553933ms] [LOG] [StructureBDD] /api/tree status 200 @ webpack-internal:///(app-pages-browser)/./src/app/(dashboard)/structure-bdd/page.tsx:483
[ 4553935ms] [LOG] [StructureBDD] web tree loaded {count: 7} @ webpack-internal:///(app-pages-browser)/./src/app/(dashboard)/structure-bdd/page.tsx:491
[ 4553936ms] [LOG] [StructureBDD] render loading @ webpack-internal:///(app-pages-browser)/./src/app/(dashboard)/structure-bdd/page.tsx:1489
[ 4553937ms] [LOG] [StructureBDD] render loading @ webpack-internal:///(app-pages-browser)/./src/app/(dashboard)/structure-bdd/page.tsx:1489
[ 4554019ms] [LOG] [StructureBDD] /api/images/tree status 200 @ webpack-internal:///(app-pages-browser)/./src/app/(dashboard)/structure-bdd/page.tsx:569
[ 4554020ms] [LOG] [StructureBDD] image tree loaded {count: 2} @ webpack-internal:///(app-pages-browser)/./src/app/(dashboard)/structure-bdd/page.tsx:574
[ 4554021ms] [LOG] [StructureBDD] render loading @ webpack-internal:///(app-pages-browser)/./src/app/(dashboard)/structure-bdd/page.tsx:1489
[ 4554022ms] [LOG] [StructureBDD] render loading @ webpack-internal:///(app-pages-browser)/./src/app/(dashboard)/structure-bdd/page.tsx:1489
[ 4554063ms] [LOG] [StructureBDD] render result {web: 7, local: 0, vector: 0, images: 2, webError: false} @ webpack-internal:///(app-pages-browser)/./src/app/(dashboard)/structure-bdd/page.tsx:1506
[ 4554066ms] [LOG] [StructureBDD] render result {web: 7, local: 0, vector: 0, images: 2, webError: false} @ webpack-internal:///(app-pages-browser)/./src/app/(dashboard)/structure-bdd/page.tsx:1506
[ 4554421ms] [LOG] [StructureBDD] /api/images/tree status 200 @ webpack-internal:///(app-pages-browser)/./src/app/(dashboard)/structure-bdd/page.tsx:569
[ 4554422ms] [LOG] [StructureBDD] image tree loaded {count: 2} @ webpack-internal:///(app-pages-browser)/./src/app/(dashboard)/structure-bdd/page.tsx:574
[ 4554423ms] [LOG] [StructureBDD] render result {web: 7, local: 0, vector: 0, images: 2, webError: false} @ webpack-internal:///(app-pages-browser)/./src/app/(dashboard)/structure-bdd/page.tsx:1506
[ 4554424ms] [LOG] [StructureBDD] render result {web: 7, local: 0, vector: 0, images: 2, webError: false} @ webpack-internal:///(app-pages-browser)/./src/app/(dashboard)/structure-bdd/page.tsx:1506
[ 4554473ms] [LOG] [StructureBDD] /api/tree status 200 @ webpack-internal:///(app-pages-browser)/./src/app/(dashboard)/structure-bdd/page.tsx:483
[ 4554475ms] [LOG] [StructureBDD] web tree loaded {count: 7} @ webpack-internal:///(app-pages-browser)/./src/app/(dashboard)/structure-bdd/page.tsx:491
[ 4554478ms] [LOG] [StructureBDD] render result {web: 7, local: 0, vector: 0, images: 2, webError: false} @ webpack-internal:///(app-pages-browser)/./src/app/(dashboard)/structure-bdd/page.tsx:1506
[ 4554479ms] [LOG] [StructureBDD] render result {web: 7, local: 0, vector: 0, images: 2, webError: false} @ webpack-internal:///(app-pages-browser)/./src/app/(dashboard)/structure-bdd/page.tsx:1506
[ 4554577ms] [LOG] [StructureBDD] render result {web: 7, local: 0, vector: 0, images: 2, webError: false} @ webpack-internal:///(app-pages-browser)/./src/app/(dashboard)/structure-bdd/page.tsx:1506
[ 4554578ms] [LOG] [StructureBDD] render result {web: 7, local: 0, vector: 0, images: 2, webError: false} @ webpack-internal:///(app-pages-browser)/./src/app/(dashboard)/structure-bdd/page.tsx:1506
[ 4554725ms] [LOG] [StructureBDD] render result {web: 7, local: 0, vector: 0, images: 2, webError: false} @ webpack-internal:///(app-pages-browser)/./src/app/(dashboard)/structure-bdd/page.tsx:1506
[ 4554726ms] [LOG] [StructureBDD] render result {web: 7, local: 0, vector: 0, images: 2, webError: false} @ webpack-internal:///(app-pages-browser)/./src/app/(dashboard)/structure-bdd/page.tsx:1506
[ 5009197ms] [LOG] [Fast Refresh] rebuilding @ webpack-internal:///(app-pages-browser)/./node_modules/next/dist/client/components/react-dev-overlay/app/hot-reloader-client.js:186
[ 5011590ms] [LOG] [Fast Refresh] done in 2392ms @ webpack-internal:///(app-pages-browser)/./node_modules/next/dist/client/components/react-dev-overlay/app/hot-reloader-client.js:43
[ 5013479ms] [LOG] [StructureBDD] render result {web: 7, local: 0, vector: 0, images: 2, webError: false} @ webpack-internal:///(app-pages-browser)/./src/app/(dashboard)/structure-bdd/page.tsx:1506
[ 5013480ms] [LOG] [StructureBDD] render result {web: 7, local: 0, vector: 0, images: 2, webError: false} @ webpack-internal:///(app-pages-browser)/./src/app/(dashboard)/structure-bdd/page.tsx:1506
[ 5100056ms] [LOG] [Fast Refresh] rebuilding @ webpack-internal:///(app-pages-browser)/./node_modules/next/dist/client/components/react-dev-overlay/app/hot-reloader-client.js:186
[ 5102048ms] [LOG] [Fast Refresh] rebuilding @ webpack-internal:///(app-pages-browser)/./node_modules/next/dist/client/components/react-dev-overlay/app/hot-reloader-client.js:186
[ 5102202ms] [LOG] [Fast Refresh] done in 153ms @ webpack-internal:///(app-pages-browser)/./node_modules/next/dist/client/components/react-dev-overlay/app/hot-reloader-client.js:43
[ 5105689ms] [LOG] [Fast Refresh] done in 3640ms @ webpack-internal:///(app-pages-browser)/./node_modules/next/dist/client/components/react-dev-overlay/app/hot-reloader-client.js:43
[ 5106712ms] [LOG] [StructureBDD] render result {web: 7, local: 0, vector: 0, images: 2, webError: false} @ webpack-internal:///(app-pages-browser)/./src/app/(dashboard)/structure-bdd/page.tsx:1506
[ 5106713ms] [LOG] [StructureBDD] render result {web: 7, local: 0, vector: 0, images: 2, webError: false} @ webpack-internal:///(app-pages-browser)/./src/app/(dashboard)/structure-bdd/page.tsx:1506
[ 5116036ms] [LOG] [Fast Refresh] rebuilding @ webpack-internal:///(app-pages-browser)/./node_modules/next/dist/client/components/react-dev-overlay/app/hot-reloader-client.js:186
[ 5117320ms] [LOG] [Fast Refresh] rebuilding @ webpack-internal:///(app-pages-browser)/./node_modules/next/dist/client/components/react-dev-overlay/app/hot-reloader-client.js:186
[ 5117468ms] [LOG] [Fast Refresh] done in 147ms @ webpack-internal:///(app-pages-browser)/./node_modules/next/dist/client/components/react-dev-overlay/app/hot-reloader-client.js:43
[ 5119583ms] [LOG] [Fast Refresh] done in 2262ms @ webpack-internal:///(app-pages-browser)/./node_modules/next/dist/client/components/react-dev-overlay/app/hot-reloader-client.js:43
[ 5120545ms] [LOG] [StructureBDD] render result {web: 7, local: 0, vector: 0, images: 2, webError: false} @ webpack-internal:///(app-pages-browser)/./src/app/(dashboard)/structure-bdd/page.tsx:1506
[ 5120546ms] [LOG] [StructureBDD] render result {web: 7, local: 0, vector: 0, images: 2, webError: false} @ webpack-internal:///(app-pages-browser)/./src/app/(dashboard)/structure-bdd/page.tsx:1506
[ 5160237ms] [LOG] [Fast Refresh] rebuilding @ webpack-internal:///(app-pages-browser)/./node_modules/next/dist/client/components/react-dev-overlay/app/hot-reloader-client.js:186
[ 5164536ms] [LOG] [StructureBDD] render result {web: 7, local: 0, vector: 0, images: 2, webError: false} @ webpack-internal:///(app-pages-browser)/./src/app/(dashboard)/structure-bdd/page.tsx:1506
[ 5164538ms] [LOG] [StructureBDD] render result {web: 7, local: 0, vector: 0, images: 2, webError: false} @ webpack-internal:///(app-pages-browser)/./src/app/(dashboard)/structure-bdd/page.tsx:1506
[ 5164572ms] [LOG] [StructureBDD] mount @ webpack-internal:///(app-pages-browser)/./src/app/(dashboard)/structure-bdd/page.tsx:606
[ 5164574ms] [LOG] [StructureBDD] loadTrees start @ webpack-internal:///(app-pages-browser)/./src/app/(dashboard)/structure-bdd/page.tsx:475
[ 5164589ms] [LOG] [Fast Refresh] done in 4351ms @ webpack-internal:///(app-pages-browser)/./node_modules/next/dist/client/components/react-dev-overlay/app/hot-reloader-client.js:43
[ 5164590ms] [LOG] [StructureBDD] local tree loaded {count: 0} @ webpack-internal:///(app-pages-browser)/./src/app/(dashboard)/structure-bdd/page.tsx:504
[ 5164591ms] [LOG] [StructureBDD] render loading @ webpack-internal:///(app-pages-browser)/./src/app/(dashboard)/structure-bdd/page.tsx:1489
[ 5164591ms] [LOG] [StructureBDD] render loading @ webpack-internal:///(app-pages-browser)/./src/app/(dashboard)/structure-bdd/page.tsx:1489
[ 5164600ms] [LOG] [StructureBDD] vector docs loaded {count: 0} @ webpack-internal:///(app-pages-browser)/./src/app/(dashboard)/structure-bdd/page.tsx:528
[ 5164601ms] [LOG] [StructureBDD] render loading @ webpack-internal:///(app-pages-browser)/./src/app/(dashboard)/structure-bdd/page.tsx:1489
[ 5164602ms] [LOG] [StructureBDD] render loading @ webpack-internal:///(app-pages-browser)/./src/app/(dashboard)/structure-bdd/page.tsx:1489
[ 5164603ms] [LOG] [StructureBDD] vector tree loaded {count: 0} @ webpack-internal:///(app-pages-browser)/./src/app/(dashboard)/structure-bdd/page.tsx:542
[ 5164604ms] [LOG] [StructureBDD] render loading @ webpack-internal:///(app-pages-browser)/./src/app/(dashboard)/structure-bdd/page.tsx:1489
[ 5164605ms] [LOG] [StructureBDD] render loading @ webpack-internal:///(app-pages-browser)/./src/app/(dashboard)/structure-bdd/page.tsx:1489
[ 5164978ms] [LOG] [StructureBDD] render loading @ webpack-internal:///(app-pages-browser)/./src/app/(dashboard)/structure-bdd/page.tsx:1489
[ 5164979ms] [LOG] [StructureBDD] render loading @ webpack-internal:///(app-pages-browser)/./src/app/(dashboard)/structure-bdd/page.tsx:1489
[ 5166620ms] [LOG] [StructureBDD] /api/images/tree status 200 @ webpack-internal:///(app-pages-browser)/./src/app/(dashboard)/structure-bdd/page.tsx:569
[ 5166621ms] [LOG] [StructureBDD] image tree loaded {count: 2} @ webpack-internal:///(app-pages-browser)/./src/app/(dashboard)/structure-bdd/page.tsx:574
[ 5166622ms] [LOG] [StructureBDD] render loading @ webpack-internal:///(app-pages-browser)/./src/app/(dashboard)/structure-bdd/page.tsx:1489
[ 5166622ms] [LOG] [StructureBDD] render loading @ webpack-internal:///(app-pages-browser)/./src/app/(dashboard)/structure-bdd/page.tsx:1489
[ 5166895ms] [LOG] [StructureBDD] /api/tree status 200 @ webpack-internal:///(app-pages-browser)/./src/app/(dashboard)/structure-bdd/page.tsx:483
[ 5166898ms] [LOG] [StructureBDD] web tree loaded {count: 7} @ webpack-internal:///(app-pages-browser)/./src/app/(dashboard)/structure-bdd/page.tsx:491
[ 5166901ms] [LOG] [StructureBDD] render loading @ webpack-internal:///(app-pages-browser)/./src/app/(dashboard)/structure-bdd/page.tsx:1489
[ 5166901ms] [LOG] [StructureBDD] render loading @ webpack-internal:///(app-pages-browser)/./src/app/(dashboard)/structure-bdd/page.tsx:1489
[ 5166961ms] [LOG] [StructureBDD] render loading @ webpack-internal:///(app-pages-browser)/./src/app/(dashboard)/structure-bdd/page.tsx:1489
[ 5166961ms] [LOG] [StructureBDD] render loading @ webpack-internal:///(app-pages-browser)/./src/app/(dashboard)/structure-bdd/page.tsx:1489
[ 5168122ms] [LOG] [StructureBDD] render result {web: 7, local: 0, vector: 0, images: 2, webError: false} @ webpack-internal:///(app-pages-browser)/./src/app/(dashboard)/structure-bdd/page.tsx:1506
[ 5168123ms] [LOG] [StructureBDD] render result {web: 7, local: 0, vector: 0, images: 2, webError: false} @ webpack-internal:///(app-pages-browser)/./src/app/(dashboard)/structure-bdd/page.tsx:1506
[ 5191529ms] [LOG] [Fast Refresh] rebuilding @ webpack-internal:///(app-pages-browser)/./node_modules/next/dist/client/components/react-dev-overlay/app/hot-reloader-client.js:186
[ 5194381ms] [LOG] [StructureBDD] render loading @ webpack-internal:///(app-pages-browser)/./src/app/(dashboard)/structure-bdd/page.tsx:1492
[ 5194382ms] [LOG] [StructureBDD] render loading @ webpack-internal:///(app-pages-browser)/./src/app/(dashboard)/structure-bdd/page.tsx:1492
[ 5194386ms] [LOG] [StructureBDD] mount @ webpack-internal:///(app-pages-browser)/./src/app/(dashboard)/structure-bdd/page.tsx:609
[ 5194389ms] [LOG] [StructureBDD] loadTrees start @ webpack-internal:///(app-pages-browser)/./src/app/(dashboard)/structure-bdd/page.tsx:478
[ 5194396ms] [LOG] [StructureBDD] mount @ webpack-internal:///(app-pages-browser)/./src/app/(dashboard)/structure-bdd/page.tsx:609
[ 5194397ms] [LOG] [StructureBDD] loadTrees start @ webpack-internal:///(app-pages-browser)/./src/app/(dashboard)/structure-bdd/page.tsx:478
[ 5194412ms] [LOG] [Fast Refresh] done in 2884ms @ webpack-internal:///(app-pages-browser)/./node_modules/next/dist/client/components/react-dev-overlay/app/hot-reloader-client.js:43
[ 5194413ms] [LOG] [StructureBDD] local tree loaded {count: 0} @ webpack-internal:///(app-pages-browser)/./src/app/(dashboard)/structure-bdd/page.tsx:507
[ 5194414ms] [LOG] [StructureBDD] local tree loaded {count: 0} @ webpack-internal:///(app-pages-browser)/./src/app/(dashboard)/structure-bdd/page.tsx:507
[ 5194418ms] [LOG] [StructureBDD] render loading @ webpack-internal:///(app-pages-browser)/./src/app/(dashboard)/structure-bdd/page.tsx:1492
[ 5194419ms] [LOG] [StructureBDD] render loading @ webpack-internal:///(app-pages-browser)/./src/app/(dashboard)/structure-bdd/page.tsx:1492
[ 5194421ms] [LOG] [StructureBDD] vector docs loaded {count: 0} @ webpack-internal:///(app-pages-browser)/./src/app/(dashboard)/structure-bdd/page.tsx:531
[ 5194422ms] [LOG] [StructureBDD] vector docs loaded {count: 0} @ webpack-internal:///(app-pages-browser)/./src/app/(dashboard)/structure-bdd/page.tsx:531
[ 5194423ms] [LOG] [StructureBDD] render loading @ webpack-internal:///(app-pages-browser)/./src/app/(dashboard)/structure-bdd/page.tsx:1492
[ 5194424ms] [LOG] [StructureBDD] render loading @ webpack-internal:///(app-pages-browser)/./src/app/(dashboard)/structure-bdd/page.tsx:1492
[ 5194426ms] [LOG] [StructureBDD] vector tree loaded {count: 0} @ webpack-internal:///(app-pages-browser)/./src/app/(dashboard)/structure-bdd/page.tsx:545
[ 5194428ms] [LOG] [StructureBDD] vector tree loaded {count: 0} @ webpack-internal:///(app-pages-browser)/./src/app/(dashboard)/structure-bdd/page.tsx:545
[ 5194430ms] [LOG] [StructureBDD] render loading @ webpack-internal:///(app-pages-browser)/./src/app/(dashboard)/structure-bdd/page.tsx:1492
[ 5194430ms] [LOG] [StructureBDD] render loading @ webpack-internal:///(app-pages-browser)/./src/app/(dashboard)/structure-bdd/page.tsx:1492
[ 5194849ms] [LOG] [StructureBDD] render loading @ webpack-internal:///(app-pages-browser)/./src/app/(dashboard)/structure-bdd/page.tsx:1492
[ 5194850ms] [LOG] [StructureBDD] render loading @ webpack-internal:///(app-pages-browser)/./src/app/(dashboard)/structure-bdd/page.tsx:1492
[ 5194973ms] [LOG] [StructureBDD] /api/images/tree status 200 @ webpack-internal:///(app-pages-browser)/./src/app/(dashboard)/structure-bdd/page.tsx:572
[ 5194974ms] [LOG] [StructureBDD] image tree loaded {count: 2} @ webpack-internal:///(app-pages-browser)/./src/app/(dashboard)/structure-bdd/page.tsx:577
[ 5194975ms] [LOG] [StructureBDD] render loading @ webpack-internal:///(app-pages-browser)/./src/app/(dashboard)/structure-bdd/page.tsx:1492
[ 5194975ms] [LOG] [StructureBDD] render loading @ webpack-internal:///(app-pages-browser)/./src/app/(dashboard)/structure-bdd/page.tsx:1492
[ 5194996ms] [LOG] [StructureBDD] /api/tree status 200 @ webpack-internal:///(app-pages-browser)/./src/app/(dashboard)/structure-bdd/page.tsx:486
[ 5194999ms] [LOG] [StructureBDD] web tree loaded {count: 7} @ webpack-internal:///(app-pages-browser)/./src/app/(dashboard)/structure-bdd/page.tsx:494
[ 5195002ms] [LOG] [StructureBDD] render loading @ webpack-internal:///(app-pages-browser)/./src/app/(dashboard)/structure-bdd/page.tsx:1492
[ 5195002ms] [LOG] [StructureBDD] render loading @ webpack-internal:///(app-pages-browser)/./src/app/(dashboard)/structure-bdd/page.tsx:1492
[ 5195348ms] [LOG] [StructureBDD] /api/images/tree status 200 @ webpack-internal:///(app-pages-browser)/./src/app/(dashboard)/structure-bdd/page.tsx:572
[ 5195349ms] [LOG] [StructureBDD] image tree loaded {count: 2} @ webpack-internal:///(app-pages-browser)/./src/app/(dashboard)/structure-bdd/page.tsx:577
[ 5195350ms] [LOG] [StructureBDD] render loading @ webpack-internal:///(app-pages-browser)/./src/app/(dashboard)/structure-bdd/page.tsx:1492
[ 5195351ms] [LOG] [StructureBDD] render loading @ webpack-internal:///(app-pages-browser)/./src/app/(dashboard)/structure-bdd/page.tsx:1492
[ 5195370ms] [LOG] [StructureBDD] /api/tree status 200 @ webpack-internal:///(app-pages-browser)/./src/app/(dashboard)/structure-bdd/page.tsx:486
[ 5195374ms] [LOG] [StructureBDD] web tree loaded {count: 7} @ webpack-internal:///(app-pages-browser)/./src/app/(dashboard)/structure-bdd/page.tsx:494
[ 5195377ms] [LOG] [StructureBDD] render loading @ webpack-internal:///(app-pages-browser)/./src/app/(dashboard)/structure-bdd/page.tsx:1492
[ 5195378ms] [LOG] [StructureBDD] render loading @ webpack-internal:///(app-pages-browser)/./src/app/(dashboard)/structure-bdd/page.tsx:1492
[ 5195395ms] [LOG] [StructureBDD] render result {web: 7, local: 0, vector: 0, images: 2, webError: false} @ webpack-internal:///(app-pages-browser)/./src/app/(dashboard)/structure-bdd/page.tsx:1509
[ 5195397ms] [LOG] [StructureBDD] render result {web: 7, local: 0, vector: 0, images: 2, webError: false} @ webpack-internal:///(app-pages-browser)/./src/app/(dashboard)/structure-bdd/page.tsx:1509
[ 5195561ms] [LOG] [StructureBDD] render result {web: 7, local: 0, vector: 0, images: 2, webError: false} @ webpack-internal:///(app-pages-browser)/./src/app/(dashboard)/structure-bdd/page.tsx:1509
[ 5195562ms] [LOG] [StructureBDD] render result {web: 7, local: 0, vector: 0, images: 2, webError: false} @ webpack-internal:///(app-pages-browser)/./src/app/(dashboard)/structure-bdd/page.tsx:1509
[ 5253938ms] [LOG] [Fast Refresh] rebuilding @ webpack-internal:///(app-pages-browser)/./node_modules/next/dist/client/components/react-dev-overlay/app/hot-reloader-client.js:186
[ 5261226ms] [LOG] [StructureBDD] render result {web: 7, local: 0, vector: 0, images: 2, webError: false} @ webpack-internal:///(app-pages-browser)/./src/app/(dashboard)/structure-bdd/page.tsx:1522
[ 5261228ms] [LOG] [StructureBDD] render result {web: 7, local: 0, vector: 0, images: 2, webError: false} @ webpack-internal:///(app-pages-browser)/./src/app/(dashboard)/structure-bdd/page.tsx:1522
[ 5261283ms] [LOG] [StructureBDD] mount @ webpack-internal:///(app-pages-browser)/./src/app/(dashboard)/structure-bdd/page.tsx:609
[ 5261285ms] [LOG] [StructureBDD] loadTrees start @ webpack-internal:///(app-pages-browser)/./src/app/(dashboard)/structure-bdd/page.tsx:478
[ 5261296ms] [LOG] [Fast Refresh] done in 7357ms @ webpack-internal:///(app-pages-browser)/./node_modules/next/dist/client/components/react-dev-overlay/app/hot-reloader-client.js:43
[ 5261298ms] [LOG] [StructureBDD] local tree loaded {count: 0} @ webpack-internal:///(app-pages-browser)/./src/app/(dashboard)/structure-bdd/page.tsx:507
[ 5261300ms] [LOG] [StructureBDD] render loading @ webpack-internal:///(app-pages-browser)/./src/app/(dashboard)/structure-bdd/page.tsx:1505
[ 5261300ms] [LOG] [StructureBDD] render loading @ webpack-internal:///(app-pages-browser)/./src/app/(dashboard)/structure-bdd/page.tsx:1505
[ 5261314ms] [LOG] [StructureBDD] vector docs loaded {count: 0} @ webpack-internal:///(app-pages-browser)/./src/app/(dashboard)/structure-bdd/page.tsx:531
[ 5261316ms] [LOG] [StructureBDD] render loading @ webpack-internal:///(app-pages-browser)/./src/app/(dashboard)/structure-bdd/page.tsx:1505
[ 5261317ms] [LOG] [StructureBDD] render loading @ webpack-internal:///(app-pages-browser)/./src/app/(dashboard)/structure-bdd/page.tsx:1505
[ 5261319ms] [LOG] [StructureBDD] vector tree loaded {count: 0} @ webpack-internal:///(app-pages-browser)/./src/app/(dashboard)/structure-bdd/page.tsx:545
[ 5261325ms] [LOG] [StructureBDD] render loading @ webpack-internal:///(app-pages-browser)/./src/app/(dashboard)/structure-bdd/page.tsx:1505
[ 5261325ms] [LOG] [StructureBDD] render loading @ webpack-internal:///(app-pages-browser)/./src/app/(dashboard)/structure-bdd/page.tsx:1505
[ 5261558ms] [LOG] [StructureBDD] render loading @ webpack-internal:///(app-pages-browser)/./src/app/(dashboard)/structure-bdd/page.tsx:1505
[ 5261559ms] [LOG] [StructureBDD] render loading @ webpack-internal:///(app-pages-browser)/./src/app/(dashboard)/structure-bdd/page.tsx:1505
[ 5261740ms] [LOG] [StructureBDD] /api/images/tree status 200 @ webpack-internal:///(app-pages-browser)/./src/app/(dashboard)/structure-bdd/page.tsx:572
[ 5261741ms] [LOG] [StructureBDD] image tree loaded {count: 2} @ webpack-internal:///(app-pages-browser)/./src/app/(dashboard)/structure-bdd/page.tsx:577
[ 5261742ms] [LOG] [StructureBDD] render loading @ webpack-internal:///(app-pages-browser)/./src/app/(dashboard)/structure-bdd/page.tsx:1505
[ 5261742ms] [LOG] [StructureBDD] render loading @ webpack-internal:///(app-pages-browser)/./src/app/(dashboard)/structure-bdd/page.tsx:1505
[ 5261762ms] [LOG] [StructureBDD] /api/tree status 200 @ webpack-internal:///(app-pages-browser)/./src/app/(dashboard)/structure-bdd/page.tsx:486
[ 5261765ms] [LOG] [StructureBDD] web tree loaded {count: 7} @ webpack-internal:///(app-pages-browser)/./src/app/(dashboard)/structure-bdd/page.tsx:494
[ 5261769ms] [LOG] [StructureBDD] render loading @ webpack-internal:///(app-pages-browser)/./src/app/(dashboard)/structure-bdd/page.tsx:1505
[ 5261769ms] [LOG] [StructureBDD] render loading @ webpack-internal:///(app-pages-browser)/./src/app/(dashboard)/structure-bdd/page.tsx:1505
[ 5261922ms] [LOG] [StructureBDD] render result {web: 7, local: 0, vector: 0, images: 2, webError: false} @ webpack-internal:///(app-pages-browser)/./src/app/(dashboard)/structure-bdd/page.tsx:1522
[ 5261923ms] [LOG] [StructureBDD] render result {web: 7, local: 0, vector: 0, images: 2, webError: false} @ webpack-internal:///(app-pages-browser)/./src/app/(dashboard)/structure-bdd/page.tsx:1522
[ 5303531ms] [LOG] [Fast Refresh] rebuilding @ webpack-internal:///(app-pages-browser)/./node_modules/next/dist/client/components/react-dev-overlay/app/hot-reloader-client.js:186
[ 5306568ms] [LOG] [StructureBDD] render result {web: 7, local: 0, vector: 0, images: 2, webError: false} @ webpack-internal:///(app-pages-browser)/./src/app/(dashboard)/structure-bdd/page.tsx:1600
[ 5306570ms] [LOG] [StructureBDD] render result {web: 7, local: 0, vector: 0, images: 2, webError: false} @ webpack-internal:///(app-pages-browser)/./src/app/(dashboard)/structure-bdd/page.tsx:1600
[ 5306610ms] [LOG] [StructureBDD] mount @ webpack-internal:///(app-pages-browser)/./src/app/(dashboard)/structure-bdd/page.tsx:609
[ 5306612ms] [LOG] [StructureBDD] loadTrees start @ webpack-internal:///(app-pages-browser)/./src/app/(dashboard)/structure-bdd/page.tsx:478
[ 5306623ms] [LOG] [Fast Refresh] done in 3092ms @ webpack-internal:///(app-pages-browser)/./node_modules/next/dist/client/components/react-dev-overlay/app/hot-reloader-client.js:43
[ 5306624ms] [LOG] [StructureBDD] local tree loaded {count: 0} @ webpack-internal:///(app-pages-browser)/./src/app/(dashboard)/structure-bdd/page.tsx:507
[ 5306626ms] [LOG] [StructureBDD] render loading @ webpack-internal:///(app-pages-browser)/./src/app/(dashboard)/structure-bdd/page.tsx:1583
[ 5306626ms] [LOG] [StructureBDD] render loading @ webpack-internal:///(app-pages-browser)/./src/app/(dashboard)/structure-bdd/page.tsx:1583
[ 5306636ms] [LOG] [StructureBDD] vector docs loaded {count: 0} @ webpack-internal:///(app-pages-browser)/./src/app/(dashboard)/structure-bdd/page.tsx:531
[ 5306638ms] [LOG] [StructureBDD] render loading @ webpack-internal:///(app-pages-browser)/./src/app/(dashboard)/structure-bdd/page.tsx:1583
[ 5306639ms] [LOG] [StructureBDD] render loading @ webpack-internal:///(app-pages-browser)/./src/app/(dashboard)/structure-bdd/page.tsx:1583
[ 5306640ms] [LOG] [StructureBDD] vector tree loaded {count: 0} @ webpack-internal:///(app-pages-browser)/./src/app/(dashboard)/structure-bdd/page.tsx:545
[ 5306642ms] [LOG] [StructureBDD] render loading @ webpack-internal:///(app-pages-browser)/./src/app/(dashboard)/structure-bdd/page.tsx:1583
[ 5306643ms] [LOG] [StructureBDD] render loading @ webpack-internal:///(app-pages-browser)/./src/app/(dashboard)/structure-bdd/page.tsx:1583
[ 5306970ms] [LOG] [StructureBDD] render loading @ webpack-internal:///(app-pages-browser)/./src/app/(dashboard)/structure-bdd/page.tsx:1583
[ 5306970ms] [LOG] [StructureBDD] render loading @ webpack-internal:///(app-pages-browser)/./src/app/(dashboard)/structure-bdd/page.tsx:1583
[ 5307242ms] [LOG] [StructureBDD] /api/images/tree status 200 @ webpack-internal:///(app-pages-browser)/./src/app/(dashboard)/structure-bdd/page.tsx:572
[ 5307243ms] [LOG] [StructureBDD] image tree loaded {count: 2} @ webpack-internal:///(app-pages-browser)/./src/app/(dashboard)/structure-bdd/page.tsx:577
[ 5307244ms] [LOG] [StructureBDD] render loading @ webpack-internal:///(app-pages-browser)/./src/app/(dashboard)/structure-bdd/page.tsx:1583
[ 5307245ms] [LOG] [StructureBDD] render loading @ webpack-internal:///(app-pages-browser)/./src/app/(dashboard)/structure-bdd/page.tsx:1583
[ 5307270ms] [LOG] [StructureBDD] /api/tree status 200 @ webpack-internal:///(app-pages-browser)/./src/app/(dashboard)/structure-bdd/page.tsx:486
[ 5307274ms] [LOG] [StructureBDD] web tree loaded {count: 7} @ webpack-internal:///(app-pages-browser)/./src/app/(dashboard)/structure-bdd/page.tsx:494
[ 5307276ms] [LOG] [StructureBDD] render loading @ webpack-internal:///(app-pages-browser)/./src/app/(dashboard)/structure-bdd/page.tsx:1583
[ 5307276ms] [LOG] [StructureBDD] render loading @ webpack-internal:///(app-pages-browser)/./src/app/(dashboard)/structure-bdd/page.tsx:1583
[ 5307422ms] [LOG] [StructureBDD] render result {web: 7, local: 0, vector: 0, images: 2, webError: false} @ webpack-internal:///(app-pages-browser)/./src/app/(dashboard)/structure-bdd/page.tsx:1600
[ 5307423ms] [LOG] [StructureBDD] render result {web: 7, local: 0, vector: 0, images: 2, webError: false} @ webpack-internal:///(app-pages-browser)/./src/app/(dashboard)/structure-bdd/page.tsx:1600
[ 5367964ms] [LOG] [Fast Refresh] rebuilding @ webpack-internal:///(app-pages-browser)/./node_modules/next/dist/client/components/react-dev-overlay/app/hot-reloader-client.js:186
[ 5371438ms] [LOG] [StructureBDD] render loading @ webpack-internal:///(app-pages-browser)/./src/app/(dashboard)/structure-bdd/page.tsx:1584
[ 5371439ms] [LOG] [StructureBDD] render loading @ webpack-internal:///(app-pages-browser)/./src/app/(dashboard)/structure-bdd/page.tsx:1584
[ 5371442ms] [LOG] [StructureBDD] mount @ webpack-internal:///(app-pages-browser)/./src/app/(dashboard)/structure-bdd/page.tsx:610
[ 5371444ms] [LOG] [StructureBDD] loadTrees start @ webpack-internal:///(app-pages-browser)/./src/app/(dashboard)/structure-bdd/page.tsx:479
[ 5371448ms] [LOG] [StructureBDD] mount @ webpack-internal:///(app-pages-browser)/./src/app/(dashboard)/structure-bdd/page.tsx:610
[ 5371449ms] [LOG] [StructureBDD] loadTrees start @ webpack-internal:///(app-pages-browser)/./src/app/(dashboard)/structure-bdd/page.tsx:479
[ 5371462ms] [LOG] [Fast Refresh] done in 3499ms @ webpack-internal:///(app-pages-browser)/./node_modules/next/dist/client/components/react-dev-overlay/app/hot-reloader-client.js:43
[ 5371463ms] [LOG] [StructureBDD] local tree loaded {count: 0} @ webpack-internal:///(app-pages-browser)/./src/app/(dashboard)/structure-bdd/page.tsx:508
[ 5371464ms] [LOG] [StructureBDD] local tree loaded {count: 0} @ webpack-internal:///(app-pages-browser)/./src/app/(dashboard)/structure-bdd/page.tsx:508
[ 5371467ms] [LOG] [StructureBDD] render loading @ webpack-internal:///(app-pages-browser)/./src/app/(dashboard)/structure-bdd/page.tsx:1584
[ 5371468ms] [LOG] [StructureBDD] render loading @ webpack-internal:///(app-pages-browser)/./src/app/(dashboard)/structure-bdd/page.tsx:1584
[ 5371469ms] [LOG] [StructureBDD] vector docs loaded {count: 0} @ webpack-internal:///(app-pages-browser)/./src/app/(dashboard)/structure-bdd/page.tsx:532
[ 5371470ms] [LOG] [StructureBDD] vector docs loaded {count: 0} @ webpack-internal:///(app-pages-browser)/./src/app/(dashboard)/structure-bdd/page.tsx:532
[ 5371471ms] [LOG] [StructureBDD] render loading @ webpack-internal:///(app-pages-browser)/./src/app/(dashboard)/structure-bdd/page.tsx:1584
[ 5371471ms] [LOG] [StructureBDD] render loading @ webpack-internal:///(app-pages-browser)/./src/app/(dashboard)/structure-bdd/page.tsx:1584
[ 5371473ms] [LOG] [StructureBDD] vector tree loaded {count: 0} @ webpack-internal:///(app-pages-browser)/./src/app/(dashboard)/structure-bdd/page.tsx:546
[ 5371474ms] [LOG] [StructureBDD] vector tree loaded {count: 0} @ webpack-internal:///(app-pages-browser)/./src/app/(dashboard)/structure-bdd/page.tsx:546
[ 5371474ms] [LOG] [StructureBDD] render loading @ webpack-internal:///(app-pages-browser)/./src/app/(dashboard)/structure-bdd/page.tsx:1584
[ 5371475ms] [LOG] [StructureBDD] render loading @ webpack-internal:///(app-pages-browser)/./src/app/(dashboard)/structure-bdd/page.tsx:1584
[ 5371762ms] [LOG] [StructureBDD] render loading @ webpack-internal:///(app-pages-browser)/./src/app/(dashboard)/structure-bdd/page.tsx:1584
[ 5371763ms] [LOG] [StructureBDD] render loading @ webpack-internal:///(app-pages-browser)/./src/app/(dashboard)/structure-bdd/page.tsx:1584
[ 5373177ms] [LOG] [StructureBDD] /api/images/tree status 200 @ webpack-internal:///(app-pages-browser)/./src/app/(dashboard)/structure-bdd/page.tsx:573
[ 5373178ms] [LOG] [StructureBDD] image tree loaded {count: 2} @ webpack-internal:///(app-pages-browser)/./src/app/(dashboard)/structure-bdd/page.tsx:578
[ 5373179ms] [LOG] [StructureBDD] render loading @ webpack-internal:///(app-pages-browser)/./src/app/(dashboard)/structure-bdd/page.tsx:1584
[ 5373180ms] [LOG] [StructureBDD] render loading @ webpack-internal:///(app-pages-browser)/./src/app/(dashboard)/structure-bdd/page.tsx:1584
[ 5373258ms] [LOG] [StructureBDD] /api/tree status 200 @ webpack-internal:///(app-pages-browser)/./src/app/(dashboard)/structure-bdd/page.tsx:487
[ 5373260ms] [LOG] [StructureBDD] web tree loaded {count: 7} @ webpack-internal:///(app-pages-browser)/./src/app/(dashboard)/structure-bdd/page.tsx:495
[ 5373263ms] [LOG] [StructureBDD] render loading @ webpack-internal:///(app-pages-browser)/./src/app/(dashboard)/structure-bdd/page.tsx:1584
[ 5373263ms] [LOG] [StructureBDD] render loading @ webpack-internal:///(app-pages-browser)/./src/app/(dashboard)/structure-bdd/page.tsx:1584
[ 5374753ms] [LOG] [StructureBDD] /api/images/tree status 200 @ webpack-internal:///(app-pages-browser)/./src/app/(dashboard)/structure-bdd/page.tsx:573
[ 5374754ms] [LOG] [StructureBDD] image tree loaded {count: 2} @ webpack-internal:///(app-pages-browser)/./src/app/(dashboard)/structure-bdd/page.tsx:578
[ 5374755ms] [LOG] [StructureBDD] render loading @ webpack-internal:///(app-pages-browser)/./src/app/(dashboard)/structure-bdd/page.tsx:1584
[ 5374756ms] [LOG] [StructureBDD] render loading @ webpack-internal:///(app-pages-browser)/./src/app/(dashboard)/structure-bdd/page.tsx:1584
[ 5374811ms] [LOG] [StructureBDD] /api/tree status 200 @ webpack-internal:///(app-pages-browser)/./src/app/(dashboard)/structure-bdd/page.tsx:487
[ 5374816ms] [LOG] [StructureBDD] web tree loaded {count: 7} @ webpack-internal:///(app-pages-browser)/./src/app/(dashboard)/structure-bdd/page.tsx:495
[ 5374819ms] [LOG] [StructureBDD] render loading @ webpack-internal:///(app-pages-browser)/./src/app/(dashboard)/structure-bdd/page.tsx:1584
[ 5374819ms] [LOG] [StructureBDD] render loading @ webpack-internal:///(app-pages-browser)/./src/app/(dashboard)/structure-bdd/page.tsx:1584
[ 5374924ms] [LOG] [StructureBDD] render result {web: 7, local: 0, vector: 0, images: 2, webError: false} @ webpack-internal:///(app-pages-browser)/./src/app/(dashboard)/structure-bdd/page.tsx:1601
[ 5374926ms] [LOG] [StructureBDD] render result {web: 7, local: 0, vector: 0, images: 2, webError: false} @ webpack-internal:///(app-pages-browser)/./src/app/(dashboard)/structure-bdd/page.tsx:1601
[ 5375118ms] [LOG] [StructureBDD] render result {web: 7, local: 0, vector: 0, images: 2, webError: false} @ webpack-internal:///(app-pages-browser)/./src/app/(dashboard)/structure-bdd/page.tsx:1601
[ 5375118ms] [LOG] [StructureBDD] render result {web: 7, local: 0, vector: 0, images: 2, webError: false} @ webpack-internal:///(app-pages-browser)/./src/app/(dashboard)/structure-bdd/page.tsx:1601
[ 5414940ms] [LOG] [Fast Refresh] rebuilding @ webpack-internal:///(app-pages-browser)/./node_modules/next/dist/client/components/react-dev-overlay/app/hot-reloader-client.js:186
[ 5418047ms] [LOG] [StructureBDD] render result {web: 7, local: 0, vector: 0, images: 2, webError: false} @ webpack-internal:///(app-pages-browser)/./src/app/(dashboard)/structure-bdd/page.tsx:1605
[ 5418049ms] [LOG] [StructureBDD] render result {web: 7, local: 0, vector: 0, images: 2, webError: false} @ webpack-internal:///(app-pages-browser)/./src/app/(dashboard)/structure-bdd/page.tsx:1605
[ 5418077ms] [LOG] [StructureBDD] mount @ webpack-internal:///(app-pages-browser)/./src/app/(dashboard)/structure-bdd/page.tsx:610
[ 5418079ms] [LOG] [StructureBDD] loadTrees start @ webpack-internal:///(app-pages-browser)/./src/app/(dashboard)/structure-bdd/page.tsx:479
[ 5418089ms] [LOG] [Fast Refresh] done in 3149ms @ webpack-internal:///(app-pages-browser)/./node_modules/next/dist/client/components/react-dev-overlay/app/hot-reloader-client.js:43
[ 5418090ms] [LOG] [StructureBDD] local tree loaded {count: 0} @ webpack-internal:///(app-pages-browser)/./src/app/(dashboard)/structure-bdd/page.tsx:508
[ 5418123ms] [LOG] [StructureBDD] render loading @ webpack-internal:///(app-pages-browser)/./src/app/(dashboard)/structure-bdd/page.tsx:1588
[ 5418124ms] [LOG] [StructureBDD] render loading @ webpack-internal:///(app-pages-browser)/./src/app/(dashboard)/structure-bdd/page.tsx:1588
[ 5418129ms] [LOG] [StructureBDD] vector docs loaded {count: 0} @ webpack-internal:///(app-pages-browser)/./src/app/(dashboard)/structure-bdd/page.tsx:532
[ 5418131ms] [LOG] [StructureBDD] render loading @ webpack-internal:///(app-pages-browser)/./src/app/(dashboard)/structure-bdd/page.tsx:1588
[ 5418131ms] [LOG] [StructureBDD] render loading @ webpack-internal:///(app-pages-browser)/./src/app/(dashboard)/structure-bdd/page.tsx:1588
[ 5418132ms] [LOG] [StructureBDD] vector tree loaded {count: 0} @ webpack-internal:///(app-pages-browser)/./src/app/(dashboard)/structure-bdd/page.tsx:546
[ 5418134ms] [LOG] [StructureBDD] render loading @ webpack-internal:///(app-pages-browser)/./src/app/(dashboard)/structure-bdd/page.tsx:1588
[ 5418135ms] [LOG] [StructureBDD] render loading @ webpack-internal:///(app-pages-browser)/./src/app/(dashboard)/structure-bdd/page.tsx:1588
[ 5418575ms] [LOG] [StructureBDD] render loading @ webpack-internal:///(app-pages-browser)/./src/app/(dashboard)/structure-bdd/page.tsx:1588
[ 5418576ms] [LOG] [StructureBDD] render loading @ webpack-internal:///(app-pages-browser)/./src/app/(dashboard)/structure-bdd/page.tsx:1588
[ 5418876ms] [LOG] [StructureBDD] /api/tree status 200 @ webpack-internal:///(app-pages-browser)/./src/app/(dashboard)/structure-bdd/page.tsx:487
[ 5418878ms] [LOG] [StructureBDD] web tree loaded {count: 7} @ webpack-internal:///(app-pages-browser)/./src/app/(dashboard)/structure-bdd/page.tsx:495
[ 5418879ms] [LOG] [StructureBDD] render loading @ webpack-internal:///(app-pages-browser)/./src/app/(dashboard)/structure-bdd/page.tsx:1588
[ 5418880ms] [LOG] [StructureBDD] render loading @ webpack-internal:///(app-pages-browser)/./src/app/(dashboard)/structure-bdd/page.tsx:1588
[ 5418908ms] [LOG] [StructureBDD] /api/images/tree status 200 @ webpack-internal:///(app-pages-browser)/./src/app/(dashboard)/structure-bdd/page.tsx:573
[ 5418909ms] [LOG] [StructureBDD] image tree loaded {count: 2} @ webpack-internal:///(app-pages-browser)/./src/app/(dashboard)/structure-bdd/page.tsx:578
[ 5418912ms] [LOG] [StructureBDD] render loading @ webpack-internal:///(app-pages-browser)/./src/app/(dashboard)/structure-bdd/page.tsx:1588
[ 5418912ms] [LOG] [StructureBDD] render loading @ webpack-internal:///(app-pages-browser)/./src/app/(dashboard)/structure-bdd/page.tsx:1588
[ 5419190ms] [LOG] [StructureBDD] render result {web: 7, local: 0, vector: 0, images: 2, webError: false} @ webpack-internal:///(app-pages-browser)/./src/app/(dashboard)/structure-bdd/page.tsx:1605
[ 5419191ms] [LOG] [StructureBDD] render result {web: 7, local: 0, vector: 0, images: 2, webError: false} @ webpack-internal:///(app-pages-browser)/./src/app/(dashboard)/structure-bdd/page.tsx:1605
[ 5443854ms] [LOG] [Fast Refresh] rebuilding @ webpack-internal:///(app-pages-browser)/./node_modules/next/dist/client/components/react-dev-overlay/app/hot-reloader-client.js:186
[ 5446483ms] [LOG] [StructureBDD] render result {web: 7, local: 0, vector: 0, images: 2, webError: false} @ webpack-internal:///(app-pages-browser)/./src/app/(dashboard)/structure-bdd/page.tsx:1608
[ 5446484ms] [LOG] [StructureBDD] render result {web: 7, local: 0, vector: 0, images: 2, webError: false} @ webpack-internal:///(app-pages-browser)/./src/app/(dashboard)/structure-bdd/page.tsx:1608
[ 5446520ms] [LOG] [StructureBDD] mount @ webpack-internal:///(app-pages-browser)/./src/app/(dashboard)/structure-bdd/page.tsx:610
[ 5446524ms] [LOG] [StructureBDD] loadTrees start @ webpack-internal:///(app-pages-browser)/./src/app/(dashboard)/structure-bdd/page.tsx:479
[ 5446533ms] [LOG] [Fast Refresh] done in 2679ms @ webpack-internal:///(app-pages-browser)/./node_modules/next/dist/client/components/react-dev-overlay/app/hot-reloader-client.js:43
[ 5446535ms] [LOG] [StructureBDD] local tree loaded {count: 0} @ webpack-internal:///(app-pages-browser)/./src/app/(dashboard)/structure-bdd/page.tsx:508
[ 5446536ms] [LOG] [StructureBDD] render loading @ webpack-internal:///(app-pages-browser)/./src/app/(dashboard)/structure-bdd/page.tsx:1591
[ 5446536ms] [LOG] [StructureBDD] render loading @ webpack-internal:///(app-pages-browser)/./src/app/(dashboard)/structure-bdd/page.tsx:1591
[ 5446544ms] [LOG] [StructureBDD] vector docs loaded {count: 0} @ webpack-internal:///(app-pages-browser)/./src/app/(dashboard)/structure-bdd/page.tsx:532
[ 5446546ms] [LOG] [StructureBDD] render loading @ webpack-internal:///(app-pages-browser)/./src/app/(dashboard)/structure-bdd/page.tsx:1591
[ 5446546ms] [LOG] [StructureBDD] render loading @ webpack-internal:///(app-pages-browser)/./src/app/(dashboard)/structure-bdd/page.tsx:1591
[ 5446555ms] [LOG] [StructureBDD] vector tree loaded {count: 0} @ webpack-internal:///(app-pages-browser)/./src/app/(dashboard)/structure-bdd/page.tsx:546
[ 5446557ms] [LOG] [StructureBDD] render loading @ webpack-internal:///(app-pages-browser)/./src/app/(dashboard)/structure-bdd/page.tsx:1591
[ 5446558ms] [LOG] [StructureBDD] render loading @ webpack-internal:///(app-pages-browser)/./src/app/(dashboard)/structure-bdd/page.tsx:1591
[ 5446972ms] [LOG] [StructureBDD] render loading @ webpack-internal:///(app-pages-browser)/./src/app/(dashboard)/structure-bdd/page.tsx:1591
[ 5446972ms] [LOG] [StructureBDD] render loading @ webpack-internal:///(app-pages-browser)/./src/app/(dashboard)/structure-bdd/page.tsx:1591
[ 5447140ms] [LOG] [StructureBDD] /api/images/tree status 200 @ webpack-internal:///(app-pages-browser)/./src/app/(dashboard)/structure-bdd/page.tsx:573
[ 5447141ms] [LOG] [StructureBDD] image tree loaded {count: 2} @ webpack-internal:///(app-pages-browser)/./src/app/(dashboard)/structure-bdd/page.tsx:578
[ 5447142ms] [LOG] [StructureBDD] render loading @ webpack-internal:///(app-pages-browser)/./src/app/(dashboard)/structure-bdd/page.tsx:1591
[ 5447142ms] [LOG] [StructureBDD] render loading @ webpack-internal:///(app-pages-browser)/./src/app/(dashboard)/structure-bdd/page.tsx:1591
[ 5447169ms] [LOG] [StructureBDD] /api/tree status 200 @ webpack-internal:///(app-pages-browser)/./src/app/(dashboard)/structure-bdd/page.tsx:487
[ 5447171ms] [LOG] [StructureBDD] web tree loaded {count: 7} @ webpack-internal:///(app-pages-browser)/./src/app/(dashboard)/structure-bdd/page.tsx:495
[ 5447174ms] [LOG] [StructureBDD] render loading @ webpack-internal:///(app-pages-browser)/./src/app/(dashboard)/structure-bdd/page.tsx:1591
[ 5447174ms] [LOG] [StructureBDD] render loading @ webpack-internal:///(app-pages-browser)/./src/app/(dashboard)/structure-bdd/page.tsx:1591
[ 5447322ms] [LOG] [StructureBDD] render result {web: 7, local: 0, vector: 0, images: 2, webError: false} @ webpack-internal:///(app-pages-browser)/./src/app/(dashboard)/structure-bdd/page.tsx:1608
[ 5447323ms] [LOG] [StructureBDD] render result {web: 7, local: 0, vector: 0, images: 2, webError: false} @ webpack-internal:///(app-pages-browser)/./src/app/(dashboard)/structure-bdd/page.tsx:1608
[ 5495561ms] [LOG] [Fast Refresh] rebuilding @ webpack-internal:///(app-pages-browser)/./node_modules/next/dist/client/components/react-dev-overlay/app/hot-reloader-client.js:186
[ 5498104ms] [LOG] [StructureBDD] render loading @ webpack-internal:///(app-pages-browser)/./src/app/(dashboard)/structure-bdd/page.tsx:1601
[ 5498105ms] [LOG] [StructureBDD] render loading @ webpack-internal:///(app-pages-browser)/./src/app/(dashboard)/structure-bdd/page.tsx:1601
[ 5498109ms] [LOG] [StructureBDD] mount @ webpack-internal:///(app-pages-browser)/./src/app/(dashboard)/structure-bdd/page.tsx:620
[ 5498112ms] [LOG] [StructureBDD] loadTrees start @ webpack-internal:///(app-pages-browser)/./src/app/(dashboard)/structure-bdd/page.tsx:489
[ 5498117ms] [LOG] [StructureBDD] mount @ webpack-internal:///(app-pages-browser)/./src/app/(dashboard)/structure-bdd/page.tsx:620
[ 5498118ms] [LOG] [StructureBDD] loadTrees start @ webpack-internal:///(app-pages-browser)/./src/app/(dashboard)/structure-bdd/page.tsx:489
[ 5498134ms] [LOG] [Fast Refresh] done in 2572ms @ webpack-internal:///(app-pages-browser)/./node_modules/next/dist/client/components/react-dev-overlay/app/hot-reloader-client.js:43
[ 5498135ms] [LOG] [StructureBDD] local tree loaded {count: 0} @ webpack-internal:///(app-pages-browser)/./src/app/(dashboard)/structure-bdd/page.tsx:518
[ 5498135ms] [LOG] [StructureBDD] local tree loaded {count: 0} @ webpack-internal:///(app-pages-browser)/./src/app/(dashboard)/structure-bdd/page.tsx:518
[ 5498140ms] [LOG] [StructureBDD] render loading @ webpack-internal:///(app-pages-browser)/./src/app/(dashboard)/structure-bdd/page.tsx:1601
[ 5498140ms] [LOG] [StructureBDD] render loading @ webpack-internal:///(app-pages-browser)/./src/app/(dashboard)/structure-bdd/page.tsx:1601
[ 5498142ms] [LOG] [StructureBDD] vector docs loaded {count: 0} @ webpack-internal:///(app-pages-browser)/./src/app/(dashboard)/structure-bdd/page.tsx:542
[ 5498142ms] [LOG] [StructureBDD] vector docs loaded {count: 0} @ webpack-internal:///(app-pages-browser)/./src/app/(dashboard)/structure-bdd/page.tsx:542
[ 5498144ms] [LOG] [StructureBDD] render loading @ webpack-internal:///(app-pages-browser)/./src/app/(dashboard)/structure-bdd/page.tsx:1601
[ 5498145ms] [LOG] [StructureBDD] render loading @ webpack-internal:///(app-pages-browser)/./src/app/(dashboard)/structure-bdd/page.tsx:1601
[ 5498152ms] [LOG] [StructureBDD] vector tree loaded {count: 0} @ webpack-internal:///(app-pages-browser)/./src/app/(dashboard)/structure-bdd/page.tsx:556
[ 5498153ms] [LOG] [StructureBDD] render loading @ webpack-internal:///(app-pages-browser)/./src/app/(dashboard)/structure-bdd/page.tsx:1601
[ 5498154ms] [LOG] [StructureBDD] render loading @ webpack-internal:///(app-pages-browser)/./src/app/(dashboard)/structure-bdd/page.tsx:1601
[ 5498154ms] [LOG] [StructureBDD] vector tree loaded {count: 0} @ webpack-internal:///(app-pages-browser)/./src/app/(dashboard)/structure-bdd/page.tsx:556
[ 5498155ms] [LOG] [StructureBDD] render loading @ webpack-internal:///(app-pages-browser)/./src/app/(dashboard)/structure-bdd/page.tsx:1601
[ 5498156ms] [LOG] [StructureBDD] render loading @ webpack-internal:///(app-pages-browser)/./src/app/(dashboard)/structure-bdd/page.tsx:1601
[ 5498734ms] [LOG] [StructureBDD] render loading @ webpack-internal:///(app-pages-browser)/./src/app/(dashboard)/structure-bdd/page.tsx:1601
[ 5498735ms] [LOG] [StructureBDD] render loading @ webpack-internal:///(app-pages-browser)/./src/app/(dashboard)/structure-bdd/page.tsx:1601
[ 5498924ms] [LOG] [StructureBDD] /api/images/tree status 200 @ webpack-internal:///(app-pages-browser)/./src/app/(dashboard)/structure-bdd/page.tsx:583
[ 5498924ms] [LOG] [StructureBDD] image tree loaded {count: 2} @ webpack-internal:///(app-pages-browser)/./src/app/(dashboard)/structure-bdd/page.tsx:588
[ 5498926ms] [LOG] [StructureBDD] render loading @ webpack-internal:///(app-pages-browser)/./src/app/(dashboard)/structure-bdd/page.tsx:1601
[ 5498926ms] [LOG] [StructureBDD] render loading @ webpack-internal:///(app-pages-browser)/./src/app/(dashboard)/structure-bdd/page.tsx:1601
[ 5498953ms] [LOG] [StructureBDD] /api/tree status 200 @ webpack-internal:///(app-pages-browser)/./src/app/(dashboard)/structure-bdd/page.tsx:497
[ 5498956ms] [LOG] [StructureBDD] web tree loaded {count: 7} @ webpack-internal:///(app-pages-browser)/./src/app/(dashboard)/structure-bdd/page.tsx:505
[ 5498959ms] [LOG] [StructureBDD] render loading @ webpack-internal:///(app-pages-browser)/./src/app/(dashboard)/structure-bdd/page.tsx:1601
[ 5498960ms] [LOG] [StructureBDD] render loading @ webpack-internal:///(app-pages-browser)/./src/app/(dashboard)/structure-bdd/page.tsx:1601
[ 5499299ms] [LOG] [StructureBDD] /api/images/tree status 200 @ webpack-internal:///(app-pages-browser)/./src/app/(dashboard)/structure-bdd/page.tsx:583
[ 5499300ms] [LOG] [StructureBDD] image tree loaded {count: 2} @ webpack-internal:///(app-pages-browser)/./src/app/(dashboard)/structure-bdd/page.tsx:588
[ 5499301ms] [LOG] [StructureBDD] render loading @ webpack-internal:///(app-pages-browser)/./src/app/(dashboard)/structure-bdd/page.tsx:1601
[ 5499301ms] [LOG] [StructureBDD] render loading @ webpack-internal:///(app-pages-browser)/./src/app/(dashboard)/structure-bdd/page.tsx:1601
[ 5499318ms] [LOG] [StructureBDD] /api/tree status 200 @ webpack-internal:///(app-pages-browser)/./src/app/(dashboard)/structure-bdd/page.tsx:497
[ 5499319ms] [LOG] [StructureBDD] web tree loaded {count: 7} @ webpack-internal:///(app-pages-browser)/./src/app/(dashboard)/structure-bdd/page.tsx:505
[ 5499323ms] [LOG] [StructureBDD] render loading @ webpack-internal:///(app-pages-browser)/./src/app/(dashboard)/structure-bdd/page.tsx:1601
[ 5499324ms] [LOG] [StructureBDD] render loading @ webpack-internal:///(app-pages-browser)/./src/app/(dashboard)/structure-bdd/page.tsx:1601
[ 5499332ms] [LOG] [StructureBDD] render result {web: 7, local: 0, vector: 0, images: 2, webError: false} @ webpack-internal:///(app-pages-browser)/./src/app/(dashboard)/structure-bdd/page.tsx:1618
[ 5499333ms] [LOG] [StructureBDD] render result {web: 7, local: 0, vector: 0, images: 2, webError: false} @ webpack-internal:///(app-pages-browser)/./src/app/(dashboard)/structure-bdd/page.tsx:1618
[ 5499554ms] [LOG] [StructureBDD] render result {web: 7, local: 0, vector: 0, images: 2, webError: false} @ webpack-internal:///(app-pages-browser)/./src/app/(dashboard)/structure-bdd/page.tsx:1618
[ 5499555ms] [LOG] [StructureBDD] render result {web: 7, local: 0, vector: 0, images: 2, webError: false} @ webpack-internal:///(app-pages-browser)/./src/app/(dashboard)/structure-bdd/page.tsx:1618
[ 5516801ms] [LOG] [Fast Refresh] rebuilding @ webpack-internal:///(app-pages-browser)/./node_modules/next/dist/client/components/react-dev-overlay/app/hot-reloader-client.js:186
[ 5519205ms] [LOG] [StructureBDD] render result {web: 7, local: 0, vector: 0, images: 2, webError: false} @ webpack-internal:///(app-pages-browser)/./src/app/(dashboard)/structure-bdd/page.tsx:1684
[ 5519206ms] [LOG] [StructureBDD] render result {web: 7, local: 0, vector: 0, images: 2, webError: false} @ webpack-internal:///(app-pages-browser)/./src/app/(dashboard)/structure-bdd/page.tsx:1684
[ 5519233ms] [LOG] [StructureBDD] mount @ webpack-internal:///(app-pages-browser)/./src/app/(dashboard)/structure-bdd/page.tsx:620
[ 5519236ms] [LOG] [StructureBDD] loadTrees start @ webpack-internal:///(app-pages-browser)/./src/app/(dashboard)/structure-bdd/page.tsx:489
[ 5519247ms] [LOG] [Fast Refresh] done in 2446ms @ webpack-internal:///(app-pages-browser)/./node_modules/next/dist/client/components/react-dev-overlay/app/hot-reloader-client.js:43
[ 5519249ms] [LOG] [StructureBDD] local tree loaded {count: 0} @ webpack-internal:///(app-pages-browser)/./src/app/(dashboard)/structure-bdd/page.tsx:518
[ 5519250ms] [LOG] [StructureBDD] render loading @ webpack-internal:///(app-pages-browser)/./src/app/(dashboard)/structure-bdd/page.tsx:1667
[ 5519251ms] [LOG] [StructureBDD] render loading @ webpack-internal:///(app-pages-browser)/./src/app/(dashboard)/structure-bdd/page.tsx:1667
[ 5519257ms] [LOG] [StructureBDD] vector docs loaded {count: 0} @ webpack-internal:///(app-pages-browser)/./src/app/(dashboard)/structure-bdd/page.tsx:542
[ 5519259ms] [LOG] [StructureBDD] render loading @ webpack-internal:///(app-pages-browser)/./src/app/(dashboard)/structure-bdd/page.tsx:1667
[ 5519259ms] [LOG] [StructureBDD] render loading @ webpack-internal:///(app-pages-browser)/./src/app/(dashboard)/structure-bdd/page.tsx:1667
[ 5519262ms] [LOG] [StructureBDD] vector tree loaded {count: 0} @ webpack-internal:///(app-pages-browser)/./src/app/(dashboard)/structure-bdd/page.tsx:556
[ 5519266ms] [LOG] [StructureBDD] render loading @ webpack-internal:///(app-pages-browser)/./src/app/(dashboard)/structure-bdd/page.tsx:1667
[ 5519267ms] [LOG] [StructureBDD] render loading @ webpack-internal:///(app-pages-browser)/./src/app/(dashboard)/structure-bdd/page.tsx:1667
[ 5519480ms] [LOG] [StructureBDD] render loading @ webpack-internal:///(app-pages-browser)/./src/app/(dashboard)/structure-bdd/page.tsx:1667
[ 5519480ms] [LOG] [StructureBDD] render loading @ webpack-internal:///(app-pages-browser)/./src/app/(dashboard)/structure-bdd/page.tsx:1667
[ 5519746ms] [LOG] [StructureBDD] /api/images/tree status 200 @ webpack-internal:///(app-pages-browser)/./src/app/(dashboard)/structure-bdd/page.tsx:583
[ 5519747ms] [LOG] [StructureBDD] image tree loaded {count: 2} @ webpack-internal:///(app-pages-browser)/./src/app/(dashboard)/structure-bdd/page.tsx:588
[ 5519748ms] [LOG] [StructureBDD] render loading @ webpack-internal:///(app-pages-browser)/./src/app/(dashboard)/structure-bdd/page.tsx:1667
[ 5519748ms] [LOG] [StructureBDD] render loading @ webpack-internal:///(app-pages-browser)/./src/app/(dashboard)/structure-bdd/page.tsx:1667
[ 5519772ms] [LOG] [StructureBDD] /api/tree status 200 @ webpack-internal:///(app-pages-browser)/./src/app/(dashboard)/structure-bdd/page.tsx:497
[ 5519777ms] [LOG] [StructureBDD] web tree loaded {count: 7} @ webpack-internal:///(app-pages-browser)/./src/app/(dashboard)/structure-bdd/page.tsx:505
[ 5519780ms] [LOG] [StructureBDD] render loading @ webpack-internal:///(app-pages-browser)/./src/app/(dashboard)/structure-bdd/page.tsx:1667
[ 5519781ms] [LOG] [StructureBDD] render loading @ webpack-internal:///(app-pages-browser)/./src/app/(dashboard)/structure-bdd/page.tsx:1667
[ 5519923ms] [LOG] [StructureBDD] render result {web: 7, local: 0, vector: 0, images: 2, webError: false} @ webpack-internal:///(app-pages-browser)/./src/app/(dashboard)/structure-bdd/page.tsx:1684
[ 5519924ms] [LOG] [StructureBDD] render result {web: 7, local: 0, vector: 0, images: 2, webError: false} @ webpack-internal:///(app-pages-browser)/./src/app/(dashboard)/structure-bdd/page.tsx:1684
[ 5566734ms] [LOG] [Fast Refresh] rebuilding @ webpack-internal:///(app-pages-browser)/./node_modules/next/dist/client/components/react-dev-overlay/app/hot-reloader-client.js:186
[ 5569586ms] [LOG] [StructureBDD] render result {web: 7, local: 0, vector: 0, images: 2, webError: false} @ webpack-internal:///(app-pages-browser)/./src/app/(dashboard)/structure-bdd/page.tsx:1684
[ 5569587ms] [LOG] [StructureBDD] render result {web: 7, local: 0, vector: 0, images: 2, webError: false} @ webpack-internal:///(app-pages-browser)/./src/app/(dashboard)/structure-bdd/page.tsx:1684
[ 5569618ms] [LOG] [StructureBDD] mount @ webpack-internal:///(app-pages-browser)/./src/app/(dashboard)/structure-bdd/page.tsx:620
[ 5569619ms] [LOG] [StructureBDD] loadTrees start @ webpack-internal:///(app-pages-browser)/./src/app/(dashboard)/structure-bdd/page.tsx:489
[ 5569638ms] [LOG] [Fast Refresh] done in 2903ms @ webpack-internal:///(app-pages-browser)/./node_modules/next/dist/client/components/react-dev-overlay/app/hot-reloader-client.js:43
[ 5569639ms] [LOG] [StructureBDD] local tree loaded {count: 0} @ webpack-internal:///(app-pages-browser)/./src/app/(dashboard)/structure-bdd/page.tsx:518
[ 5569640ms] [LOG] [StructureBDD] render loading @ webpack-internal:///(app-pages-browser)/./src/app/(dashboard)/structure-bdd/page.tsx:1667
[ 5569640ms] [LOG] [StructureBDD] render loading @ webpack-internal:///(app-pages-browser)/./src/app/(dashboard)/structure-bdd/page.tsx:1667
[ 5569647ms] [LOG] [StructureBDD] vector docs loaded {count: 0} @ webpack-internal:///(app-pages-browser)/./src/app/(dashboard)/structure-bdd/page.tsx:542
[ 5569649ms] [LOG] [StructureBDD] render loading @ webpack-internal:///(app-pages-browser)/./src/app/(dashboard)/structure-bdd/page.tsx:1667
[ 5569649ms] [LOG] [StructureBDD] render loading @ webpack-internal:///(app-pages-browser)/./src/app/(dashboard)/structure-bdd/page.tsx:1667
[ 5569650ms] [LOG] [StructureBDD] vector tree loaded {count: 0} @ webpack-internal:///(app-pages-browser)/./src/app/(dashboard)/structure-bdd/page.tsx:556
[ 5569651ms] [LOG] [StructureBDD] render loading @ webpack-internal:///(app-pages-browser)/./src/app/(dashboard)/structure-bdd/page.tsx:1667
[ 5569652ms] [LOG] [StructureBDD] render loading @ webpack-internal:///(app-pages-browser)/./src/app/(dashboard)/structure-bdd/page.tsx:1667
[ 5569976ms] [LOG] [StructureBDD] render loading @ webpack-internal:///(app-pages-browser)/./src/app/(dashboard)/structure-bdd/page.tsx:1667
[ 5569977ms] [LOG] [StructureBDD] render loading @ webpack-internal:///(app-pages-browser)/./src/app/(dashboard)/structure-bdd/page.tsx:1667
[ 5570154ms] [LOG] [StructureBDD] /api/images/tree status 200 @ webpack-internal:///(app-pages-browser)/./src/app/(dashboard)/structure-bdd/page.tsx:583
[ 5570155ms] [LOG] [StructureBDD] image tree loaded {count: 2} @ webpack-internal:///(app-pages-browser)/./src/app/(dashboard)/structure-bdd/page.tsx:588
[ 5570156ms] [LOG] [StructureBDD] render loading @ webpack-internal:///(app-pages-browser)/./src/app/(dashboard)/structure-bdd/page.tsx:1667
[ 5570156ms] [LOG] [StructureBDD] render loading @ webpack-internal:///(app-pages-browser)/./src/app/(dashboard)/structure-bdd/page.tsx:1667
[ 5570177ms] [LOG] [StructureBDD] /api/tree status 200 @ webpack-internal:///(app-pages-browser)/./src/app/(dashboard)/structure-bdd/page.tsx:497
[ 5570180ms] [LOG] [StructureBDD] web tree loaded {count: 7} @ webpack-internal:///(app-pages-browser)/./src/app/(dashboard)/structure-bdd/page.tsx:505
[ 5570183ms] [LOG] [StructureBDD] render loading @ webpack-internal:///(app-pages-browser)/./src/app/(dashboard)/structure-bdd/page.tsx:1667
[ 5570183ms] [LOG] [StructureBDD] render loading @ webpack-internal:///(app-pages-browser)/./src/app/(dashboard)/structure-bdd/page.tsx:1667
[ 5570423ms] [LOG] [StructureBDD] render result {web: 7, local: 0, vector: 0, images: 2, webError: false} @ webpack-internal:///(app-pages-browser)/./src/app/(dashboard)/structure-bdd/page.tsx:1684
[ 5570424ms] [LOG] [StructureBDD] render result {web: 7, local: 0, vector: 0, images: 2, webError: false} @ webpack-internal:///(app-pages-browser)/./src/app/(dashboard)/structure-bdd/page.tsx:1684
[ 5622795ms] [LOG] [Fast Refresh] rebuilding @ webpack-internal:///(app-pages-browser)/./node_modules/next/dist/client/components/react-dev-overlay/app/hot-reloader-client.js:186
[ 5625701ms] [LOG] [StructureBDD] render result {web: 7, local: 0, vector: 0, images: 2, webError: false} @ webpack-internal:///(app-pages-browser)/./src/app/(dashboard)/structure-bdd/page.tsx:1684
[ 5625702ms] [LOG] [StructureBDD] render result {web: 7, local: 0, vector: 0, images: 2, webError: false} @ webpack-internal:///(app-pages-browser)/./src/app/(dashboard)/structure-bdd/page.tsx:1684
[ 5625737ms] [LOG] [StructureBDD] mount @ webpack-internal:///(app-pages-browser)/./src/app/(dashboard)/structure-bdd/page.tsx:620
[ 5625740ms] [LOG] [StructureBDD] loadTrees start @ webpack-internal:///(app-pages-browser)/./src/app/(dashboard)/structure-bdd/page.tsx:489
[ 5625751ms] [LOG] [Fast Refresh] done in 2957ms @ webpack-internal:///(app-pages-browser)/./node_modules/next/dist/client/components/react-dev-overlay/app/hot-reloader-client.js:43
[ 5625753ms] [LOG] [StructureBDD] local tree loaded {count: 0} @ webpack-internal:///(app-pages-browser)/./src/app/(dashboard)/structure-bdd/page.tsx:518
[ 5625754ms] [LOG] [StructureBDD] render loading @ webpack-internal:///(app-pages-browser)/./src/app/(dashboard)/structure-bdd/page.tsx:1667
[ 5625755ms] [LOG] [StructureBDD] render loading @ webpack-internal:///(app-pages-browser)/./src/app/(dashboard)/structure-bdd/page.tsx:1667
[ 5625762ms] [LOG] [StructureBDD] vector docs loaded {count: 0} @ webpack-internal:///(app-pages-browser)/./src/app/(dashboard)/structure-bdd/page.tsx:542
[ 5625764ms] [LOG] [StructureBDD] render loading @ webpack-internal:///(app-pages-browser)/./src/app/(dashboard)/structure-bdd/page.tsx:1667
[ 5625764ms] [LOG] [StructureBDD] render loading @ webpack-internal:///(app-pages-browser)/./src/app/(dashboard)/structure-bdd/page.tsx:1667
[ 5625765ms] [LOG] [StructureBDD] vector tree loaded {count: 0} @ webpack-internal:///(app-pages-browser)/./src/app/(dashboard)/structure-bdd/page.tsx:556
[ 5625767ms] [LOG] [StructureBDD] render loading @ webpack-internal:///(app-pages-browser)/./src/app/(dashboard)/structure-bdd/page.tsx:1667
[ 5625767ms] [LOG] [StructureBDD] render loading @ webpack-internal:///(app-pages-browser)/./src/app/(dashboard)/structure-bdd/page.tsx:1667
[ 5626060ms] [LOG] [StructureBDD] render loading @ webpack-internal:///(app-pages-browser)/./src/app/(dashboard)/structure-bdd/page.tsx:1667
[ 5626061ms] [LOG] [StructureBDD] render loading @ webpack-internal:///(app-pages-browser)/./src/app/(dashboard)/structure-bdd/page.tsx:1667
[ 5626258ms] [LOG] [StructureBDD] /api/images/tree status 200 @ webpack-internal:///(app-pages-browser)/./src/app/(dashboard)/structure-bdd/page.tsx:583
[ 5626258ms] [LOG] [StructureBDD] image tree loaded {count: 2} @ webpack-internal:///(app-pages-browser)/./src/app/(dashboard)/structure-bdd/page.tsx:588
[ 5626259ms] [LOG] [StructureBDD] render loading @ webpack-internal:///(app-pages-browser)/./src/app/(dashboard)/structure-bdd/page.tsx:1667
[ 5626259ms] [LOG] [StructureBDD] render loading @ webpack-internal:///(app-pages-browser)/./src/app/(dashboard)/structure-bdd/page.tsx:1667
[ 5626277ms] [LOG] [StructureBDD] /api/tree status 200 @ webpack-internal:///(app-pages-browser)/./src/app/(dashboard)/structure-bdd/page.tsx:497
[ 5626280ms] [LOG] [StructureBDD] web tree loaded {count: 7} @ webpack-internal:///(app-pages-browser)/./src/app/(dashboard)/structure-bdd/page.tsx:505
[ 5626282ms] [LOG] [StructureBDD] render loading @ webpack-internal:///(app-pages-browser)/./src/app/(dashboard)/structure-bdd/page.tsx:1667
[ 5626283ms] [LOG] [StructureBDD] render loading @ webpack-internal:///(app-pages-browser)/./src/app/(dashboard)/structure-bdd/page.tsx:1667
[ 5626412ms] [LOG] [StructureBDD] render result {web: 7, local: 0, vector: 0, images: 2, webError: false} @ webpack-internal:///(app-pages-browser)/./src/app/(dashboard)/structure-bdd/page.tsx:1684
[ 5626413ms] [LOG] [StructureBDD] render result {web: 7, local: 0, vector: 0, images: 2, webError: false} @ webpack-internal:///(app-pages-browser)/./src/app/(dashboard)/structure-bdd/page.tsx:1684
[ 5752008ms] [LOG] [Fast Refresh] rebuilding @ webpack-internal:///(app-pages-browser)/./node_modules/next/dist/client/components/react-dev-overlay/app/hot-reloader-client.js:186
[ 5753966ms] [LOG] [StructureBDD] render result {web: 7, local: 0, vector: 0, images: 2, webError: false} @ webpack-internal:///(app-pages-browser)/./src/app/(dashboard)/structure-bdd/page.tsx:1684
[ 5753967ms] [LOG] [StructureBDD] render result {web: 7, local: 0, vector: 0, images: 2, webError: false} @ webpack-internal:///(app-pages-browser)/./src/app/(dashboard)/structure-bdd/page.tsx:1684
[ 5753990ms] [LOG] [StructureBDD] mount @ webpack-internal:///(app-pages-browser)/./src/app/(dashboard)/structure-bdd/page.tsx:620
[ 5753992ms] [LOG] [StructureBDD] loadTrees start @ webpack-internal:///(app-pages-browser)/./src/app/(dashboard)/structure-bdd/page.tsx:489
[ 5754004ms] [LOG] [Fast Refresh] done in 1997ms @ webpack-internal:///(app-pages-browser)/./node_modules/next/dist/client/components/react-dev-overlay/app/hot-reloader-client.js:43
[ 5754005ms] [LOG] [StructureBDD] local tree loaded {count: 0} @ webpack-internal:///(app-pages-browser)/./src/app/(dashboard)/structure-bdd/page.tsx:518
[ 5754007ms] [LOG] [StructureBDD] render loading @ webpack-internal:///(app-pages-browser)/./src/app/(dashboard)/structure-bdd/page.tsx:1667
[ 5754007ms] [LOG] [StructureBDD] render loading @ webpack-internal:///(app-pages-browser)/./src/app/(dashboard)/structure-bdd/page.tsx:1667
[ 5754015ms] [LOG] [StructureBDD] vector docs loaded {count: 0} @ webpack-internal:///(app-pages-browser)/./src/app/(dashboard)/structure-bdd/page.tsx:542
[ 5754017ms] [LOG] [StructureBDD] render loading @ webpack-internal:///(app-pages-browser)/./src/app/(dashboard)/structure-bdd/page.tsx:1667
[ 5754017ms] [LOG] [StructureBDD] render loading @ webpack-internal:///(app-pages-browser)/./src/app/(dashboard)/structure-bdd/page.tsx:1667
[ 5754018ms] [LOG] [StructureBDD] vector tree loaded {count: 0} @ webpack-internal:///(app-pages-browser)/./src/app/(dashboard)/structure-bdd/page.tsx:556
[ 5754020ms] [LOG] [StructureBDD] render loading @ webpack-internal:///(app-pages-browser)/./src/app/(dashboard)/structure-bdd/page.tsx:1667
[ 5754020ms] [LOG] [StructureBDD] render loading @ webpack-internal:///(app-pages-browser)/./src/app/(dashboard)/structure-bdd/page.tsx:1667
[ 5758018ms] [LOG] [StructureBDD] /api/images/tree status 200 @ webpack-internal:///(app-pages-browser)/./src/app/(dashboard)/structure-bdd/page.tsx:583
[ 5758020ms] [LOG] [StructureBDD] image tree loaded {count: 2} @ webpack-internal:///(app-pages-browser)/./src/app/(dashboard)/structure-bdd/page.tsx:588
[ 5758021ms] [LOG] [StructureBDD] render loading @ webpack-internal:///(app-pages-browser)/./src/app/(dashboard)/structure-bdd/page.tsx:1667
[ 5758021ms] [LOG] [StructureBDD] render loading @ webpack-internal:///(app-pages-browser)/./src/app/(dashboard)/structure-bdd/page.tsx:1667
[ 5758108ms] [LOG] [StructureBDD] /api/tree status 200 @ webpack-internal:///(app-pages-browser)/./src/app/(dashboard)/structure-bdd/page.tsx:497
[ 5758112ms] [LOG] [StructureBDD] web tree loaded {count: 7} @ webpack-internal:///(app-pages-browser)/./src/app/(dashboard)/structure-bdd/page.tsx:505
[ 5758115ms] [LOG] [StructureBDD] render loading @ webpack-internal:///(app-pages-browser)/./src/app/(dashboard)/structure-bdd/page.tsx:1667
[ 5758115ms] [LOG] [StructureBDD] render loading @ webpack-internal:///(app-pages-browser)/./src/app/(dashboard)/structure-bdd/page.tsx:1667
[ 5758135ms] [LOG] [StructureBDD] render loading @ webpack-internal:///(app-pages-browser)/./src/app/(dashboard)/structure-bdd/page.tsx:1667
[ 5758135ms] [LOG] [StructureBDD] render loading @ webpack-internal:///(app-pages-browser)/./src/app/(dashboard)/structure-bdd/page.tsx:1667
[ 5759804ms] [LOG] [StructureBDD] render result {web: 7, local: 0, vector: 0, images: 2, webError: false} @ webpack-internal:///(app-pages-browser)/./src/app/(dashboard)/structure-bdd/page.tsx:1684
[ 5759804ms] [LOG] [StructureBDD] render result {web: 7, local: 0, vector: 0, images: 2, webError: false} @ webpack-internal:///(app-pages-browser)/./src/app/(dashboard)/structure-bdd/page.tsx:1684
