[    1258ms] [INFO] %cDownload the React DevTools for a better development experience: https://reactjs.org/link/react-devtools font-weight:bold @ webpack-internal:///(app-pages-browser)/./node_modules/next/dist/compiled/react-dom/cjs/react-dom.development.js:38559
[    1573ms] [LOG] [Auth] Utilisateur connecté détecté {userId: cmt3i6d290000qn8stnmxf460, role: admin, email: admin@nexaflow.com} @ webpack-internal:///(app-pages-browser)/./src/lib/procedures/client-auth.ts:15
[    1573ms] [LOG] [Auth] Utilisateur connecté détecté {userId: cmt3i6d290000qn8stnmxf460, role: admin, email: admin@nexaflow.com} @ webpack-internal:///(app-pages-browser)/./src/lib/procedures/client-auth.ts:15
[    1596ms] [LOG] [StructureBDD] render loading @ webpack-internal:///(app-pages-browser)/./src/app/(dashboard)/structure-bdd/page.tsx:1704
[    1597ms] [LOG] [StructureBDD] render loading @ webpack-internal:///(app-pages-browser)/./src/app/(dashboard)/structure-bdd/page.tsx:1704
[    1613ms] [LOG] [StructureBDD] mount @ webpack-internal:///(app-pages-browser)/./src/app/(dashboard)/structure-bdd/page.tsx:622
[    1615ms] [LOG] [StructureBDD] loadTrees start @ webpack-internal:///(app-pages-browser)/./src/app/(dashboard)/structure-bdd/page.tsx:491
[    1641ms] [LOG] [StructureBDD] mount @ webpack-internal:///(app-pages-browser)/./src/app/(dashboard)/structure-bdd/page.tsx:622
[    1643ms] [LOG] [StructureBDD] loadTrees start @ webpack-internal:///(app-pages-browser)/./src/app/(dashboard)/structure-bdd/page.tsx:491
[    1677ms] [LOG] [Auth] Utilisateur connecté détecté {userId: cmt3i6d290000qn8stnmxf460, role: admin, email: admin@nexaflow.com} @ webpack-internal:///(app-pages-browser)/./src/lib/procedures/client-auth.ts:15
[    1678ms] [LOG] [Auth] Utilisateur connecté détecté {userId: cmt3i6d290000qn8stnmxf460, role: admin, email: admin@nexaflow.com} @ webpack-internal:///(app-pages-browser)/./src/lib/procedures/client-auth.ts:15
[    1692ms] [LOG] [StructureBDD] render loading @ webpack-internal:///(app-pages-browser)/./src/app/(dashboard)/structure-bdd/page.tsx:1704
[    1692ms] [LOG] [StructureBDD] render loading @ webpack-internal:///(app-pages-browser)/./src/app/(dashboard)/structure-bdd/page.tsx:1704
[    1702ms] [LOG] [StructureBDD] mount @ webpack-internal:///(app-pages-browser)/./src/app/(dashboard)/structure-bdd/page.tsx:622
[    1704ms] [LOG] [StructureBDD] loadTrees start @ webpack-internal:///(app-pages-browser)/./src/app/(dashboard)/structure-bdd/page.tsx:491
[    1710ms] [LOG] [StructureBDD] mount @ webpack-internal:///(app-pages-browser)/./src/app/(dashboard)/structure-bdd/page.tsx:622
[    1711ms] [LOG] [StructureBDD] loadTrees start @ webpack-internal:///(app-pages-browser)/./src/app/(dashboard)/structure-bdd/page.tsx:491
[    4453ms] [WARNING] [SQLite] OPFS SAH Pool indisponible, repli sur IndexedDB (SqlJsDb). Error: Missing required OPFS APIs.
    at sqlite3.installOpfsSAHPoolVfs (webpack-internal:///(app-pages-browser)/./node_modules/@sqlite.org/sqlite-wasm/dist/index.mjs:15637:284)
    at openPersistentDatabase (webpack-internal:///(app-pages-browser)/./src/lib/client-engine/sqlite.ts:24:44)
    at eval (webpack-internal:///(app-pages-browser)/./src/lib/client-engine/sqlite.ts:51:20) @ webpack-internal:///(app-pages-browser)/./src/lib/client-engine/sqlite.ts:30
[    4454ms] [WARNING] [SQLite] Aucun stockage OPFS persistant disponible : repli sur localStorage (les données survivront au rechargement dans la limite de stockage du navigateur). @ webpack-internal:///(app-pages-browser)/./src/lib/client-engine/sqlite.ts:34
[    4539ms] [LOG] [SQLite] Base de données locale initialisée @ webpack-internal:///(app-pages-browser)/./src/lib/client-engine/sqlite.ts:52
[    4576ms] [LOG] [VectorStore] Base de données vectorielle IndexedDB initialisée @ webpack-internal:///(app-pages-browser)/./src/lib/client-engine/vector-store.ts:92
[    4576ms] [LOG] [VectorStore] Base de données vectorielle IndexedDB initialisée @ webpack-internal:///(app-pages-browser)/./src/lib/client-engine/vector-store.ts:92
[    4576ms] [LOG] [VectorStore] Base de données vectorielle IndexedDB initialisée @ webpack-internal:///(app-pages-browser)/./src/lib/client-engine/vector-store.ts:92
[    4576ms] [LOG] [VectorStore] Base de données vectorielle IndexedDB initialisée @ webpack-internal:///(app-pages-browser)/./src/lib/client-engine/vector-store.ts:92
[    4587ms] [LOG] [JsonStore] Base de données JSON IndexedDB initialisée @ webpack-internal:///(app-pages-browser)/./src/lib/client-engine/json-store.ts:50
[    4587ms] [LOG] [JsonStore] Base de données JSON IndexedDB initialisée @ webpack-internal:///(app-pages-browser)/./src/lib/client-engine/json-store.ts:50
[    4588ms] [LOG] [JsonStore] Base de données JSON IndexedDB initialisée @ webpack-internal:///(app-pages-browser)/./src/lib/client-engine/json-store.ts:50
[    4588ms] [LOG] [JsonStore] Base de données JSON IndexedDB initialisée @ webpack-internal:///(app-pages-browser)/./src/lib/client-engine/json-store.ts:50
[    4588ms] [LOG] [ClientEngine] Initialisation terminée: {sqlite: true, vectorStore: true, jsonStore: true} @ webpack-internal:///(app-pages-browser)/./src/lib/client-engine/index.ts:77
[    4588ms] [LOG] [ClientEngine] Initialisation terminée: {sqlite: true, vectorStore: true, jsonStore: true} @ webpack-internal:///(app-pages-browser)/./src/lib/client-engine/index.ts:77
[    4589ms] [LOG] [ClientEngine] Initialisation terminée: {sqlite: true, vectorStore: true, jsonStore: true} @ webpack-internal:///(app-pages-browser)/./src/lib/client-engine/index.ts:77
[    4589ms] [LOG] [ClientEngine] Initialisation terminée: {sqlite: true, vectorStore: true, jsonStore: true} @ webpack-internal:///(app-pages-browser)/./src/lib/client-engine/index.ts:77
[    4615ms] [LOG] [StructureBDD] local tree loaded {count: 0} @ webpack-internal:///(app-pages-browser)/./src/app/(dashboard)/structure-bdd/page.tsx:520
[    4616ms] [LOG] [StructureBDD] local tree loaded {count: 0} @ webpack-internal:///(app-pages-browser)/./src/app/(dashboard)/structure-bdd/page.tsx:520
[    4616ms] [LOG] [StructureBDD] local tree loaded {count: 0} @ webpack-internal:///(app-pages-browser)/./src/app/(dashboard)/structure-bdd/page.tsx:520
[    4616ms] [LOG] [StructureBDD] local tree loaded {count: 0} @ webpack-internal:///(app-pages-browser)/./src/app/(dashboard)/structure-bdd/page.tsx:520
[    4617ms] [LOG] [StructureBDD] vector docs loaded {count: 0} @ webpack-internal:///(app-pages-browser)/./src/app/(dashboard)/structure-bdd/page.tsx:544
[    4618ms] [LOG] [StructureBDD] vector docs loaded {count: 0} @ webpack-internal:///(app-pages-browser)/./src/app/(dashboard)/structure-bdd/page.tsx:544
[    4619ms] [LOG] [StructureBDD] vector docs loaded {count: 0} @ webpack-internal:///(app-pages-browser)/./src/app/(dashboard)/structure-bdd/page.tsx:544
[    4620ms] [LOG] [StructureBDD] vector docs loaded {count: 0} @ webpack-internal:///(app-pages-browser)/./src/app/(dashboard)/structure-bdd/page.tsx:544
[    4623ms] [LOG] [StructureBDD] render loading @ webpack-internal:///(app-pages-browser)/./src/app/(dashboard)/structure-bdd/page.tsx:1704
[    4624ms] [LOG] [StructureBDD] render loading @ webpack-internal:///(app-pages-browser)/./src/app/(dashboard)/structure-bdd/page.tsx:1704
[    4625ms] [LOG] [StructureBDD] vector tree loaded {count: 0} @ webpack-internal:///(app-pages-browser)/./src/app/(dashboard)/structure-bdd/page.tsx:558
[    4627ms] [LOG] [StructureBDD] vector tree loaded {count: 0} @ webpack-internal:///(app-pages-browser)/./src/app/(dashboard)/structure-bdd/page.tsx:558
[    4627ms] [LOG] [StructureBDD] vector tree loaded {count: 0} @ webpack-internal:///(app-pages-browser)/./src/app/(dashboard)/structure-bdd/page.tsx:558
[    4628ms] [LOG] [StructureBDD] vector tree loaded {count: 0} @ webpack-internal:///(app-pages-browser)/./src/app/(dashboard)/structure-bdd/page.tsx:558
[    4629ms] [LOG] [StructureBDD] render loading @ webpack-internal:///(app-pages-browser)/./src/app/(dashboard)/structure-bdd/page.tsx:1704
[    4629ms] [LOG] [StructureBDD] render loading @ webpack-internal:///(app-pages-browser)/./src/app/(dashboard)/structure-bdd/page.tsx:1704
[    6014ms] [LOG] [StructureBDD] /api/images/tree status 200 @ webpack-internal:///(app-pages-browser)/./src/app/(dashboard)/structure-bdd/page.tsx:585
[    6018ms] [LOG] [StructureBDD] image tree loaded {count: 3} @ webpack-internal:///(app-pages-browser)/./src/app/(dashboard)/structure-bdd/page.tsx:590
[    6072ms] [LOG] [StructureBDD] /api/tree status 200 @ webpack-internal:///(app-pages-browser)/./src/app/(dashboard)/structure-bdd/page.tsx:499
[    6078ms] [LOG] [StructureBDD] web tree loaded {count: 7} @ webpack-internal:///(app-pages-browser)/./src/app/(dashboard)/structure-bdd/page.tsx:507
[    6854ms] [LOG] [StructureBDD] /api/images/tree status 200 @ webpack-internal:///(app-pages-browser)/./src/app/(dashboard)/structure-bdd/page.tsx:585
[    6856ms] [LOG] [StructureBDD] image tree loaded {count: 3} @ webpack-internal:///(app-pages-browser)/./src/app/(dashboard)/structure-bdd/page.tsx:590
[    6884ms] [LOG] [StructureBDD] /api/tree status 200 @ webpack-internal:///(app-pages-browser)/./src/app/(dashboard)/structure-bdd/page.tsx:499
[    6890ms] [LOG] [StructureBDD] web tree loaded {count: 7} @ webpack-internal:///(app-pages-browser)/./src/app/(dashboard)/structure-bdd/page.tsx:507
[    7508ms] [LOG] [StructureBDD] /api/tree status 200 @ webpack-internal:///(app-pages-browser)/./src/app/(dashboard)/structure-bdd/page.tsx:499
[    7512ms] [LOG] [StructureBDD] web tree loaded {count: 7} @ webpack-internal:///(app-pages-browser)/./src/app/(dashboard)/structure-bdd/page.tsx:507
[    7513ms] [LOG] [StructureBDD] render loading @ webpack-internal:///(app-pages-browser)/./src/app/(dashboard)/structure-bdd/page.tsx:1704
[    7514ms] [LOG] [StructureBDD] render loading @ webpack-internal:///(app-pages-browser)/./src/app/(dashboard)/structure-bdd/page.tsx:1704
[    7544ms] [LOG] [StructureBDD] /api/images/tree status 200 @ webpack-internal:///(app-pages-browser)/./src/app/(dashboard)/structure-bdd/page.tsx:585
[    7545ms] [LOG] [StructureBDD] image tree loaded {count: 3} @ webpack-internal:///(app-pages-browser)/./src/app/(dashboard)/structure-bdd/page.tsx:590
[    7548ms] [LOG] [StructureBDD] render loading @ webpack-internal:///(app-pages-browser)/./src/app/(dashboard)/structure-bdd/page.tsx:1704
[    7548ms] [LOG] [StructureBDD] render loading @ webpack-internal:///(app-pages-browser)/./src/app/(dashboard)/structure-bdd/page.tsx:1704
[    7835ms] [LOG] [StructureBDD] /api/images/tree status 200 @ webpack-internal:///(app-pages-browser)/./src/app/(dashboard)/structure-bdd/page.tsx:585
[    7836ms] [LOG] [StructureBDD] image tree loaded {count: 3} @ webpack-internal:///(app-pages-browser)/./src/app/(dashboard)/structure-bdd/page.tsx:590
[    7837ms] [LOG] [StructureBDD] render loading @ webpack-internal:///(app-pages-browser)/./src/app/(dashboard)/structure-bdd/page.tsx:1704
[    7837ms] [LOG] [StructureBDD] render loading @ webpack-internal:///(app-pages-browser)/./src/app/(dashboard)/structure-bdd/page.tsx:1704
[    7848ms] [LOG] [StructureBDD] /api/tree status 200 @ webpack-internal:///(app-pages-browser)/./src/app/(dashboard)/structure-bdd/page.tsx:499
[    7850ms] [LOG] [StructureBDD] web tree loaded {count: 7} @ webpack-internal:///(app-pages-browser)/./src/app/(dashboard)/structure-bdd/page.tsx:507
[    7853ms] [LOG] [StructureBDD] render loading @ webpack-internal:///(app-pages-browser)/./src/app/(dashboard)/structure-bdd/page.tsx:1704
[    7854ms] [LOG] [StructureBDD] render loading @ webpack-internal:///(app-pages-browser)/./src/app/(dashboard)/structure-bdd/page.tsx:1704
[    7860ms] [LOG] [StructureBDD] render result {web: 7, local: 0, vector: 0, images: 3, webError: false} @ webpack-internal:///(app-pages-browser)/./src/app/(dashboard)/structure-bdd/page.tsx:1721
[    7862ms] [LOG] [StructureBDD] render result {web: 7, local: 0, vector: 0, images: 3, webError: false} @ webpack-internal:///(app-pages-browser)/./src/app/(dashboard)/structure-bdd/page.tsx:1721
[    7994ms] [LOG] [StructureBDD] render result {web: 7, local: 0, vector: 0, images: 3, webError: false} @ webpack-internal:///(app-pages-browser)/./src/app/(dashboard)/structure-bdd/page.tsx:1721
[    7995ms] [LOG] [StructureBDD] render result {web: 7, local: 0, vector: 0, images: 3, webError: false} @ webpack-internal:///(app-pages-browser)/./src/app/(dashboard)/structure-bdd/page.tsx:1721
[   48689ms] [LOG] [StructureBDD] render result {web: 7, local: 0, vector: 0, images: 3, webError: false} @ webpack-internal:///(app-pages-browser)/./src/app/(dashboard)/structure-bdd/page.tsx:1721
[   48690ms] [LOG] [StructureBDD] render result {web: 7, local: 0, vector: 0, images: 3, webError: false} @ webpack-internal:///(app-pages-browser)/./src/app/(dashboard)/structure-bdd/page.tsx:1721
[  115090ms] [LOG] [StructureBDD] delete image {id: image-dir-C__ahmed_ETAPE-B-CCP_app-version2_app__local-db_images_media_bank_renamed, name: bank_renamed, type: directory} @ webpack-internal:///(app-pages-browser)/./src/app/(dashboard)/structure-bdd/page.tsx:906
[  115092ms] [LOG] [StructureBDD] render result {web: 7, local: 0, vector: 0, images: 2, webError: false} @ webpack-internal:///(app-pages-browser)/./src/app/(dashboard)/structure-bdd/page.tsx:1721
[  115093ms] [LOG] [StructureBDD] render result {web: 7, local: 0, vector: 0, images: 2, webError: false} @ webpack-internal:///(app-pages-browser)/./src/app/(dashboard)/structure-bdd/page.tsx:1721
[  116230ms] [LOG] [StructureBDD] delete image tree node status 200 @ webpack-internal:///(app-pages-browser)/./src/app/(dashboard)/structure-bdd/page.tsx:935
[  213625ms] [LOG] [StructureBDD] delete image {id: image-file-C__ahmed_ETAPE-B-CCP_app-version2_app__…pe_B_equipe_B_ahmed_abbes_ahmed_abbes_renamed_jpg, name: ahmed_abbes_renamed.jpg, type: file} @ webpack-internal:///(app-pages-browser)/./src/app/(dashboard)/structure-bdd/page.tsx:906
[  213627ms] [LOG] [StructureBDD] render result {web: 7, local: 0, vector: 0, images: 2, webError: false} @ webpack-internal:///(app-pages-browser)/./src/app/(dashboard)/structure-bdd/page.tsx:1721
[  213627ms] [LOG] [StructureBDD] render result {web: 7, local: 0, vector: 0, images: 2, webError: false} @ webpack-internal:///(app-pages-browser)/./src/app/(dashboard)/structure-bdd/page.tsx:1721
[  213881ms] [LOG] [StructureBDD] delete image tree node status 200 @ webpack-internal:///(app-pages-browser)/./src/app/(dashboard)/structure-bdd/page.tsx:935
[  258644ms] [LOG] [StructureBDD] delete image {id: media_1787399395570_boxx2kx, name: ahmed abbes, type: image} @ webpack-internal:///(app-pages-browser)/./src/app/(dashboard)/structure-bdd/page.tsx:906
[  258646ms] [LOG] [StructureBDD] render result {web: 7, local: 0, vector: 0, images: 2, webError: false} @ webpack-internal:///(app-pages-browser)/./src/app/(dashboard)/structure-bdd/page.tsx:1721
[  258647ms] [LOG] [StructureBDD] render result {web: 7, local: 0, vector: 0, images: 2, webError: false} @ webpack-internal:///(app-pages-browser)/./src/app/(dashboard)/structure-bdd/page.tsx:1721
[  259836ms] [LOG] [StructureBDD] delete image status 200 @ webpack-internal:///(app-pages-browser)/./src/app/(dashboard)/structure-bdd/page.tsx:918
[  292559ms] [LOG] [StructureBDD] render result {web: 7, local: 0, vector: 0, images: 2, webError: false} @ webpack-internal:///(app-pages-browser)/./src/app/(dashboard)/structure-bdd/page.tsx:1721
[  292559ms] [LOG] [StructureBDD] render result {web: 7, local: 0, vector: 0, images: 2, webError: false} @ webpack-internal:///(app-pages-browser)/./src/app/(dashboard)/structure-bdd/page.tsx:1721
[  404012ms] [LOG] [StructureBDD] delete web {id: 406, name: bank_web_renamed, type: web} @ webpack-internal:///(app-pages-browser)/./src/app/(dashboard)/structure-bdd/page.tsx:872
[  404015ms] [LOG] [StructureBDD] render result {web: 6, local: 0, vector: 0, images: 2, webError: false} @ webpack-internal:///(app-pages-browser)/./src/app/(dashboard)/structure-bdd/page.tsx:1721
[  404016ms] [LOG] [StructureBDD] render result {web: 6, local: 0, vector: 0, images: 2, webError: false} @ webpack-internal:///(app-pages-browser)/./src/app/(dashboard)/structure-bdd/page.tsx:1721
[  405733ms] [LOG] [StructureBDD] delete web status 200 @ webpack-internal:///(app-pages-browser)/./src/app/(dashboard)/structure-bdd/page.tsx:891
[  618029ms] [LOG] [Fast Refresh] rebuilding @ webpack-internal:///(app-pages-browser)/./node_modules/next/dist/client/components/react-dev-overlay/app/hot-reloader-client.js:186
[  621973ms] [LOG] [Fast Refresh] done in 3944ms @ webpack-internal:///(app-pages-browser)/./node_modules/next/dist/client/components/react-dev-overlay/app/hot-reloader-client.js:43
[  623359ms] [LOG] [StructureBDD] render result {web: 6, local: 0, vector: 0, images: 2, webError: false} @ webpack-internal:///(app-pages-browser)/./src/app/(dashboard)/structure-bdd/page.tsx:1721
[  623359ms] [LOG] [StructureBDD] render result {web: 6, local: 0, vector: 0, images: 2, webError: false} @ webpack-internal:///(app-pages-browser)/./src/app/(dashboard)/structure-bdd/page.tsx:1721
[ 2222737ms] [LOG] [Fast Refresh] rebuilding @ webpack-internal:///(app-pages-browser)/./node_modules/next/dist/client/components/react-dev-overlay/app/hot-reloader-client.js:186
[ 2227321ms] [LOG] [Fast Refresh] rebuilding @ webpack-internal:///(app-pages-browser)/./node_modules/next/dist/client/components/react-dev-overlay/app/hot-reloader-client.js:186
[ 2227587ms] [LOG] [Auth] Utilisateur connecté détecté {userId: cmt3i6d290000qn8stnmxf460, role: admin, email: admin@nexaflow.com} @ webpack-internal:///(app-pages-browser)/./src/lib/procedures/client-auth.ts:15
[ 2227588ms] [LOG] [Auth] Utilisateur connecté détecté {userId: cmt3i6d290000qn8stnmxf460, role: admin, email: admin@nexaflow.com} @ webpack-internal:///(app-pages-browser)/./src/lib/procedures/client-auth.ts:15
[ 2227613ms] [LOG] [StructureBDD] render result {web: 6, local: 0, vector: 0, images: 2, webError: false} @ webpack-internal:///(app-pages-browser)/./src/app/(dashboard)/structure-bdd/page.tsx:1721
[ 2227615ms] [LOG] [StructureBDD] render result {web: 6, local: 0, vector: 0, images: 2, webError: false} @ webpack-internal:///(app-pages-browser)/./src/app/(dashboard)/structure-bdd/page.tsx:1721
[ 2227658ms] [LOG] [StructureBDD] mount @ webpack-internal:///(app-pages-browser)/./src/app/(dashboard)/structure-bdd/page.tsx:622
[ 2227661ms] [LOG] [StructureBDD] loadTrees start @ webpack-internal:///(app-pages-browser)/./src/app/(dashboard)/structure-bdd/page.tsx:491
[ 2227677ms] [LOG] [Fast Refresh] done in 356ms @ webpack-internal:///(app-pages-browser)/./node_modules/next/dist/client/components/react-dev-overlay/app/hot-reloader-client.js:43
[ 2227679ms] [LOG] [StructureBDD] local tree loaded {count: 0} @ webpack-internal:///(app-pages-browser)/./src/app/(dashboard)/structure-bdd/page.tsx:520
[ 2227681ms] [LOG] [StructureBDD] render loading @ webpack-internal:///(app-pages-browser)/./src/app/(dashboard)/structure-bdd/page.tsx:1704
[ 2227681ms] [LOG] [StructureBDD] render loading @ webpack-internal:///(app-pages-browser)/./src/app/(dashboard)/structure-bdd/page.tsx:1704
[ 2227693ms] [LOG] [StructureBDD] vector docs loaded {count: 0} @ webpack-internal:///(app-pages-browser)/./src/app/(dashboard)/structure-bdd/page.tsx:544
[ 2227695ms] [LOG] [StructureBDD] render loading @ webpack-internal:///(app-pages-browser)/./src/app/(dashboard)/structure-bdd/page.tsx:1704
[ 2227696ms] [LOG] [StructureBDD] render loading @ webpack-internal:///(app-pages-browser)/./src/app/(dashboard)/structure-bdd/page.tsx:1704
[ 2227698ms] [LOG] [StructureBDD] vector tree loaded {count: 0} @ webpack-internal:///(app-pages-browser)/./src/app/(dashboard)/structure-bdd/page.tsx:558
[ 2227700ms] [LOG] [StructureBDD] render loading @ webpack-internal:///(app-pages-browser)/./src/app/(dashboard)/structure-bdd/page.tsx:1704
[ 2227701ms] [LOG] [StructureBDD] render loading @ webpack-internal:///(app-pages-browser)/./src/app/(dashboard)/structure-bdd/page.tsx:1704
[ 2229791ms] [LOG] [Fast Refresh] done in 2469ms @ webpack-internal:///(app-pages-browser)/./node_modules/next/dist/client/components/react-dev-overlay/app/hot-reloader-client.js:43
[ 2230768ms] [LOG] [StructureBDD] /api/images/tree status 200 @ webpack-internal:///(app-pages-browser)/./src/app/(dashboard)/structure-bdd/page.tsx:585
[ 2230769ms] [LOG] [StructureBDD] image tree loaded {count: 0} @ webpack-internal:///(app-pages-browser)/./src/app/(dashboard)/structure-bdd/page.tsx:590
[ 2230770ms] [LOG] [StructureBDD] render loading @ webpack-internal:///(app-pages-browser)/./src/app/(dashboard)/structure-bdd/page.tsx:1704
[ 2230770ms] [LOG] [StructureBDD] render loading @ webpack-internal:///(app-pages-browser)/./src/app/(dashboard)/structure-bdd/page.tsx:1704
[ 2230909ms] [LOG] [StructureBDD] /api/tree status 200 @ webpack-internal:///(app-pages-browser)/./src/app/(dashboard)/structure-bdd/page.tsx:499
[ 2230911ms] [LOG] [StructureBDD] web tree loaded {count: 6} @ webpack-internal:///(app-pages-browser)/./src/app/(dashboard)/structure-bdd/page.tsx:507
[ 2230914ms] [LOG] [StructureBDD] render loading @ webpack-internal:///(app-pages-browser)/./src/app/(dashboard)/structure-bdd/page.tsx:1704
[ 2230914ms] [LOG] [StructureBDD] render loading @ webpack-internal:///(app-pages-browser)/./src/app/(dashboard)/structure-bdd/page.tsx:1704
[ 2230972ms] [LOG] [StructureBDD] render loading @ webpack-internal:///(app-pages-browser)/./src/app/(dashboard)/structure-bdd/page.tsx:1704
[ 2230972ms] [LOG] [StructureBDD] render loading @ webpack-internal:///(app-pages-browser)/./src/app/(dashboard)/structure-bdd/page.tsx:1704
[ 2232072ms] [LOG] [StructureBDD] render result {web: 6, local: 0, vector: 0, images: 0, webError: false} @ webpack-internal:///(app-pages-browser)/./src/app/(dashboard)/structure-bdd/page.tsx:1721
[ 2232073ms] [LOG] [StructureBDD] render result {web: 6, local: 0, vector: 0, images: 0, webError: false} @ webpack-internal:///(app-pages-browser)/./src/app/(dashboard)/structure-bdd/page.tsx:1721
[ 2258206ms] [LOG] [Fast Refresh] rebuilding @ webpack-internal:///(app-pages-browser)/./node_modules/next/dist/client/components/react-dev-overlay/app/hot-reloader-client.js:186
[ 2259130ms] [ERROR] ./src/lib/utils.ts
Error: 
  × Expected '>', got 'key'
    ╭─[C:\ahmed\ETAPE-B-CCP\app-version2\app\src\lib\utils.ts:12:1]
 12 │   const parts = text.split(regex);
 13 │   return parts.map((part, index) =>
 14 │     regex.test(part) ? (
 15 │       <mark key={index} className="bg-yellow-200 dark:bg-yellow-900/60 text-foreground rounded px-0.5">{part}</mark>
    ·             ───
 16 │     ) : (
 17 │       <span key={index}>{part}</span>
 18 │     )
    ╰────

Caused by:
    Syntax Error

Import trace for requested module:
./src/lib/utils.ts
./src/components/ui/card.tsx
./src/app/(dashboard)/images/page.tsx @ webpack-internal:///(app-pages-browser)/./node_modules/next/dist/client/app-index.js:32
[ 2259130ms] [ERROR] ./src/lib/utils.ts
Error: 
  × Expected '>', got 'key'
    ╭─[C:\ahmed\ETAPE-B-CCP\app-version2\app\src\lib\utils.ts:12:1]
 12 │   const parts = text.split(regex);
 13 │   return parts.map((part, index) =>
 14 │     regex.test(part) ? (
 15 │       <mark key={index} className="bg-yellow-200 dark:bg-yellow-900/60 text-foreground rounded px-0.5">{part}</mark>
    ·             ───
 16 │     ) : (
 17 │       <span key={index}>{part}</span>
 18 │     )
    ╰────

Caused by:
    Syntax Error

Import trace for requested module:
./src/lib/utils.ts
./src/app/layout.tsx @ webpack-internal:///(app-pages-browser)/./node_modules/next/dist/client/app-index.js:32
[ 2287789ms] [ERROR] Failed to load resource: the server responded with a status of 500 (Internal Server Error) @ http://localhost:3000/api/notifications:0
[ 2289777ms] [ERROR] ./src/lib/utils.ts
Error: 
  × Expected '>', got 'key'
    ╭─[C:\ahmed\ETAPE-B-CCP\app-version2\app\src\lib\utils.ts:12:1]
 12 │   const parts = text.split(regex);
 13 │   return parts.map((part, index) =>
 14 │     regex.test(part) ? (
 15 │       <mark key={index} className="bg-yellow-200 dark:bg-yellow-900/60 text-foreground rounded px-0.5">{part}</mark>
    ·             ───
 16 │     ) : (
 17 │       <span key={index}>{part}</span>
 18 │     )
    ╰────

Caused by:
    Syntax Error

Import trace for requested module:
./src/lib/utils.ts
./src/components/ui/card.tsx
./src/app/(dashboard)/images/page.tsx @ webpack-internal:///(app-pages-browser)/./node_modules/next/dist/client/app-index.js:32
[ 2291344ms] [ERROR] ./src/lib/utils.ts
Error: 
  × Expected '>', got 'key'
    ╭─[C:\ahmed\ETAPE-B-CCP\app-version2\app\src\lib\utils.ts:12:1]
 12 │   const parts = text.split(regex);
 13 │   return parts.map((part, index) =>
 14 │     regex.test(part) ? (
 15 │       <mark key={index} className="bg-yellow-200 dark:bg-yellow-900/60 text-foreground rounded px-0.5">{part}</mark>
    ·             ───
 16 │     ) : (
 17 │       <span key={index}>{part}</span>
 18 │     )
    ╰────

Caused by:
    Syntax Error

Import trace for requested module:
./src/lib/utils.ts
./src/components/ui/card.tsx
./src/app/(dashboard)/images/page.tsx @ webpack-internal:///(app-pages-browser)/./node_modules/next/dist/client/app-index.js:32
[ 2292370ms] [ERROR] ./src/lib/utils.ts
Error: 
  × Expected '>', got 'key'
    ╭─[C:\ahmed\ETAPE-B-CCP\app-version2\app\src\lib\utils.ts:12:1]
 12 │   const parts = text.split(regex);
 13 │   return parts.map((part, index) =>
 14 │     regex.test(part) ? (
 15 │       <mark key={index} className="bg-yellow-200 dark:bg-yellow-900/60 text-foreground rounded px-0.5">{part}</mark>
    ·             ───
 16 │     ) : (
 17 │       <span key={index}>{part}</span>
 18 │     )
    ╰────

Caused by:
    Syntax Error

Import trace for requested module:
./src/lib/utils.ts
./src/components/ui/card.tsx
./src/app/(dashboard)/images/page.tsx @ webpack-internal:///(app-pages-browser)/./node_modules/next/dist/client/app-index.js:32
[ 2292371ms] [ERROR] ./src/lib/utils.ts
Error: 
  × Expected '>', got 'key'
    ╭─[C:\ahmed\ETAPE-B-CCP\app-version2\app\src\lib\utils.ts:12:1]
 12 │   const parts = text.split(regex);
 13 │   return parts.map((part, index) =>
 14 │     regex.test(part) ? (
 15 │       <mark key={index} className="bg-yellow-200 dark:bg-yellow-900/60 text-foreground rounded px-0.5">{part}</mark>
    ·             ───
 16 │     ) : (
 17 │       <span key={index}>{part}</span>
 18 │     )
    ╰────

Caused by:
    Syntax Error

Import trace for requested module:
./src/lib/utils.ts
./src/app/layout.tsx @ webpack-internal:///(app-pages-browser)/./node_modules/next/dist/client/app-index.js:32
[ 2317769ms] [ERROR] Failed to load resource: the server responded with a status of 500 (Internal Server Error) @ http://localhost:3000/api/notifications:0
[ 2331887ms] [ERROR] ./src/lib/utils.ts
Error: 
  × Expected '>', got 'key'
    ╭─[C:\ahmed\ETAPE-B-CCP\app-version2\app\src\lib\utils.ts:12:1]
 12 │   const parts = text.split(regex);
 13 │   return parts.map((part, index) =>
 14 │     regex.test(part) ? (
 15 │       <mark key={index} className="bg-yellow-200 dark:bg-yellow-900/60 text-foreground rounded px-0.5">{part}</mark>
    ·             ───
 16 │     ) : (
 17 │       <span key={index}>{part}</span>
 18 │     )
    ╰────

Caused by:
    Syntax Error

Import trace for requested module:
./src/lib/utils.ts
./src/components/ui/card.tsx
./src/app/(dashboard)/images/page.tsx @ webpack-internal:///(app-pages-browser)/./node_modules/next/dist/client/app-index.js:32
[ 2333446ms] [ERROR] ./src/lib/utils.ts
Error: 
  × Expected '>', got 'key'
    ╭─[C:\ahmed\ETAPE-B-CCP\app-version2\app\src\lib\utils.ts:12:1]
 12 │   const parts = text.split(regex);
 13 │   return parts.map((part, index) =>
 14 │     regex.test(part) ? (
 15 │       <mark key={index} className="bg-yellow-200 dark:bg-yellow-900/60 text-foreground rounded px-0.5">{part}</mark>
    ·             ───
 16 │     ) : (
 17 │       <span key={index}>{part}</span>
 18 │     )
    ╰────

Caused by:
    Syntax Error

Import trace for requested module:
./src/lib/utils.ts
./src/components/ui/card.tsx
./src/app/(dashboard)/images/page.tsx @ webpack-internal:///(app-pages-browser)/./node_modules/next/dist/client/app-index.js:32
[ 2334642ms] [ERROR] ./src/lib/utils.ts
Error: 
  × Expected '>', got 'key'
    ╭─[C:\ahmed\ETAPE-B-CCP\app-version2\app\src\lib\utils.ts:12:1]
 12 │   const parts = text.split(regex);
 13 │   return parts.map((part, index) =>
 14 │     regex.test(part) ? (
 15 │       <mark key={index} className="bg-yellow-200 dark:bg-yellow-900/60 text-foreground rounded px-0.5">{part}</mark>
    ·             ───
 16 │     ) : (
 17 │       <span key={index}>{part}</span>
 18 │     )
    ╰────

Caused by:
    Syntax Error

Import trace for requested module:
./src/lib/utils.ts
./src/components/ui/card.tsx
./src/app/(dashboard)/images/page.tsx @ webpack-internal:///(app-pages-browser)/./node_modules/next/dist/client/app-index.js:32
[ 2334643ms] [ERROR] ./src/lib/utils.ts
Error: 
  × Expected '>', got 'key'
    ╭─[C:\ahmed\ETAPE-B-CCP\app-version2\app\src\lib\utils.ts:12:1]
 12 │   const parts = text.split(regex);
 13 │   return parts.map((part, index) =>
 14 │     regex.test(part) ? (
 15 │       <mark key={index} className="bg-yellow-200 dark:bg-yellow-900/60 text-foreground rounded px-0.5">{part}</mark>
    ·             ───
 16 │     ) : (
 17 │       <span key={index}>{part}</span>
 18 │     )
    ╰────

Caused by:
    Syntax Error

Import trace for requested module:
./src/lib/utils.ts
./src/app/layout.tsx @ webpack-internal:///(app-pages-browser)/./node_modules/next/dist/client/app-index.js:32
[ 2347788ms] [ERROR] Failed to load resource: the server responded with a status of 500 (Internal Server Error) @ http://localhost:3000/api/notifications:0
[ 2349408ms] [ERROR] ./src/lib/utils.ts
Error: 
  × Expected '>', got 'key'
    ╭─[C:\ahmed\ETAPE-B-CCP\app-version2\app\src\lib\utils.ts:12:1]
 12 │   const parts = text.split(regex);
 13 │   return parts.map((part, index) =>
 14 │     regex.test(part) ? (
 15 │       <mark key={index} className="bg-yellow-200 dark:bg-yellow-900/60 text-foreground rounded px-0.5">{part}</mark>
    ·             ───
 16 │     ) : (
 17 │       <span key={index}>{part}</span>
 18 │     )
    ╰────

Caused by:
    Syntax Error

Import trace for requested module:
./src/lib/utils.ts
./src/components/ui/card.tsx
./src/app/(dashboard)/images/page.tsx @ webpack-internal:///(app-pages-browser)/./node_modules/next/dist/client/app-index.js:32
[ 2350526ms] [ERROR] ./src/lib/utils.ts
Error: 
  × Expected '>', got 'key'
    ╭─[C:\ahmed\ETAPE-B-CCP\app-version2\app\src\lib\utils.ts:12:1]
 12 │   const parts = text.split(regex);
 13 │   return parts.map((part, index) =>
 14 │     regex.test(part) ? (
 15 │       <mark key={index} className="bg-yellow-200 dark:bg-yellow-900/60 text-foreground rounded px-0.5">{part}</mark>
    ·             ───
 16 │     ) : (
 17 │       <span key={index}>{part}</span>
 18 │     )
    ╰────

Caused by:
    Syntax Error

Import trace for requested module:
./src/lib/utils.ts
./src/components/ui/card.tsx
./src/app/(dashboard)/images/page.tsx @ webpack-internal:///(app-pages-browser)/./node_modules/next/dist/client/app-index.js:32
[ 2351224ms] [ERROR] ./src/lib/utils.ts
Error: 
  × Expected '>', got 'key'
    ╭─[C:\ahmed\ETAPE-B-CCP\app-version2\app\src\lib\utils.ts:12:1]
 12 │   const parts = text.split(regex);
 13 │   return parts.map((part, index) =>
 14 │     regex.test(part) ? (
 15 │       <mark key={index} className="bg-yellow-200 dark:bg-yellow-900/60 text-foreground rounded px-0.5">{part}</mark>
    ·             ───
 16 │     ) : (
 17 │       <span key={index}>{part}</span>
 18 │     )
    ╰────

Caused by:
    Syntax Error

Import trace for requested module:
./src/lib/utils.ts
./src/components/ui/card.tsx
./src/app/(dashboard)/images/page.tsx @ webpack-internal:///(app-pages-browser)/./node_modules/next/dist/client/app-index.js:32
[ 2351225ms] [ERROR] ./src/lib/utils.ts
Error: 
  × Expected '>', got 'key'
    ╭─[C:\ahmed\ETAPE-B-CCP\app-version2\app\src\lib\utils.ts:12:1]
 12 │   const parts = text.split(regex);
 13 │   return parts.map((part, index) =>
 14 │     regex.test(part) ? (
 15 │       <mark key={index} className="bg-yellow-200 dark:bg-yellow-900/60 text-foreground rounded px-0.5">{part}</mark>
    ·             ───
 16 │     ) : (
 17 │       <span key={index}>{part}</span>
 18 │     )
    ╰────

Caused by:
    Syntax Error

Import trace for requested module:
./src/lib/utils.ts
./src/app/layout.tsx @ webpack-internal:///(app-pages-browser)/./node_modules/next/dist/client/app-index.js:32
[ 2377779ms] [ERROR] Failed to load resource: the server responded with a status of 500 (Internal Server Error) @ http://localhost:3000/api/notifications:0
[ 2381746ms] [ERROR] ./src/lib/utils.ts
Error: 
  × Expected '>', got 'key'
    ╭─[C:\ahmed\ETAPE-B-CCP\app-version2\app\src\lib\utils.ts:12:1]
 12 │   const parts = text.split(regex);
 13 │   return parts.map((part, index) =>
 14 │     regex.test(part) ? (
 15 │       <mark key={index} className="bg-yellow-200 dark:bg-yellow-900/60 text-foreground rounded px-0.5">{part}</mark>
    ·             ───
 16 │     ) : (
 17 │       <span key={index}>{part}</span>
 18 │     )
    ╰────

Caused by:
    Syntax Error

Import trace for requested module:
./src/lib/utils.ts
./src/components/ui/card.tsx
./src/app/(dashboard)/images/page.tsx @ webpack-internal:///(app-pages-browser)/./node_modules/next/dist/client/app-index.js:32
[ 2382929ms] [ERROR] ./src/lib/utils.ts
Error: 
  × Expected '>', got 'key'
    ╭─[C:\ahmed\ETAPE-B-CCP\app-version2\app\src\lib\utils.ts:12:1]
 12 │   const parts = text.split(regex);
 13 │   return parts.map((part, index) =>
 14 │     regex.test(part) ? (
 15 │       <mark key={index} className="bg-yellow-200 dark:bg-yellow-900/60 text-foreground rounded px-0.5">{part}</mark>
    ·             ───
 16 │     ) : (
 17 │       <span key={index}>{part}</span>
 18 │     )
    ╰────

Caused by:
    Syntax Error

Import trace for requested module:
./src/lib/utils.ts
./src/components/ui/card.tsx
./src/app/(dashboard)/images/page.tsx @ webpack-internal:///(app-pages-browser)/./node_modules/next/dist/client/app-index.js:32
[ 2383593ms] [ERROR] ./src/lib/utils.ts
Error: 
  × Expected '>', got 'key'
    ╭─[C:\ahmed\ETAPE-B-CCP\app-version2\app\src\lib\utils.ts:12:1]
 12 │   const parts = text.split(regex);
 13 │   return parts.map((part, index) =>
 14 │     regex.test(part) ? (
 15 │       <mark key={index} className="bg-yellow-200 dark:bg-yellow-900/60 text-foreground rounded px-0.5">{part}</mark>
    ·             ───
 16 │     ) : (
 17 │       <span key={index}>{part}</span>
 18 │     )
    ╰────

Caused by:
    Syntax Error

Import trace for requested module:
./src/lib/utils.ts
./src/components/ui/card.tsx
./src/app/(dashboard)/images/page.tsx @ webpack-internal:///(app-pages-browser)/./node_modules/next/dist/client/app-index.js:32
[ 2383593ms] [ERROR] ./src/lib/utils.ts
Error: 
  × Expected '>', got 'key'
    ╭─[C:\ahmed\ETAPE-B-CCP\app-version2\app\src\lib\utils.ts:12:1]
 12 │   const parts = text.split(regex);
 13 │   return parts.map((part, index) =>
 14 │     regex.test(part) ? (
 15 │       <mark key={index} className="bg-yellow-200 dark:bg-yellow-900/60 text-foreground rounded px-0.5">{part}</mark>
    ·             ───
 16 │     ) : (
 17 │       <span key={index}>{part}</span>
 18 │     )
    ╰────

Caused by:
    Syntax Error

Import trace for requested module:
./src/lib/utils.ts
./src/app/layout.tsx @ webpack-internal:///(app-pages-browser)/./node_modules/next/dist/client/app-index.js:32
[ 2407789ms] [ERROR] Failed to load resource: the server responded with a status of 500 (Internal Server Error) @ http://localhost:3000/api/notifications:0
[ 2437804ms] [ERROR] Failed to load resource: the server responded with a status of 500 (Internal Server Error) @ http://localhost:3000/api/notifications:0
[ 2450113ms] [ERROR] ./src/lib/utils.ts
Error: 
  × Expected '>', got 'key'
    ╭─[C:\ahmed\ETAPE-B-CCP\app-version2\app\src\lib\utils.ts:12:1]
 12 │   const parts = text.split(regex);
 13 │   return parts.map((part, index) =>
 14 │     regex.test(part) ? (
 15 │       <mark key={index} className="bg-yellow-200 dark:bg-yellow-900/60 text-foreground rounded px-0.5">{part}</mark>
    ·             ───
 16 │     ) : (
 17 │       <span key={index}>{part}</span>
 18 │     )
    ╰────

Caused by:
    Syntax Error

Import trace for requested module:
./src/lib/utils.ts
./src/components/ui/card.tsx
./src/app/(dashboard)/images/page.tsx @ webpack-internal:///(app-pages-browser)/./node_modules/next/dist/client/app-index.js:32
[ 2451943ms] [ERROR] ./src/lib/utils.ts
Error: 
  × Expected '>', got 'key'
    ╭─[C:\ahmed\ETAPE-B-CCP\app-version2\app\src\lib\utils.ts:12:1]
 12 │   const parts = text.split(regex);
 13 │   return parts.map((part, index) =>
 14 │     regex.test(part) ? (
 15 │       <mark key={index} className="bg-yellow-200 dark:bg-yellow-900/60 text-foreground rounded px-0.5">{part}</mark>
    ·             ───
 16 │     ) : (
 17 │       <span key={index}>{part}</span>
 18 │     )
    ╰────

Caused by:
    Syntax Error

Import trace for requested module:
./src/lib/utils.ts
./src/components/ui/card.tsx
./src/app/(dashboard)/images/page.tsx @ webpack-internal:///(app-pages-browser)/./node_modules/next/dist/client/app-index.js:32
[ 2453378ms] [ERROR] ./src/lib/utils.ts
Error: 
  × Expected '>', got 'key'
    ╭─[C:\ahmed\ETAPE-B-CCP\app-version2\app\src\lib\utils.ts:12:1]
 12 │   const parts = text.split(regex);
 13 │   return parts.map((part, index) =>
 14 │     regex.test(part) ? (
 15 │       <mark key={index} className="bg-yellow-200 dark:bg-yellow-900/60 text-foreground rounded px-0.5">{part}</mark>
    ·             ───
 16 │     ) : (
 17 │       <span key={index}>{part}</span>
 18 │     )
    ╰────

Caused by:
    Syntax Error

Import trace for requested module:
./src/lib/utils.ts
./src/components/ui/card.tsx
./src/app/(dashboard)/images/page.tsx @ webpack-internal:///(app-pages-browser)/./node_modules/next/dist/client/app-index.js:32
[ 2453379ms] [ERROR] ./src/lib/utils.ts
Error: 
  × Expected '>', got 'key'
    ╭─[C:\ahmed\ETAPE-B-CCP\app-version2\app\src\lib\utils.ts:12:1]
 12 │   const parts = text.split(regex);
 13 │   return parts.map((part, index) =>
 14 │     regex.test(part) ? (
 15 │       <mark key={index} className="bg-yellow-200 dark:bg-yellow-900/60 text-foreground rounded px-0.5">{part}</mark>
    ·             ───
 16 │     ) : (
 17 │       <span key={index}>{part}</span>
 18 │     )
    ╰────

Caused by:
    Syntax Error

Import trace for requested module:
./src/lib/utils.ts
./src/app/layout.tsx @ webpack-internal:///(app-pages-browser)/./node_modules/next/dist/client/app-index.js:32
[ 2453935ms] [ERROR] ./src/lib/utils.ts
Error: 
  × Expected '>', got 'key'
    ╭─[C:\ahmed\ETAPE-B-CCP\app-version2\app\src\lib\utils.ts:12:1]
 12 │   const parts = text.split(regex);
 13 │   return parts.map((part, index) =>
 14 │     regex.test(part) ? (
 15 │       <mark key={index} className="bg-yellow-200 dark:bg-yellow-900/60 text-foreground rounded px-0.5">{part}</mark>
    ·             ───
 16 │     ) : (
 17 │       <span key={index}>{part}</span>
 18 │     )
    ╰────

Caused by:
    Syntax Error

Import trace for requested module:
./src/lib/utils.ts
./src/app/(dashboard)/structure-bdd/page.tsx @ webpack-internal:///(app-pages-browser)/./node_modules/next/dist/client/app-index.js:32
[ 2453935ms] [ERROR] ./src/lib/utils.ts
Error: 
  × Expected '>', got 'key'
    ╭─[C:\ahmed\ETAPE-B-CCP\app-version2\app\src\lib\utils.ts:12:1]
 12 │   const parts = text.split(regex);
 13 │   return parts.map((part, index) =>
 14 │     regex.test(part) ? (
 15 │       <mark key={index} className="bg-yellow-200 dark:bg-yellow-900/60 text-foreground rounded px-0.5">{part}</mark>
    ·             ───
 16 │     ) : (
 17 │       <span key={index}>{part}</span>
 18 │     )
    ╰────

Caused by:
    Syntax Error

Import trace for requested module:
./src/lib/utils.ts
./src/app/layout.tsx @ webpack-internal:///(app-pages-browser)/./node_modules/next/dist/client/app-index.js:32
[ 2467794ms] [ERROR] Failed to load resource: the server responded with a status of 500 (Internal Server Error) @ http://localhost:3000/api/notifications:0
[ 2473710ms] [ERROR] ./src/lib/utils.ts
Error: 
  × Expected '>', got 'key'
    ╭─[C:\ahmed\ETAPE-B-CCP\app-version2\app\src\lib\utils.ts:12:1]
 12 │   const parts = text.split(regex);
 13 │   return parts.map((part, index) =>
 14 │     regex.test(part) ? (
 15 │       <mark key={index} className="bg-yellow-200 dark:bg-yellow-900/60 text-foreground rounded px-0.5">{part}</mark>
    ·             ───
 16 │     ) : (
 17 │       <span key={index}>{part}</span>
 18 │     )
    ╰────

Caused by:
    Syntax Error

Import trace for requested module:
./src/lib/utils.ts
./src/components/ui/card.tsx
./src/app/(dashboard)/images/page.tsx @ webpack-internal:///(app-pages-browser)/./node_modules/next/dist/client/app-index.js:32
[ 2474853ms] [ERROR] ./src/lib/utils.ts
Error: 
  × Expected '>', got 'key'
    ╭─[C:\ahmed\ETAPE-B-CCP\app-version2\app\src\lib\utils.ts:12:1]
 12 │   const parts = text.split(regex);
 13 │   return parts.map((part, index) =>
 14 │     regex.test(part) ? (
 15 │       <mark key={index} className="bg-yellow-200 dark:bg-yellow-900/60 text-foreground rounded px-0.5">{part}</mark>
    ·             ───
 16 │     ) : (
 17 │       <span key={index}>{part}</span>
 18 │     )
    ╰────

Caused by:
    Syntax Error

Import trace for requested module:
./src/lib/utils.ts
./src/components/ui/card.tsx
./src/app/(dashboard)/images/page.tsx @ webpack-internal:///(app-pages-browser)/./node_modules/next/dist/client/app-index.js:32
[ 2475387ms] [ERROR] ./src/lib/utils.ts
Error: 
  × Expected '>', got 'key'
    ╭─[C:\ahmed\ETAPE-B-CCP\app-version2\app\src\lib\utils.ts:12:1]
 12 │   const parts = text.split(regex);
 13 │   return parts.map((part, index) =>
 14 │     regex.test(part) ? (
 15 │       <mark key={index} className="bg-yellow-200 dark:bg-yellow-900/60 text-foreground rounded px-0.5">{part}</mark>
    ·             ───
 16 │     ) : (
 17 │       <span key={index}>{part}</span>
 18 │     )
    ╰────

Caused by:
    Syntax Error

Import trace for requested module:
./src/lib/utils.ts
./src/components/dashboard/sidebar.tsx
./src/app/(dashboard)/layout.tsx @ webpack-internal:///(app-pages-browser)/./node_modules/next/dist/client/app-index.js:32
[ 2475388ms] [ERROR] ./src/lib/utils.ts
Error: 
  × Expected '>', got 'key'
    ╭─[C:\ahmed\ETAPE-B-CCP\app-version2\app\src\lib\utils.ts:12:1]
 12 │   const parts = text.split(regex);
 13 │   return parts.map((part, index) =>
 14 │     regex.test(part) ? (
 15 │       <mark key={index} className="bg-yellow-200 dark:bg-yellow-900/60 text-foreground rounded px-0.5">{part}</mark>
    ·             ───
 16 │     ) : (
 17 │       <span key={index}>{part}</span>
 18 │     )
    ╰────

Caused by:
    Syntax Error

Import trace for requested module:
./src/lib/utils.ts
./src/app/layout.tsx @ webpack-internal:///(app-pages-browser)/./node_modules/next/dist/client/app-index.js:32
[ 2497793ms] [ERROR] Failed to load resource: the server responded with a status of 500 (Internal Server Error) @ http://localhost:3000/api/notifications:0
[ 2507882ms] [ERROR] ./src/lib/utils.ts
Error: 
  × Expected '>', got 'key'
    ╭─[C:\ahmed\ETAPE-B-CCP\app-version2\app\src\lib\utils.ts:12:1]
 12 │   const parts = text.split(regex);
 13 │   return parts.map((part, index) =>
 14 │     regex.test(part) ? (
 15 │       <mark key={index} className="bg-yellow-200 dark:bg-yellow-900/60 text-foreground rounded px-0.5">{part}</mark>
    ·             ───
 16 │     ) : (
 17 │       <span key={index}>{part}</span>
 18 │     )
    ╰────

Caused by:
    Syntax Error

Import trace for requested module:
./src/lib/utils.ts
./src/components/ui/card.tsx
./src/app/(dashboard)/images/page.tsx @ webpack-internal:///(app-pages-browser)/./node_modules/next/dist/client/app-index.js:32
[ 2508927ms] [ERROR] ./src/lib/utils.ts
Error: 
  × Expected '>', got 'key'
    ╭─[C:\ahmed\ETAPE-B-CCP\app-version2\app\src\lib\utils.ts:12:1]
 12 │   const parts = text.split(regex);
 13 │   return parts.map((part, index) =>
 14 │     regex.test(part) ? (
 15 │       <mark key={index} className="bg-yellow-200 dark:bg-yellow-900/60 text-foreground rounded px-0.5">{part}</mark>
    ·             ───
 16 │     ) : (
 17 │       <span key={index}>{part}</span>
 18 │     )
    ╰────

Caused by:
    Syntax Error

Import trace for requested module:
./src/lib/utils.ts
./src/components/ui/card.tsx
./src/app/(dashboard)/images/page.tsx @ webpack-internal:///(app-pages-browser)/./node_modules/next/dist/client/app-index.js:32
[ 2509749ms] [ERROR] ./src/lib/utils.ts
Error: 
  × Expected '>', got 'key'
    ╭─[C:\ahmed\ETAPE-B-CCP\app-version2\app\src\lib\utils.ts:12:1]
 12 │   const parts = text.split(regex);
 13 │   return parts.map((part, index) =>
 14 │     regex.test(part) ? (
 15 │       <mark key={index} className="bg-yellow-200 dark:bg-yellow-900/60 text-foreground rounded px-0.5">{part}</mark>
    ·             ───
 16 │     ) : (
 17 │       <span key={index}>{part}</span>
 18 │     )
    ╰────

Caused by:
    Syntax Error

Import trace for requested module:
./src/lib/utils.ts
./src/components/ui/card.tsx
./src/app/(dashboard)/images/page.tsx @ webpack-internal:///(app-pages-browser)/./node_modules/next/dist/client/app-index.js:32
[ 2509749ms] [ERROR] ./src/lib/utils.ts
Error: 
  × Expected '>', got 'key'
    ╭─[C:\ahmed\ETAPE-B-CCP\app-version2\app\src\lib\utils.ts:12:1]
 12 │   const parts = text.split(regex);
 13 │   return parts.map((part, index) =>
 14 │     regex.test(part) ? (
 15 │       <mark key={index} className="bg-yellow-200 dark:bg-yellow-900/60 text-foreground rounded px-0.5">{part}</mark>
    ·             ───
 16 │     ) : (
 17 │       <span key={index}>{part}</span>
 18 │     )
    ╰────

Caused by:
    Syntax Error

Import trace for requested module:
./src/lib/utils.ts
./src/app/layout.tsx @ webpack-internal:///(app-pages-browser)/./node_modules/next/dist/client/app-index.js:32
[ 2527758ms] [ERROR] Failed to load resource: the server responded with a status of 500 (Internal Server Error) @ http://localhost:3000/api/notifications:0
[ 2556358ms] [ERROR] ./src/lib/utils.ts
Error: 
  × Expected '>', got 'key'
    ╭─[C:\ahmed\ETAPE-B-CCP\app-version2\app\src\lib\utils.ts:12:1]
 12 │   const parts = text.split(regex);
 13 │   return parts.map((part, index) =>
 14 │     regex.test(part) ? (
 15 │       <mark key={index} className="bg-yellow-200 dark:bg-yellow-900/60 text-foreground rounded px-0.5">{part}</mark>
    ·             ───
 16 │     ) : (
 17 │       <span key={index}>{part}</span>
 18 │     )
    ╰────

Caused by:
    Syntax Error

Import trace for requested module:
./src/lib/utils.ts
./src/components/ui/card.tsx
./src/app/(dashboard)/images/page.tsx @ webpack-internal:///(app-pages-browser)/./node_modules/next/dist/client/app-index.js:32
[ 2557395ms] [ERROR] ./src/lib/utils.ts
Error: 
  × Expected '>', got 'key'
    ╭─[C:\ahmed\ETAPE-B-CCP\app-version2\app\src\lib\utils.ts:12:1]
 12 │   const parts = text.split(regex);
 13 │   return parts.map((part, index) =>
 14 │     regex.test(part) ? (
 15 │       <mark key={index} className="bg-yellow-200 dark:bg-yellow-900/60 text-foreground rounded px-0.5">{part}</mark>
    ·             ───
 16 │     ) : (
 17 │       <span key={index}>{part}</span>
 18 │     )
    ╰────

Caused by:
    Syntax Error

Import trace for requested module:
./src/lib/utils.ts
./src/components/ui/card.tsx
./src/app/(dashboard)/images/page.tsx @ webpack-internal:///(app-pages-browser)/./node_modules/next/dist/client/app-index.js:32
[ 2557985ms] [ERROR] ./src/lib/utils.ts
Error: 
  × Expected '>', got 'key'
    ╭─[C:\ahmed\ETAPE-B-CCP\app-version2\app\src\lib\utils.ts:12:1]
 12 │   const parts = text.split(regex);
 13 │   return parts.map((part, index) =>
 14 │     regex.test(part) ? (
 15 │       <mark key={index} className="bg-yellow-200 dark:bg-yellow-900/60 text-foreground rounded px-0.5">{part}</mark>
    ·             ───
 16 │     ) : (
 17 │       <span key={index}>{part}</span>
 18 │     )
    ╰────

Caused by:
    Syntax Error

Import trace for requested module:
./src/lib/utils.ts
./src/components/dashboard/sidebar.tsx
./src/app/(dashboard)/layout.tsx @ webpack-internal:///(app-pages-browser)/./node_modules/next/dist/client/app-index.js:32
[ 2557985ms] [ERROR] ./src/lib/utils.ts
Error: 
  × Expected '>', got 'key'
    ╭─[C:\ahmed\ETAPE-B-CCP\app-version2\app\src\lib\utils.ts:12:1]
 12 │   const parts = text.split(regex);
 13 │   return parts.map((part, index) =>
 14 │     regex.test(part) ? (
 15 │       <mark key={index} className="bg-yellow-200 dark:bg-yellow-900/60 text-foreground rounded px-0.5">{part}</mark>
    ·             ───
 16 │     ) : (
 17 │       <span key={index}>{part}</span>
 18 │     )
    ╰────

Caused by:
    Syntax Error

Import trace for requested module:
./src/lib/utils.ts
./src/app/layout.tsx @ webpack-internal:///(app-pages-browser)/./node_modules/next/dist/client/app-index.js:32
[ 2558330ms] [ERROR] Failed to load resource: the server responded with a status of 500 (Internal Server Error) @ http://localhost:3000/api/notifications:0
[ 2587791ms] [ERROR] Failed to load resource: the server responded with a status of 500 (Internal Server Error) @ http://localhost:3000/api/notifications:0
[ 2593499ms] [ERROR] ./src/lib/utils.ts
Error: 
  × Expected '>', got 'key'
    ╭─[C:\ahmed\ETAPE-B-CCP\app-version2\app\src\lib\utils.ts:12:1]
 12 │   const parts = text.split(regex);
 13 │   return parts.map((part, index) =>
 14 │     regex.test(part) ? (
 15 │       <mark key={index} className="bg-yellow-200 dark:bg-yellow-900/60 text-foreground rounded px-0.5">{part}</mark>
    ·             ───
 16 │     ) : (
 17 │       <span key={index}>{part}</span>
 18 │     )
    ╰────

Caused by:
    Syntax Error

Import trace for requested module:
./src/lib/utils.ts
./src/components/ui/card.tsx
./src/app/(dashboard)/images/page.tsx @ webpack-internal:///(app-pages-browser)/./node_modules/next/dist/client/app-index.js:32
[ 2594690ms] [ERROR] ./src/lib/utils.ts
Error: 
  × Expected '>', got 'key'
    ╭─[C:\ahmed\ETAPE-B-CCP\app-version2\app\src\lib\utils.ts:12:1]
 12 │   const parts = text.split(regex);
 13 │   return parts.map((part, index) =>
 14 │     regex.test(part) ? (
 15 │       <mark key={index} className="bg-yellow-200 dark:bg-yellow-900/60 text-foreground rounded px-0.5">{part}</mark>
    ·             ───
 16 │     ) : (
 17 │       <span key={index}>{part}</span>
 18 │     )
    ╰────

Caused by:
    Syntax Error

Import trace for requested module:
./src/lib/utils.ts
./src/components/ui/card.tsx
./src/app/(dashboard)/images/page.tsx @ webpack-internal:///(app-pages-browser)/./node_modules/next/dist/client/app-index.js:32
[ 2595530ms] [ERROR] ./src/lib/utils.ts
Error: 
  × Expected '>', got 'key'
    ╭─[C:\ahmed\ETAPE-B-CCP\app-version2\app\src\lib\utils.ts:12:1]
 12 │   const parts = text.split(regex);
 13 │   return parts.map((part, index) =>
 14 │     regex.test(part) ? (
 15 │       <mark key={index} className="bg-yellow-200 dark:bg-yellow-900/60 text-foreground rounded px-0.5">{part}</mark>
    ·             ───
 16 │     ) : (
 17 │       <span key={index}>{part}</span>
 18 │     )
    ╰────

Caused by:
    Syntax Error

Import trace for requested module:
./src/lib/utils.ts
./src/components/ui/card.tsx
./src/app/(dashboard)/images/page.tsx @ webpack-internal:///(app-pages-browser)/./node_modules/next/dist/client/app-index.js:32
[ 2595530ms] [ERROR] ./src/lib/utils.ts
Error: 
  × Expected '>', got 'key'
    ╭─[C:\ahmed\ETAPE-B-CCP\app-version2\app\src\lib\utils.ts:12:1]
 12 │   const parts = text.split(regex);
 13 │   return parts.map((part, index) =>
 14 │     regex.test(part) ? (
 15 │       <mark key={index} className="bg-yellow-200 dark:bg-yellow-900/60 text-foreground rounded px-0.5">{part}</mark>
    ·             ───
 16 │     ) : (
 17 │       <span key={index}>{part}</span>
 18 │     )
    ╰────

Caused by:
    Syntax Error

Import trace for requested module:
./src/lib/utils.ts
./src/app/layout.tsx @ webpack-internal:///(app-pages-browser)/./node_modules/next/dist/client/app-index.js:32
[ 2617772ms] [ERROR] Failed to load resource: the server responded with a status of 500 (Internal Server Error) @ http://localhost:3000/api/notifications:0
[ 2641395ms] [ERROR] ./src/lib/utils.ts
Error: 
  × Expected '>', got 'key'
    ╭─[C:\ahmed\ETAPE-B-CCP\app-version2\app\src\lib\utils.ts:12:1]
 12 │   const parts = text.split(regex);
 13 │   return parts.map((part, index) =>
 14 │     regex.test(part) ? (
 15 │       <mark key={index} className="bg-yellow-200 dark:bg-yellow-900/60 text-foreground rounded px-0.5">{part}</mark>
    ·             ───
 16 │     ) : (
 17 │       <span key={index}>{part}</span>
 18 │     )
    ╰────

Caused by:
    Syntax Error

Import trace for requested module:
./src/lib/utils.ts
./src/components/ui/card.tsx
./src/app/(dashboard)/images/page.tsx @ webpack-internal:///(app-pages-browser)/./node_modules/next/dist/client/app-index.js:32
[ 2642364ms] [ERROR] ./src/lib/utils.ts
Error: 
  × Expected '>', got 'key'
    ╭─[C:\ahmed\ETAPE-B-CCP\app-version2\app\src\lib\utils.ts:12:1]
 12 │   const parts = text.split(regex);
 13 │   return parts.map((part, index) =>
 14 │     regex.test(part) ? (
 15 │       <mark key={index} className="bg-yellow-200 dark:bg-yellow-900/60 text-foreground rounded px-0.5">{part}</mark>
    ·             ───
 16 │     ) : (
 17 │       <span key={index}>{part}</span>
 18 │     )
    ╰────

Caused by:
    Syntax Error

Import trace for requested module:
./src/lib/utils.ts
./src/components/ui/card.tsx
./src/app/(dashboard)/images/page.tsx @ webpack-internal:///(app-pages-browser)/./node_modules/next/dist/client/app-index.js:32
[ 2643504ms] [ERROR] ./src/lib/utils.ts
Error: 
  × Expected '>', got 'key'
    ╭─[C:\ahmed\ETAPE-B-CCP\app-version2\app\src\lib\utils.ts:12:1]
 12 │   const parts = text.split(regex);
 13 │   return parts.map((part, index) =>
 14 │     regex.test(part) ? (
 15 │       <mark key={index} className="bg-yellow-200 dark:bg-yellow-900/60 text-foreground rounded px-0.5">{part}</mark>
    ·             ───
 16 │     ) : (
 17 │       <span key={index}>{part}</span>
 18 │     )
    ╰────

Caused by:
    Syntax Error

Import trace for requested module:
./src/lib/utils.ts
./src/components/ui/card.tsx
./src/app/(dashboard)/images/page.tsx @ webpack-internal:///(app-pages-browser)/./node_modules/next/dist/client/app-index.js:32
[ 2643505ms] [ERROR] ./src/lib/utils.ts
Error: 
  × Expected '>', got 'key'
    ╭─[C:\ahmed\ETAPE-B-CCP\app-version2\app\src\lib\utils.ts:12:1]
 12 │   const parts = text.split(regex);
 13 │   return parts.map((part, index) =>
 14 │     regex.test(part) ? (
 15 │       <mark key={index} className="bg-yellow-200 dark:bg-yellow-900/60 text-foreground rounded px-0.5">{part}</mark>
    ·             ───
 16 │     ) : (
 17 │       <span key={index}>{part}</span>
 18 │     )
    ╰────

Caused by:
    Syntax Error

Import trace for requested module:
./src/lib/utils.ts
./src/app/layout.tsx @ webpack-internal:///(app-pages-browser)/./node_modules/next/dist/client/app-index.js:32
[ 2647776ms] [ERROR] Failed to load resource: the server responded with a status of 500 (Internal Server Error) @ http://localhost:3000/api/notifications:0
[ 2677794ms] [ERROR] Failed to load resource: the server responded with a status of 500 (Internal Server Error) @ http://localhost:3000/api/notifications:0
[ 2708907ms] [ERROR] Failed to load resource: the server responded with a status of 500 (Internal Server Error) @ http://localhost:3000/api/notifications:0
[ 2721723ms] [ERROR] ./src/lib/utils.ts
Error: 
  × Expected '>', got 'key'
    ╭─[C:\ahmed\ETAPE-B-CCP\app-version2\app\src\lib\utils.ts:12:1]
 12 │   const parts = text.split(regex);
 13 │   return parts.map((part, index) =>
 14 │     regex.test(part) ? (
 15 │       <mark key={index} className="bg-yellow-200 dark:bg-yellow-900/60 text-foreground rounded px-0.5">{part}</mark>
    ·             ───
 16 │     ) : (
 17 │       <span key={index}>{part}</span>
 18 │     )
    ╰────

Caused by:
    Syntax Error

Import trace for requested module:
./src/lib/utils.ts
./src/app/(dashboard)/structure-bdd/page.tsx @ webpack-internal:///(app-pages-browser)/./node_modules/next/dist/client/app-index.js:32
[ 2721733ms] [LOG] [Fast Refresh] rebuilding @ webpack-internal:///(app-pages-browser)/./node_modules/next/dist/client/components/react-dev-overlay/app/hot-reloader-client.js:186
[ 2724678ms] [WARNING] ./src/app/(dashboard)/structure-bdd/page.tsx
Attempted import error: 'highlightText' is not exported from '@/lib/utils' (imported as 'highlightText').

Import trace for requested module:
./src/app/(dashboard)/structure-bdd/page.tsx @ webpack-internal:///(app-pages-browser)/./node_modules/next/dist/client/components/react-dev-overlay/app/hot-reloader-client.js:226
[ 2725028ms] [LOG] [StructureBDD] render loading @ webpack-internal:///(app-pages-browser)/./src/app/(dashboard)/structure-bdd/page.tsx:1739
[ 2725029ms] [LOG] [StructureBDD] render loading @ webpack-internal:///(app-pages-browser)/./src/app/(dashboard)/structure-bdd/page.tsx:1739
[ 2725039ms] [LOG] [StructureBDD] mount @ webpack-internal:///(app-pages-browser)/./src/app/(dashboard)/structure-bdd/page.tsx:657
[ 2725041ms] [LOG] [StructureBDD] loadTrees start @ webpack-internal:///(app-pages-browser)/./src/app/(dashboard)/structure-bdd/page.tsx:526
[ 2725044ms] [LOG] [StructureBDD] mount @ webpack-internal:///(app-pages-browser)/./src/app/(dashboard)/structure-bdd/page.tsx:657
[ 2725045ms] [LOG] [StructureBDD] loadTrees start @ webpack-internal:///(app-pages-browser)/./src/app/(dashboard)/structure-bdd/page.tsx:526
[ 2725058ms] [LOG] [Fast Refresh] done in 3326ms @ webpack-internal:///(app-pages-browser)/./node_modules/next/dist/client/components/react-dev-overlay/app/hot-reloader-client.js:43
[ 2725059ms] [LOG] [StructureBDD] local tree loaded {count: 0} @ webpack-internal:///(app-pages-browser)/./src/app/(dashboard)/structure-bdd/page.tsx:555
[ 2725060ms] [LOG] [StructureBDD] local tree loaded {count: 0} @ webpack-internal:///(app-pages-browser)/./src/app/(dashboard)/structure-bdd/page.tsx:555
[ 2725064ms] [LOG] [StructureBDD] render loading @ webpack-internal:///(app-pages-browser)/./src/app/(dashboard)/structure-bdd/page.tsx:1739
[ 2725064ms] [LOG] [StructureBDD] render loading @ webpack-internal:///(app-pages-browser)/./src/app/(dashboard)/structure-bdd/page.tsx:1739
[ 2725068ms] [LOG] [StructureBDD] vector docs loaded {count: 0} @ webpack-internal:///(app-pages-browser)/./src/app/(dashboard)/structure-bdd/page.tsx:579
[ 2725070ms] [LOG] [StructureBDD] vector docs loaded {count: 0} @ webpack-internal:///(app-pages-browser)/./src/app/(dashboard)/structure-bdd/page.tsx:579
[ 2725075ms] [LOG] [StructureBDD] render loading @ webpack-internal:///(app-pages-browser)/./src/app/(dashboard)/structure-bdd/page.tsx:1739
[ 2725075ms] [LOG] [StructureBDD] render loading @ webpack-internal:///(app-pages-browser)/./src/app/(dashboard)/structure-bdd/page.tsx:1739
[ 2725078ms] [LOG] [StructureBDD] vector tree loaded {count: 0} @ webpack-internal:///(app-pages-browser)/./src/app/(dashboard)/structure-bdd/page.tsx:593
[ 2725079ms] [LOG] [StructureBDD] vector tree loaded {count: 0} @ webpack-internal:///(app-pages-browser)/./src/app/(dashboard)/structure-bdd/page.tsx:593
[ 2725081ms] [LOG] [StructureBDD] render loading @ webpack-internal:///(app-pages-browser)/./src/app/(dashboard)/structure-bdd/page.tsx:1739
[ 2725081ms] [LOG] [StructureBDD] render loading @ webpack-internal:///(app-pages-browser)/./src/app/(dashboard)/structure-bdd/page.tsx:1739
[ 2725197ms] [LOG] [StructureBDD] render loading @ webpack-internal:///(app-pages-browser)/./src/app/(dashboard)/structure-bdd/page.tsx:1739
[ 2725198ms] [LOG] [StructureBDD] render loading @ webpack-internal:///(app-pages-browser)/./src/app/(dashboard)/structure-bdd/page.tsx:1739
[ 2725562ms] [LOG] [StructureBDD] render loading @ webpack-internal:///(app-pages-browser)/./src/app/(dashboard)/structure-bdd/page.tsx:1739
[ 2725563ms] [LOG] [StructureBDD] render loading @ webpack-internal:///(app-pages-browser)/./src/app/(dashboard)/structure-bdd/page.tsx:1739
[ 2727337ms] [LOG] [StructureBDD] /api/images/tree status 200 @ webpack-internal:///(app-pages-browser)/./src/app/(dashboard)/structure-bdd/page.tsx:620
[ 2727343ms] [LOG] [StructureBDD] image tree loaded {count: 0} @ webpack-internal:///(app-pages-browser)/./src/app/(dashboard)/structure-bdd/page.tsx:625
[ 2727344ms] [LOG] [StructureBDD] render loading @ webpack-internal:///(app-pages-browser)/./src/app/(dashboard)/structure-bdd/page.tsx:1739
[ 2727344ms] [LOG] [StructureBDD] render loading @ webpack-internal:///(app-pages-browser)/./src/app/(dashboard)/structure-bdd/page.tsx:1739
[ 2727542ms] [LOG] [StructureBDD] /api/tree status 200 @ webpack-internal:///(app-pages-browser)/./src/app/(dashboard)/structure-bdd/page.tsx:534
[ 2727593ms] [LOG] [StructureBDD] web tree loaded {count: 6} @ webpack-internal:///(app-pages-browser)/./src/app/(dashboard)/structure-bdd/page.tsx:542
[ 2727595ms] [LOG] [StructureBDD] render loading @ webpack-internal:///(app-pages-browser)/./src/app/(dashboard)/structure-bdd/page.tsx:1739
[ 2727596ms] [LOG] [StructureBDD] render loading @ webpack-internal:///(app-pages-browser)/./src/app/(dashboard)/structure-bdd/page.tsx:1739
[ 2728277ms] [LOG] [StructureBDD] /api/images/tree status 200 @ webpack-internal:///(app-pages-browser)/./src/app/(dashboard)/structure-bdd/page.tsx:620
[ 2728278ms] [LOG] [StructureBDD] image tree loaded {count: 0} @ webpack-internal:///(app-pages-browser)/./src/app/(dashboard)/structure-bdd/page.tsx:625
[ 2728279ms] [LOG] [StructureBDD] render loading @ webpack-internal:///(app-pages-browser)/./src/app/(dashboard)/structure-bdd/page.tsx:1739
[ 2728279ms] [LOG] [StructureBDD] render loading @ webpack-internal:///(app-pages-browser)/./src/app/(dashboard)/structure-bdd/page.tsx:1739
[ 2729628ms] [LOG] [StructureBDD] /api/tree status 200 @ webpack-internal:///(app-pages-browser)/./src/app/(dashboard)/structure-bdd/page.tsx:534
[ 2729630ms] [LOG] [StructureBDD] web tree loaded {count: 6} @ webpack-internal:///(app-pages-browser)/./src/app/(dashboard)/structure-bdd/page.tsx:542
[ 2729633ms] [LOG] [StructureBDD] render loading @ webpack-internal:///(app-pages-browser)/./src/app/(dashboard)/structure-bdd/page.tsx:1739
[ 2729633ms] [LOG] [StructureBDD] render loading @ webpack-internal:///(app-pages-browser)/./src/app/(dashboard)/structure-bdd/page.tsx:1739
[ 2729750ms] [LOG] [StructureBDD] render result {web: 6, local: 0, vector: 0, images: 0, webError: false} @ webpack-internal:///(app-pages-browser)/./src/app/(dashboard)/structure-bdd/page.tsx:1756
[ 2729752ms] [LOG] [StructureBDD] render result {web: 6, local: 0, vector: 0, images: 0, webError: false} @ webpack-internal:///(app-pages-browser)/./src/app/(dashboard)/structure-bdd/page.tsx:1756
[ 2729784ms] [ERROR] Warning: Cannot update a component (`%s`) while rendering a different component (`%s`). To locate the bad setState() call inside `%s`, follow the stack trace as described in https://reactjs.org/link/setstate-in-render%s HotReload TreeNodeItem TreeNodeItem 
    at TreeNodeItem (webpack-internal:///(app-pages-browser)/./src/app/(dashboard)/structure-bdd/page.tsx:107:11)
    at div
    at div
    at _c (webpack-internal:///(app-pages-browser)/./src/components/ui/card.tsx:19:11)
    at div
    at section
    at StructureBDDPage (webpack-internal:///(app-pages-browser)/./src/app/(dashboard)/structure-bdd/page.tsx:434:82)
    at ClientPageRoot (webpack-internal:///(app-pages-browser)/./node_modules/next/dist/client/components/client-page.js:14:11)
    at InnerLayoutRouter (webpack-internal:///(app-pages-browser)/./node_modules/next/dist/client/components/layout-router.js:243:11)
    at RedirectErrorBoundary (webpack-internal:///(app-pages-browser)/./node_modules/next/dist/client/components/redirect-boundary.js:74:9)
    at RedirectBoundary (webpack-internal:///(app-pages-browser)/./node_modules/next/dist/client/components/redirect-boundary.js:82:11)
    at NotFoundBoundary (webpack-internal:///(app-pages-browser)/./node_modules/next/dist/client/components/not-found-boundary.js:84:11)
    at LoadingBoundary (webpack-internal:///(app-pages-browser)/./node_modules/next/dist/client/components/layout-router.js:349:11)
    at ErrorBoundary (webpack-internal:///(app-pages-browser)/./node_modules/next/dist/client/components/error-boundary.js:160:11)
    at InnerScrollAndFocusHandler (webpack-internal:///(app-pages-browser)/./node_modules/next/dist/client/components/layout-router.js:153:9)
    at ScrollAndFocusHandler (webpack-internal:///(app-pages-browser)/./node_modules/next/dist/client/components/layout-router.js:228:11)
    at RenderFromTemplateContext (webpack-internal:///(app-pages-browser)/./node_modules/next/dist/client/components/render-from-template-context.js:16:44)
    at OuterLayoutRouter (webpack-internal:///(app-pages-browser)/./node_modules/next/dist/client/components/layout-router.js:370:11)
    at InnerLayoutRouter (webpack-internal:///(app-pages-browser)/./node_modules/next/dist/client/components/layout-router.js:243:11)
    at RedirectErrorBoundary (webpack-internal:///(app-pages-browser)/./node_modules/next/dist/client/components/redirect-boundary.js:74:9)
    at RedirectBoundary (webpack-internal:///(app-pages-browser)/./node_modules/next/dist/client/components/redirect-boundary.js:82:11)
    at NotFoundErrorBoundary (webpack-internal:///(app-pages-browser)/./node_modules/next/dist/client/components/not-found-boundary.js:76:9)
    at NotFoundBoundary (webpack-internal:///(app-pages-browser)/./node_modules/next/dist/client/components/not-found-boundary.js:84:11)
    at LoadingBoundary (webpack-internal:///(app-pages-browser)/./node_modules/next/dist/client/components/layout-router.js:349:11)
    at ErrorBoundary (webpack-internal:///(app-pages-browser)/./node_modules/next/dist/client/components/error-boundary.js:160:11)
    at InnerScrollAndFocusHandler (webpack-internal:///(app-pages-browser)/./node_modules/next/dist/client/components/layout-router.js:153:9)
    at ScrollAndFocusHandler (webpack-internal:///(app-pages-browser)/./node_modules/next/dist/client/components/layout-router.js:228:11)
    at RenderFromTemplateContext (webpack-internal:///(app-pages-browser)/./node_modules/next/dist/client/components/render-from-template-context.js:16:44)
    at OuterLayoutRouter (webpack-internal:///(app-pages-browser)/./node_modules/next/dist/client/components/layout-router.js:370:11)
    at div
    at main
    at div
    at SidebarProvider (webpack-internal:///(app-pages-browser)/./src/context/SidebarProvider.tsx:16:11)
    at ThemeProvider (webpack-internal:///(app-pages-browser)/./src/components/theme-provider.tsx:17:11)
    at DashboardLayout (webpack-internal:///(app-pages-browser)/./src/app/(dashboard)/layout.tsx:40:11)
    at InnerLayoutRouter (webpack-internal:///(app-pages-browser)/./node_modules/next/dist/client/components/layout-router.js:243:11)
    at RedirectErrorBoundary (webpack-internal:///(app-pages-browser)/./node_modules/next/dist/client/components/redirect-boundary.js:74:9)
    at RedirectBoundary (webpack-internal:///(app-pages-browser)/./node_modules/next/dist/client/components/redirect-boundary.js:82:11)
    at NotFoundErrorBoundary (webpack-internal:///(app-pages-browser)/./node_modules/next/dist/client/components/not-found-boundary.js:76:9)
    at NotFoundBoundary (webpack-internal:///(app-pages-browser)/./node_modules/next/dist/client/components/not-found-boundary.js:84:11)
    at LoadingBoundary (webpack-internal:///(app-pages-browser)/./node_modules/next/dist/client/components/layout-router.js:349:11)
    at ErrorBoundary (webpack-internal:///(app-pages-browser)/./node_modules/next/dist/client/components/error-boundary.js:160:11)
    at InnerScrollAndFocusHandler (webpack-internal:///(app-pages-browser)/./node_modules/next/dist/client/components/layout-router.js:153:9)
    at ScrollAndFocusHandler (webpack-internal:///(app-pages-browser)/./node_modules/next/dist/client/components/layout-router.js:228:11)
    at RenderFromTemplateContext (webpack-internal:///(app-pages-browser)/./node_modules/next/dist/client/components/render-from-template-context.js:16:44)
    at OuterLayoutRouter (webpack-internal:///(app-pages-browser)/./node_modules/next/dist/client/components/layout-router.js:370:11)
    at QueryClientProvider (webpack-internal:///(app-pages-browser)/./node_modules/@tanstack/react-query/build/modern/QueryClientProvider.js:27:11)
    at Providers (webpack-internal:///(app-pages-browser)/./src/components/providers/query-provider.tsx:16:11)
    at SessionProvider (webpack-internal:///(app-pages-browser)/./node_modules/next-auth/react/index.js:365:24)
    at SessionProvider (webpack-internal:///(app-pages-browser)/./src/components/auth/SessionProvider.tsx:12:11)
    at body
    at html
    at RootLayout (Server)
    at RedirectErrorBoundary (webpack-internal:///(app-pages-browser)/./node_modules/next/dist/client/components/redirect-boundary.js:74:9)
    at RedirectBoundary (webpack-internal:///(app-pages-browser)/./node_modules/next/dist/client/components/redirect-boundary.js:82:11)
    at NotFoundErrorBoundary (webpack-internal:///(app-pages-browser)/./node_modules/next/dist/client/components/not-found-boundary.js:76:9)
    at NotFoundBoundary (webpack-internal:///(app-pages-browser)/./node_modules/next/dist/client/components/not-found-boundary.js:84:11)
    at DevRootNotFoundBoundary (webpack-internal:///(app-pages-browser)/./node_modules/next/dist/client/components/dev-root-not-found-boundary.js:33:11)
    at ReactDevOverlay (webpack-internal:///(app-pages-browser)/./node_modules/next/dist/client/components/react-dev-overlay/app/ReactDevOverlay.js:87:9)
    at HotReload (webpack-internal:///(app-pages-browser)/./node_modules/next/dist/client/components/react-dev-overlay/app/hot-reloader-client.js:321:11)
    at Router (webpack-internal:///(app-pages-browser)/./node_modules/next/dist/client/components/app-router.js:207:11)
    at ErrorBoundaryHandler (webpack-internal:///(app-pages-browser)/./node_modules/next/dist/client/components/error-boundary.js:113:9)
    at ErrorBoundary (webpack-internal:///(app-pages-browser)/./node_modules/next/dist/client/components/error-boundary.js:160:11)
    at AppRouter (webpack-internal:///(app-pages-browser)/./node_modules/next/dist/client/components/app-router.js:585:13)
    at ServerRoot (webpack-internal:///(app-pages-browser)/./node_modules/next/dist/client/app-index.js:112:27)
    at Root (webpack-internal:///(app-pages-browser)/./node_modules/next/dist/client/app-index.js:117:11) @ webpack-internal:///(app-pages-browser)/./node_modules/next/dist/client/app-index.js:32
[ 2729786ms] ReferenceError: search is not defined
    at TreeNodeItem (webpack-internal:///(app-pages-browser)/./src/app/(dashboard)/structure-bdd/page.tsx:194:99)
    at renderWithHooks (webpack-internal:///(app-pages-browser)/./node_modules/next/dist/compiled/react-dom/cjs/react-dom.development.js:11121:18)
    at updateFunctionComponent (webpack-internal:///(app-pages-browser)/./node_modules/next/dist/compiled/react-dom/cjs/react-dom.development.js:16290:20)
    at updateSimpleMemoComponent (webpack-internal:///(app-pages-browser)/./node_modules/next/dist/compiled/react-dom/cjs/react-dom.development.js:15999:10)
    at updateMemoComponent (webpack-internal:///(app-pages-browser)/./node_modules/next/dist/compiled/react-dom/cjs/react-dom.development.js:15900:14)
    at beginWork$1 (webpack-internal:///(app-pages-browser)/./node_modules/next/dist/compiled/react-dom/cjs/react-dom.development.js:18547:16)
    at HTMLUnknownElement.callCallback (webpack-internal:///(app-pages-browser)/./node_modules/next/dist/compiled/react-dom/cjs/react-dom.development.js:20565:14)
    at Object.invokeGuardedCallbackImpl (webpack-internal:///(app-pages-browser)/./node_modules/next/dist/compiled/react-dom/cjs/react-dom.development.js:20614:16)
    at invokeGuardedCallback (webpack-internal:///(app-pages-browser)/./node_modules/next/dist/compiled/react-dom/cjs/react-dom.development.js:20689:29)
    at beginWork (webpack-internal:///(app-pages-browser)/./node_modules/next/dist/compiled/react-dom/cjs/react-dom.development.js:26949:7)
    at performUnitOfWork (webpack-internal:///(app-pages-browser)/./node_modules/next/dist/compiled/react-dom/cjs/react-dom.development.js:25748:12)
    at workLoopSync (webpack-internal:///(app-pages-browser)/./node_modules/next/dist/compiled/react-dom/cjs/react-dom.development.js:25464:5)
    at renderRootSync (webpack-internal:///(app-pages-browser)/./node_modules/next/dist/compiled/react-dom/cjs/react-dom.development.js:25419:7)
    at performConcurrentWorkOnRoot (webpack-internal:///(app-pages-browser)/./node_modules/next/dist/compiled/react-dom/cjs/react-dom.development.js:24504:74)
    at workLoop (webpack-internal:///(app-pages-browser)/./node_modules/next/dist/compiled/scheduler/cjs/scheduler.development.js:256:34)
    at flushWork (webpack-internal:///(app-pages-browser)/./node_modules/next/dist/compiled/scheduler/cjs/scheduler.development.js:225:14)
    at MessagePort.performWorkUntilDeadline (webpack-internal:///(app-pages-browser)/./node_modules/next/dist/compiled/scheduler/cjs/scheduler.development.js:534:21)
[ 2729788ms] ReferenceError: search is not defined
    at TreeNodeItem (webpack-internal:///(app-pages-browser)/./src/app/(dashboard)/structure-bdd/page.tsx:194:99)
    at renderWithHooks (webpack-internal:///(app-pages-browser)/./node_modules/next/dist/compiled/react-dom/cjs/react-dom.development.js:11121:18)
    at updateFunctionComponent (webpack-internal:///(app-pages-browser)/./node_modules/next/dist/compiled/react-dom/cjs/react-dom.development.js:16290:20)
    at updateSimpleMemoComponent (webpack-internal:///(app-pages-browser)/./node_modules/next/dist/compiled/react-dom/cjs/react-dom.development.js:15999:10)
    at updateMemoComponent (webpack-internal:///(app-pages-browser)/./node_modules/next/dist/compiled/react-dom/cjs/react-dom.development.js:15900:14)
    at beginWork$1 (webpack-internal:///(app-pages-browser)/./node_modules/next/dist/compiled/react-dom/cjs/react-dom.development.js:18547:16)
    at beginWork (webpack-internal:///(app-pages-browser)/./node_modules/next/dist/compiled/react-dom/cjs/react-dom.development.js:26927:14)
    at performUnitOfWork (webpack-internal:///(app-pages-browser)/./node_modules/next/dist/compiled/react-dom/cjs/react-dom.development.js:25748:12)
    at workLoopSync (webpack-internal:///(app-pages-browser)/./node_modules/next/dist/compiled/react-dom/cjs/react-dom.development.js:25464:5)
    at renderRootSync (webpack-internal:///(app-pages-browser)/./node_modules/next/dist/compiled/react-dom/cjs/react-dom.development.js:25419:7)
    at performConcurrentWorkOnRoot (webpack-internal:///(app-pages-browser)/./node_modules/next/dist/compiled/react-dom/cjs/react-dom.development.js:24504:74)
    at workLoop (webpack-internal:///(app-pages-browser)/./node_modules/next/dist/compiled/scheduler/cjs/scheduler.development.js:256:34)
    at flushWork (webpack-internal:///(app-pages-browser)/./node_modules/next/dist/compiled/scheduler/cjs/scheduler.development.js:225:14)
    at MessagePort.performWorkUntilDeadline (webpack-internal:///(app-pages-browser)/./node_modules/next/dist/compiled/scheduler/cjs/scheduler.development.js:534:21)
[ 2729789ms] ReferenceError: search is not defined
    at TreeNodeItem (webpack-internal:///(app-pages-browser)/./src/app/(dashboard)/structure-bdd/page.tsx:194:99)
    at renderWithHooks (webpack-internal:///(app-pages-browser)/./node_modules/next/dist/compiled/react-dom/cjs/react-dom.development.js:11121:18)
    at updateFunctionComponent (webpack-internal:///(app-pages-browser)/./node_modules/next/dist/compiled/react-dom/cjs/react-dom.development.js:16290:20)
    at updateSimpleMemoComponent (webpack-internal:///(app-pages-browser)/./node_modules/next/dist/compiled/react-dom/cjs/react-dom.development.js:15999:10)
    at updateMemoComponent (webpack-internal:///(app-pages-browser)/./node_modules/next/dist/compiled/react-dom/cjs/react-dom.development.js:15900:14)
    at beginWork$1 (webpack-internal:///(app-pages-browser)/./node_modules/next/dist/compiled/react-dom/cjs/react-dom.development.js:18547:16)
    at beginWork (webpack-internal:///(app-pages-browser)/./node_modules/next/dist/compiled/react-dom/cjs/react-dom.development.js:26927:14)
    at performUnitOfWork (webpack-internal:///(app-pages-browser)/./node_modules/next/dist/compiled/react-dom/cjs/react-dom.development.js:25748:12)
    at workLoopSync (webpack-internal:///(app-pages-browser)/./node_modules/next/dist/compiled/react-dom/cjs/react-dom.development.js:25464:5)
    at renderRootSync (webpack-internal:///(app-pages-browser)/./node_modules/next/dist/compiled/react-dom/cjs/react-dom.development.js:25419:7)
    at performConcurrentWorkOnRoot (webpack-internal:///(app-pages-browser)/./node_modules/next/dist/compiled/react-dom/cjs/react-dom.development.js:24504:74)
    at workLoop (webpack-internal:///(app-pages-browser)/./node_modules/next/dist/compiled/scheduler/cjs/scheduler.development.js:256:34)
    at flushWork (webpack-internal:///(app-pages-browser)/./node_modules/next/dist/compiled/scheduler/cjs/scheduler.development.js:225:14)
    at MessagePort.performWorkUntilDeadline (webpack-internal:///(app-pages-browser)/./node_modules/next/dist/compiled/scheduler/cjs/scheduler.development.js:534:21)
[ 2729791ms] ReferenceError: search is not defined
    at TreeNodeItem (webpack-internal:///(app-pages-browser)/./src/app/(dashboard)/structure-bdd/page.tsx:194:99)
    at renderWithHooks (webpack-internal:///(app-pages-browser)/./node_modules/next/dist/compiled/react-dom/cjs/react-dom.development.js:11121:18)
    at updateFunctionComponent (webpack-internal:///(app-pages-browser)/./node_modules/next/dist/compiled/react-dom/cjs/react-dom.development.js:16290:20)
    at updateSimpleMemoComponent (webpack-internal:///(app-pages-browser)/./node_modules/next/dist/compiled/react-dom/cjs/react-dom.development.js:15999:10)
    at updateMemoComponent (webpack-internal:///(app-pages-browser)/./node_modules/next/dist/compiled/react-dom/cjs/react-dom.development.js:15900:14)
    at beginWork$1 (webpack-internal:///(app-pages-browser)/./node_modules/next/dist/compiled/react-dom/cjs/react-dom.development.js:18547:16)
    at beginWork (webpack-internal:///(app-pages-browser)/./node_modules/next/dist/compiled/react-dom/cjs/react-dom.development.js:26927:14)
    at performUnitOfWork (webpack-internal:///(app-pages-browser)/./node_modules/next/dist/compiled/react-dom/cjs/react-dom.development.js:25748:12)
    at workLoopSync (webpack-internal:///(app-pages-browser)/./node_modules/next/dist/compiled/react-dom/cjs/react-dom.development.js:25464:5)
    at renderRootSync (webpack-internal:///(app-pages-browser)/./node_modules/next/dist/compiled/react-dom/cjs/react-dom.development.js:25419:7)
    at performConcurrentWorkOnRoot (webpack-internal:///(app-pages-browser)/./node_modules/next/dist/compiled/react-dom/cjs/react-dom.development.js:24504:74)
    at workLoop (webpack-internal:///(app-pages-browser)/./node_modules/next/dist/compiled/scheduler/cjs/scheduler.development.js:256:34)
    at flushWork (webpack-internal:///(app-pages-browser)/./node_modules/next/dist/compiled/scheduler/cjs/scheduler.development.js:225:14)
    at MessagePort.performWorkUntilDeadline (webpack-internal:///(app-pages-browser)/./node_modules/next/dist/compiled/scheduler/cjs/scheduler.development.js:534:21)
[ 2729792ms] ReferenceError: search is not defined
    at TreeNodeItem (webpack-internal:///(app-pages-browser)/./src/app/(dashboard)/structure-bdd/page.tsx:194:99)
    at renderWithHooks (webpack-internal:///(app-pages-browser)/./node_modules/next/dist/compiled/react-dom/cjs/react-dom.development.js:11121:18)
    at updateFunctionComponent (webpack-internal:///(app-pages-browser)/./node_modules/next/dist/compiled/react-dom/cjs/react-dom.development.js:16290:20)
    at updateSimpleMemoComponent (webpack-internal:///(app-pages-browser)/./node_modules/next/dist/compiled/react-dom/cjs/react-dom.development.js:15999:10)
    at updateMemoComponent (webpack-internal:///(app-pages-browser)/./node_modules/next/dist/compiled/react-dom/cjs/react-dom.development.js:15900:14)
    at beginWork$1 (webpack-internal:///(app-pages-browser)/./node_modules/next/dist/compiled/react-dom/cjs/react-dom.development.js:18547:16)
    at beginWork (webpack-internal:///(app-pages-browser)/./node_modules/next/dist/compiled/react-dom/cjs/react-dom.development.js:26927:14)
    at performUnitOfWork (webpack-internal:///(app-pages-browser)/./node_modules/next/dist/compiled/react-dom/cjs/react-dom.development.js:25748:12)
    at workLoopSync (webpack-internal:///(app-pages-browser)/./node_modules/next/dist/compiled/react-dom/cjs/react-dom.development.js:25464:5)
    at renderRootSync (webpack-internal:///(app-pages-browser)/./node_modules/next/dist/compiled/react-dom/cjs/react-dom.development.js:25419:7)
    at performConcurrentWorkOnRoot (webpack-internal:///(app-pages-browser)/./node_modules/next/dist/compiled/react-dom/cjs/react-dom.development.js:24504:74)
    at workLoop (webpack-internal:///(app-pages-browser)/./node_modules/next/dist/compiled/scheduler/cjs/scheduler.development.js:256:34)
    at flushWork (webpack-internal:///(app-pages-browser)/./node_modules/next/dist/compiled/scheduler/cjs/scheduler.development.js:225:14)
    at MessagePort.performWorkUntilDeadline (webpack-internal:///(app-pages-browser)/./node_modules/next/dist/compiled/scheduler/cjs/scheduler.development.js:534:21)
[ 2729794ms] ReferenceError: search is not defined
    at TreeNodeItem (webpack-internal:///(app-pages-browser)/./src/app/(dashboard)/structure-bdd/page.tsx:194:99)
    at renderWithHooks (webpack-internal:///(app-pages-browser)/./node_modules/next/dist/compiled/react-dom/cjs/react-dom.development.js:11121:18)
    at updateFunctionComponent (webpack-internal:///(app-pages-browser)/./node_modules/next/dist/compiled/react-dom/cjs/react-dom.development.js:16290:20)
    at updateSimpleMemoComponent (webpack-internal:///(app-pages-browser)/./node_modules/next/dist/compiled/react-dom/cjs/react-dom.development.js:15999:10)
    at updateMemoComponent (webpack-internal:///(app-pages-browser)/./node_modules/next/dist/compiled/react-dom/cjs/react-dom.development.js:15900:14)
    at beginWork$1 (webpack-internal:///(app-pages-browser)/./node_modules/next/dist/compiled/react-dom/cjs/react-dom.development.js:18547:16)
    at beginWork (webpack-internal:///(app-pages-browser)/./node_modules/next/dist/compiled/react-dom/cjs/react-dom.development.js:26927:14)
    at performUnitOfWork (webpack-internal:///(app-pages-browser)/./node_modules/next/dist/compiled/react-dom/cjs/react-dom.development.js:25748:12)
    at workLoopSync (webpack-internal:///(app-pages-browser)/./node_modules/next/dist/compiled/react-dom/cjs/react-dom.development.js:25464:5)
    at renderRootSync (webpack-internal:///(app-pages-browser)/./node_modules/next/dist/compiled/react-dom/cjs/react-dom.development.js:25419:7)
    at performConcurrentWorkOnRoot (webpack-internal:///(app-pages-browser)/./node_modules/next/dist/compiled/react-dom/cjs/react-dom.development.js:24504:74)
    at workLoop (webpack-internal:///(app-pages-browser)/./node_modules/next/dist/compiled/scheduler/cjs/scheduler.development.js:256:34)
    at flushWork (webpack-internal:///(app-pages-browser)/./node_modules/next/dist/compiled/scheduler/cjs/scheduler.development.js:225:14)
    at MessagePort.performWorkUntilDeadline (webpack-internal:///(app-pages-browser)/./node_modules/next/dist/compiled/scheduler/cjs/scheduler.development.js:534:21)
[ 2729794ms] ReferenceError: search is not defined
    at TreeNodeItem (webpack-internal:///(app-pages-browser)/./src/app/(dashboard)/structure-bdd/page.tsx:194:99)
    at renderWithHooks (webpack-internal:///(app-pages-browser)/./node_modules/next/dist/compiled/react-dom/cjs/react-dom.development.js:11121:18)
    at updateFunctionComponent (webpack-internal:///(app-pages-browser)/./node_modules/next/dist/compiled/react-dom/cjs/react-dom.development.js:16290:20)
    at updateSimpleMemoComponent (webpack-internal:///(app-pages-browser)/./node_modules/next/dist/compiled/react-dom/cjs/react-dom.development.js:15999:10)
    at updateMemoComponent (webpack-internal:///(app-pages-browser)/./node_modules/next/dist/compiled/react-dom/cjs/react-dom.development.js:15900:14)
    at beginWork$1 (webpack-internal:///(app-pages-browser)/./node_modules/next/dist/compiled/react-dom/cjs/react-dom.development.js:18547:16)
    at beginWork (webpack-internal:///(app-pages-browser)/./node_modules/next/dist/compiled/react-dom/cjs/react-dom.development.js:26927:14)
    at performUnitOfWork (webpack-internal:///(app-pages-browser)/./node_modules/next/dist/compiled/react-dom/cjs/react-dom.development.js:25748:12)
    at workLoopSync (webpack-internal:///(app-pages-browser)/./node_modules/next/dist/compiled/react-dom/cjs/react-dom.development.js:25464:5)
    at renderRootSync (webpack-internal:///(app-pages-browser)/./node_modules/next/dist/compiled/react-dom/cjs/react-dom.development.js:25419:7)
    at performConcurrentWorkOnRoot (webpack-internal:///(app-pages-browser)/./node_modules/next/dist/compiled/react-dom/cjs/react-dom.development.js:24504:74)
    at workLoop (webpack-internal:///(app-pages-browser)/./node_modules/next/dist/compiled/scheduler/cjs/scheduler.development.js:256:34)
    at flushWork (webpack-internal:///(app-pages-browser)/./node_modules/next/dist/compiled/scheduler/cjs/scheduler.development.js:225:14)
    at MessagePort.performWorkUntilDeadline (webpack-internal:///(app-pages-browser)/./node_modules/next/dist/compiled/scheduler/cjs/scheduler.development.js:534:21)
[ 2729796ms] ReferenceError: search is not defined
    at TreeNodeItem (webpack-internal:///(app-pages-browser)/./src/app/(dashboard)/structure-bdd/page.tsx:194:99)
    at renderWithHooks (webpack-internal:///(app-pages-browser)/./node_modules/next/dist/compiled/react-dom/cjs/react-dom.development.js:11121:18)
    at updateFunctionComponent (webpack-internal:///(app-pages-browser)/./node_modules/next/dist/compiled/react-dom/cjs/react-dom.development.js:16290:20)
    at updateSimpleMemoComponent (webpack-internal:///(app-pages-browser)/./node_modules/next/dist/compiled/react-dom/cjs/react-dom.development.js:15999:10)
    at updateMemoComponent (webpack-internal:///(app-pages-browser)/./node_modules/next/dist/compiled/react-dom/cjs/react-dom.development.js:15900:14)
    at beginWork$1 (webpack-internal:///(app-pages-browser)/./node_modules/next/dist/compiled/react-dom/cjs/react-dom.development.js:18547:16)
    at beginWork (webpack-internal:///(app-pages-browser)/./node_modules/next/dist/compiled/react-dom/cjs/react-dom.development.js:26927:14)
    at performUnitOfWork (webpack-internal:///(app-pages-browser)/./node_modules/next/dist/compiled/react-dom/cjs/react-dom.development.js:25748:12)
    at workLoopSync (webpack-internal:///(app-pages-browser)/./node_modules/next/dist/compiled/react-dom/cjs/react-dom.development.js:25464:5)
    at renderRootSync (webpack-internal:///(app-pages-browser)/./node_modules/next/dist/compiled/react-dom/cjs/react-dom.development.js:25419:7)
    at performConcurrentWorkOnRoot (webpack-internal:///(app-pages-browser)/./node_modules/next/dist/compiled/react-dom/cjs/react-dom.development.js:24504:74)
    at workLoop (webpack-internal:///(app-pages-browser)/./node_modules/next/dist/compiled/scheduler/cjs/scheduler.development.js:256:34)
    at flushWork (webpack-internal:///(app-pages-browser)/./node_modules/next/dist/compiled/scheduler/cjs/scheduler.development.js:225:14)
    at MessagePort.performWorkUntilDeadline (webpack-internal:///(app-pages-browser)/./node_modules/next/dist/compiled/scheduler/cjs/scheduler.development.js:534:21)
[ 2729797ms] [LOG] [StructureBDD] render result {web: 6, local: 0, vector: 0, images: 0, webError: false} @ webpack-internal:///(app-pages-browser)/./src/app/(dashboard)/structure-bdd/page.tsx:1756
[ 2729798ms] [LOG] [StructureBDD] render result {web: 6, local: 0, vector: 0, images: 0, webError: false} @ webpack-internal:///(app-pages-browser)/./src/app/(dashboard)/structure-bdd/page.tsx:1756
[ 2729807ms] ReferenceError: search is not defined
    at TreeNodeItem (webpack-internal:///(app-pages-browser)/./src/app/(dashboard)/structure-bdd/page.tsx:194:99)
    at renderWithHooks (webpack-internal:///(app-pages-browser)/./node_modules/next/dist/compiled/react-dom/cjs/react-dom.development.js:11121:18)
    at updateFunctionComponent (webpack-internal:///(app-pages-browser)/./node_modules/next/dist/compiled/react-dom/cjs/react-dom.development.js:16290:20)
    at updateSimpleMemoComponent (webpack-internal:///(app-pages-browser)/./node_modules/next/dist/compiled/react-dom/cjs/react-dom.development.js:15999:10)
    at updateMemoComponent (webpack-internal:///(app-pages-browser)/./node_modules/next/dist/compiled/react-dom/cjs/react-dom.development.js:15900:14)
    at beginWork$1 (webpack-internal:///(app-pages-browser)/./node_modules/next/dist/compiled/react-dom/cjs/react-dom.development.js:18547:16)
    at HTMLUnknownElement.callCallback (webpack-internal:///(app-pages-browser)/./node_modules/next/dist/compiled/react-dom/cjs/react-dom.development.js:20565:14)
    at Object.invokeGuardedCallbackImpl (webpack-internal:///(app-pages-browser)/./node_modules/next/dist/compiled/react-dom/cjs/react-dom.development.js:20614:16)
    at invokeGuardedCallback (webpack-internal:///(app-pages-browser)/./node_modules/next/dist/compiled/react-dom/cjs/react-dom.development.js:20689:29)
    at beginWork (webpack-internal:///(app-pages-browser)/./node_modules/next/dist/compiled/react-dom/cjs/react-dom.development.js:26949:7)
    at performUnitOfWork (webpack-internal:///(app-pages-browser)/./node_modules/next/dist/compiled/react-dom/cjs/react-dom.development.js:25748:12)
    at workLoopSync (webpack-internal:///(app-pages-browser)/./node_modules/next/dist/compiled/react-dom/cjs/react-dom.development.js:25464:5)
    at renderRootSync (webpack-internal:///(app-pages-browser)/./node_modules/next/dist/compiled/react-dom/cjs/react-dom.development.js:25419:7)
    at recoverFromConcurrentError (webpack-internal:///(app-pages-browser)/./node_modules/next/dist/compiled/react-dom/cjs/react-dom.development.js:24597:20)
    at performConcurrentWorkOnRoot (webpack-internal:///(app-pages-browser)/./node_modules/next/dist/compiled/react-dom/cjs/react-dom.development.js:24542:26)
    at workLoop (webpack-internal:///(app-pages-browser)/./node_modules/next/dist/compiled/scheduler/cjs/scheduler.development.js:256:34)
    at flushWork (webpack-internal:///(app-pages-browser)/./node_modules/next/dist/compiled/scheduler/cjs/scheduler.development.js:225:14)
    at MessagePort.performWorkUntilDeadline (webpack-internal:///(app-pages-browser)/./node_modules/next/dist/compiled/scheduler/cjs/scheduler.development.js:534:21)
[ 2729809ms] ReferenceError: search is not defined
    at TreeNodeItem (webpack-internal:///(app-pages-browser)/./src/app/(dashboard)/structure-bdd/page.tsx:194:99)
    at renderWithHooks (webpack-internal:///(app-pages-browser)/./node_modules/next/dist/compiled/react-dom/cjs/react-dom.development.js:11121:18)
    at updateFunctionComponent (webpack-internal:///(app-pages-browser)/./node_modules/next/dist/compiled/react-dom/cjs/react-dom.development.js:16290:20)
    at updateSimpleMemoComponent (webpack-internal:///(app-pages-browser)/./node_modules/next/dist/compiled/react-dom/cjs/react-dom.development.js:15999:10)
    at updateMemoComponent (webpack-internal:///(app-pages-browser)/./node_modules/next/dist/compiled/react-dom/cjs/react-dom.development.js:15900:14)
    at beginWork$1 (webpack-internal:///(app-pages-browser)/./node_modules/next/dist/compiled/react-dom/cjs/react-dom.development.js:18547:16)
    at beginWork (webpack-internal:///(app-pages-browser)/./node_modules/next/dist/compiled/react-dom/cjs/react-dom.development.js:26927:14)
    at performUnitOfWork (webpack-internal:///(app-pages-browser)/./node_modules/next/dist/compiled/react-dom/cjs/react-dom.development.js:25748:12)
    at workLoopSync (webpack-internal:///(app-pages-browser)/./node_modules/next/dist/compiled/react-dom/cjs/react-dom.development.js:25464:5)
    at renderRootSync (webpack-internal:///(app-pages-browser)/./node_modules/next/dist/compiled/react-dom/cjs/react-dom.development.js:25419:7)
    at recoverFromConcurrentError (webpack-internal:///(app-pages-browser)/./node_modules/next/dist/compiled/react-dom/cjs/react-dom.development.js:24597:20)
    at performConcurrentWorkOnRoot (webpack-internal:///(app-pages-browser)/./node_modules/next/dist/compiled/react-dom/cjs/react-dom.development.js:24542:26)
    at workLoop (webpack-internal:///(app-pages-browser)/./node_modules/next/dist/compiled/scheduler/cjs/scheduler.development.js:256:34)
    at flushWork (webpack-internal:///(app-pages-browser)/./node_modules/next/dist/compiled/scheduler/cjs/scheduler.development.js:225:14)
    at MessagePort.performWorkUntilDeadline (webpack-internal:///(app-pages-browser)/./node_modules/next/dist/compiled/scheduler/cjs/scheduler.development.js:534:21)
[ 2729811ms] ReferenceError: search is not defined
    at TreeNodeItem (webpack-internal:///(app-pages-browser)/./src/app/(dashboard)/structure-bdd/page.tsx:194:99)
    at renderWithHooks (webpack-internal:///(app-pages-browser)/./node_modules/next/dist/compiled/react-dom/cjs/react-dom.development.js:11121:18)
    at updateFunctionComponent (webpack-internal:///(app-pages-browser)/./node_modules/next/dist/compiled/react-dom/cjs/react-dom.development.js:16290:20)
    at updateSimpleMemoComponent (webpack-internal:///(app-pages-browser)/./node_modules/next/dist/compiled/react-dom/cjs/react-dom.development.js:15999:10)
    at updateMemoComponent (webpack-internal:///(app-pages-browser)/./node_modules/next/dist/compiled/react-dom/cjs/react-dom.development.js:15900:14)
    at beginWork$1 (webpack-internal:///(app-pages-browser)/./node_modules/next/dist/compiled/react-dom/cjs/react-dom.development.js:18547:16)
    at beginWork (webpack-internal:///(app-pages-browser)/./node_modules/next/dist/compiled/react-dom/cjs/react-dom.development.js:26927:14)
    at performUnitOfWork (webpack-internal:///(app-pages-browser)/./node_modules/next/dist/compiled/react-dom/cjs/react-dom.development.js:25748:12)
    at workLoopSync (webpack-internal:///(app-pages-browser)/./node_modules/next/dist/compiled/react-dom/cjs/react-dom.development.js:25464:5)
    at renderRootSync (webpack-internal:///(app-pages-browser)/./node_modules/next/dist/compiled/react-dom/cjs/react-dom.development.js:25419:7)
    at recoverFromConcurrentError (webpack-internal:///(app-pages-browser)/./node_modules/next/dist/compiled/react-dom/cjs/react-dom.development.js:24597:20)
    at performConcurrentWorkOnRoot (webpack-internal:///(app-pages-browser)/./node_modules/next/dist/compiled/react-dom/cjs/react-dom.development.js:24542:26)
    at workLoop (webpack-internal:///(app-pages-browser)/./node_modules/next/dist/compiled/scheduler/cjs/scheduler.development.js:256:34)
    at flushWork (webpack-internal:///(app-pages-browser)/./node_modules/next/dist/compiled/scheduler/cjs/scheduler.development.js:225:14)
    at MessagePort.performWorkUntilDeadline (webpack-internal:///(app-pages-browser)/./node_modules/next/dist/compiled/scheduler/cjs/scheduler.development.js:534:21)
[ 2729811ms] ReferenceError: search is not defined
    at TreeNodeItem (webpack-internal:///(app-pages-browser)/./src/app/(dashboard)/structure-bdd/page.tsx:194:99)
    at renderWithHooks (webpack-internal:///(app-pages-browser)/./node_modules/next/dist/compiled/react-dom/cjs/react-dom.development.js:11121:18)
    at updateFunctionComponent (webpack-internal:///(app-pages-browser)/./node_modules/next/dist/compiled/react-dom/cjs/react-dom.development.js:16290:20)
    at updateSimpleMemoComponent (webpack-internal:///(app-pages-browser)/./node_modules/next/dist/compiled/react-dom/cjs/react-dom.development.js:15999:10)
    at updateMemoComponent (webpack-internal:///(app-pages-browser)/./node_modules/next/dist/compiled/react-dom/cjs/react-dom.development.js:15900:14)
    at beginWork$1 (webpack-internal:///(app-pages-browser)/./node_modules/next/dist/compiled/react-dom/cjs/react-dom.development.js:18547:16)
    at beginWork (webpack-internal:///(app-pages-browser)/./node_modules/next/dist/compiled/react-dom/cjs/react-dom.development.js:26927:14)
    at performUnitOfWork (webpack-internal:///(app-pages-browser)/./node_modules/next/dist/compiled/react-dom/cjs/react-dom.development.js:25748:12)
    at workLoopSync (webpack-internal:///(app-pages-browser)/./node_modules/next/dist/compiled/react-dom/cjs/react-dom.development.js:25464:5)
    at renderRootSync (webpack-internal:///(app-pages-browser)/./node_modules/next/dist/compiled/react-dom/cjs/react-dom.development.js:25419:7)
    at recoverFromConcurrentError (webpack-internal:///(app-pages-browser)/./node_modules/next/dist/compiled/react-dom/cjs/react-dom.development.js:24597:20)
    at performConcurrentWorkOnRoot (webpack-internal:///(app-pages-browser)/./node_modules/next/dist/compiled/react-dom/cjs/react-dom.development.js:24542:26)
    at workLoop (webpack-internal:///(app-pages-browser)/./node_modules/next/dist/compiled/scheduler/cjs/scheduler.development.js:256:34)
    at flushWork (webpack-internal:///(app-pages-browser)/./node_modules/next/dist/compiled/scheduler/cjs/scheduler.development.js:225:14)
    at MessagePort.performWorkUntilDeadline (webpack-internal:///(app-pages-browser)/./node_modules/next/dist/compiled/scheduler/cjs/scheduler.development.js:534:21)
[ 2729813ms] ReferenceError: search is not defined
    at TreeNodeItem (webpack-internal:///(app-pages-browser)/./src/app/(dashboard)/structure-bdd/page.tsx:194:99)
    at renderWithHooks (webpack-internal:///(app-pages-browser)/./node_modules/next/dist/compiled/react-dom/cjs/react-dom.development.js:11121:18)
    at updateFunctionComponent (webpack-internal:///(app-pages-browser)/./node_modules/next/dist/compiled/react-dom/cjs/react-dom.development.js:16290:20)
    at updateSimpleMemoComponent (webpack-internal:///(app-pages-browser)/./node_modules/next/dist/compiled/react-dom/cjs/react-dom.development.js:15999:10)
    at updateMemoComponent (webpack-internal:///(app-pages-browser)/./node_modules/next/dist/compiled/react-dom/cjs/react-dom.development.js:15900:14)
    at beginWork$1 (webpack-internal:///(app-pages-browser)/./node_modules/next/dist/compiled/react-dom/cjs/react-dom.development.js:18547:16)
    at beginWork (webpack-internal:///(app-pages-browser)/./node_modules/next/dist/compiled/react-dom/cjs/react-dom.development.js:26927:14)
    at performUnitOfWork (webpack-internal:///(app-pages-browser)/./node_modules/next/dist/compiled/react-dom/cjs/react-dom.development.js:25748:12)
    at workLoopSync (webpack-internal:///(app-pages-browser)/./node_modules/next/dist/compiled/react-dom/cjs/react-dom.development.js:25464:5)
    at renderRootSync (webpack-internal:///(app-pages-browser)/./node_modules/next/dist/compiled/react-dom/cjs/react-dom.development.js:25419:7)
    at recoverFromConcurrentError (webpack-internal:///(app-pages-browser)/./node_modules/next/dist/compiled/react-dom/cjs/react-dom.development.js:24597:20)
    at performConcurrentWorkOnRoot (webpack-internal:///(app-pages-browser)/./node_modules/next/dist/compiled/react-dom/cjs/react-dom.development.js:24542:26)
    at workLoop (webpack-internal:///(app-pages-browser)/./node_modules/next/dist/compiled/scheduler/cjs/scheduler.development.js:256:34)
    at flushWork (webpack-internal:///(app-pages-browser)/./node_modules/next/dist/compiled/scheduler/cjs/scheduler.development.js:225:14)
    at MessagePort.performWorkUntilDeadline (webpack-internal:///(app-pages-browser)/./node_modules/next/dist/compiled/scheduler/cjs/scheduler.development.js:534:21)
[ 2729813ms] ReferenceError: search is not defined
    at TreeNodeItem (webpack-internal:///(app-pages-browser)/./src/app/(dashboard)/structure-bdd/page.tsx:194:99)
    at renderWithHooks (webpack-internal:///(app-pages-browser)/./node_modules/next/dist/compiled/react-dom/cjs/react-dom.development.js:11121:18)
    at updateFunctionComponent (webpack-internal:///(app-pages-browser)/./node_modules/next/dist/compiled/react-dom/cjs/react-dom.development.js:16290:20)
    at updateSimpleMemoComponent (webpack-internal:///(app-pages-browser)/./node_modules/next/dist/compiled/react-dom/cjs/react-dom.development.js:15999:10)
    at updateMemoComponent (webpack-internal:///(app-pages-browser)/./node_modules/next/dist/compiled/react-dom/cjs/react-dom.development.js:15900:14)
    at beginWork$1 (webpack-internal:///(app-pages-browser)/./node_modules/next/dist/compiled/react-dom/cjs/react-dom.development.js:18547:16)
    at beginWork (webpack-internal:///(app-pages-browser)/./node_modules/next/dist/compiled/react-dom/cjs/react-dom.development.js:26927:14)
    at performUnitOfWork (webpack-internal:///(app-pages-browser)/./node_modules/next/dist/compiled/react-dom/cjs/react-dom.development.js:25748:12)
    at workLoopSync (webpack-internal:///(app-pages-browser)/./node_modules/next/dist/compiled/react-dom/cjs/react-dom.development.js:25464:5)
    at renderRootSync (webpack-internal:///(app-pages-browser)/./node_modules/next/dist/compiled/react-dom/cjs/react-dom.development.js:25419:7)
    at recoverFromConcurrentError (webpack-internal:///(app-pages-browser)/./node_modules/next/dist/compiled/react-dom/cjs/react-dom.development.js:24597:20)
    at performConcurrentWorkOnRoot (webpack-internal:///(app-pages-browser)/./node_modules/next/dist/compiled/react-dom/cjs/react-dom.development.js:24542:26)
    at workLoop (webpack-internal:///(app-pages-browser)/./node_modules/next/dist/compiled/scheduler/cjs/scheduler.development.js:256:34)
    at flushWork (webpack-internal:///(app-pages-browser)/./node_modules/next/dist/compiled/scheduler/cjs/scheduler.development.js:225:14)
    at MessagePort.performWorkUntilDeadline (webpack-internal:///(app-pages-browser)/./node_modules/next/dist/compiled/scheduler/cjs/scheduler.development.js:534:21)
[ 2729814ms] ReferenceError: search is not defined
    at TreeNodeItem (webpack-internal:///(app-pages-browser)/./src/app/(dashboard)/structure-bdd/page.tsx:194:99)
    at renderWithHooks (webpack-internal:///(app-pages-browser)/./node_modules/next/dist/compiled/react-dom/cjs/react-dom.development.js:11121:18)
    at updateFunctionComponent (webpack-internal:///(app-pages-browser)/./node_modules/next/dist/compiled/react-dom/cjs/react-dom.development.js:16290:20)
    at updateSimpleMemoComponent (webpack-internal:///(app-pages-browser)/./node_modules/next/dist/compiled/react-dom/cjs/react-dom.development.js:15999:10)
    at updateMemoComponent (webpack-internal:///(app-pages-browser)/./node_modules/next/dist/compiled/react-dom/cjs/react-dom.development.js:15900:14)
    at beginWork$1 (webpack-internal:///(app-pages-browser)/./node_modules/next/dist/compiled/react-dom/cjs/react-dom.development.js:18547:16)
    at beginWork (webpack-internal:///(app-pages-browser)/./node_modules/next/dist/compiled/react-dom/cjs/react-dom.development.js:26927:14)
    at performUnitOfWork (webpack-internal:///(app-pages-browser)/./node_modules/next/dist/compiled/react-dom/cjs/react-dom.development.js:25748:12)
    at workLoopSync (webpack-internal:///(app-pages-browser)/./node_modules/next/dist/compiled/react-dom/cjs/react-dom.development.js:25464:5)
    at renderRootSync (webpack-internal:///(app-pages-browser)/./node_modules/next/dist/compiled/react-dom/cjs/react-dom.development.js:25419:7)
    at recoverFromConcurrentError (webpack-internal:///(app-pages-browser)/./node_modules/next/dist/compiled/react-dom/cjs/react-dom.development.js:24597:20)
    at performConcurrentWorkOnRoot (webpack-internal:///(app-pages-browser)/./node_modules/next/dist/compiled/react-dom/cjs/react-dom.development.js:24542:26)
    at workLoop (webpack-internal:///(app-pages-browser)/./node_modules/next/dist/compiled/scheduler/cjs/scheduler.development.js:256:34)
    at flushWork (webpack-internal:///(app-pages-browser)/./node_modules/next/dist/compiled/scheduler/cjs/scheduler.development.js:225:14)
    at MessagePort.performWorkUntilDeadline (webpack-internal:///(app-pages-browser)/./node_modules/next/dist/compiled/scheduler/cjs/scheduler.development.js:534:21)
[ 2729815ms] ReferenceError: search is not defined
    at TreeNodeItem (webpack-internal:///(app-pages-browser)/./src/app/(dashboard)/structure-bdd/page.tsx:194:99)
    at renderWithHooks (webpack-internal:///(app-pages-browser)/./node_modules/next/dist/compiled/react-dom/cjs/react-dom.development.js:11121:18)
    at updateFunctionComponent (webpack-internal:///(app-pages-browser)/./node_modules/next/dist/compiled/react-dom/cjs/react-dom.development.js:16290:20)
    at updateSimpleMemoComponent (webpack-internal:///(app-pages-browser)/./node_modules/next/dist/compiled/react-dom/cjs/react-dom.development.js:15999:10)
    at updateMemoComponent (webpack-internal:///(app-pages-browser)/./node_modules/next/dist/compiled/react-dom/cjs/react-dom.development.js:15900:14)
    at beginWork$1 (webpack-internal:///(app-pages-browser)/./node_modules/next/dist/compiled/react-dom/cjs/react-dom.development.js:18547:16)
    at beginWork (webpack-internal:///(app-pages-browser)/./node_modules/next/dist/compiled/react-dom/cjs/react-dom.development.js:26927:14)
    at performUnitOfWork (webpack-internal:///(app-pages-browser)/./node_modules/next/dist/compiled/react-dom/cjs/react-dom.development.js:25748:12)
    at workLoopSync (webpack-internal:///(app-pages-browser)/./node_modules/next/dist/compiled/react-dom/cjs/react-dom.development.js:25464:5)
    at renderRootSync (webpack-internal:///(app-pages-browser)/./node_modules/next/dist/compiled/react-dom/cjs/react-dom.development.js:25419:7)
    at recoverFromConcurrentError (webpack-internal:///(app-pages-browser)/./node_modules/next/dist/compiled/react-dom/cjs/react-dom.development.js:24597:20)
    at performConcurrentWorkOnRoot (webpack-internal:///(app-pages-browser)/./node_modules/next/dist/compiled/react-dom/cjs/react-dom.development.js:24542:26)
    at workLoop (webpack-internal:///(app-pages-browser)/./node_modules/next/dist/compiled/scheduler/cjs/scheduler.development.js:256:34)
    at flushWork (webpack-internal:///(app-pages-browser)/./node_modules/next/dist/compiled/scheduler/cjs/scheduler.development.js:225:14)
    at MessagePort.performWorkUntilDeadline (webpack-internal:///(app-pages-browser)/./node_modules/next/dist/compiled/scheduler/cjs/scheduler.development.js:534:21)
[ 2729819ms] [ERROR] The above error occurred in the <NotFoundErrorBoundary> component:

    at TreeNodeItem (webpack-internal:///(app-pages-browser)/./src/app/(dashboard)/structure-bdd/page.tsx:107:11)
    at div
    at div
    at _c (webpack-internal:///(app-pages-browser)/./src/components/ui/card.tsx:19:11)
    at div
    at section
    at StructureBDDPage (webpack-internal:///(app-pages-browser)/./src/app/(dashboard)/structure-bdd/page.tsx:434:82)
    at ClientPageRoot (webpack-internal:///(app-pages-browser)/./node_modules/next/dist/client/components/client-page.js:14:11)
    at InnerLayoutRouter (webpack-internal:///(app-pages-browser)/./node_modules/next/dist/client/components/layout-router.js:243:11)
    at RedirectErrorBoundary (webpack-internal:///(app-pages-browser)/./node_modules/next/dist/client/components/redirect-boundary.js:74:9)
    at RedirectBoundary (webpack-internal:///(app-pages-browser)/./node_modules/next/dist/client/components/redirect-boundary.js:82:11)
    at NotFoundBoundary (webpack-internal:///(app-pages-browser)/./node_modules/next/dist/client/components/not-found-boundary.js:84:11)
    at LoadingBoundary (webpack-internal:///(app-pages-browser)/./node_modules/next/dist/client/components/layout-router.js:349:11)
    at ErrorBoundary (webpack-internal:///(app-pages-browser)/./node_modules/next/dist/client/components/error-boundary.js:160:11)
    at InnerScrollAndFocusHandler (webpack-internal:///(app-pages-browser)/./node_modules/next/dist/client/components/layout-router.js:153:9)
    at ScrollAndFocusHandler (webpack-internal:///(app-pages-browser)/./node_modules/next/dist/client/components/layout-router.js:228:11)
    at RenderFromTemplateContext (webpack-internal:///(app-pages-browser)/./node_modules/next/dist/client/components/render-from-template-context.js:16:44)
    at OuterLayoutRouter (webpack-internal:///(app-pages-browser)/./node_modules/next/dist/client/components/layout-router.js:370:11)
    at InnerLayoutRouter (webpack-internal:///(app-pages-browser)/./node_modules/next/dist/client/components/layout-router.js:243:11)
    at RedirectErrorBoundary (webpack-internal:///(app-pages-browser)/./node_modules/next/dist/client/components/redirect-boundary.js:74:9)
    at RedirectBoundary (webpack-internal:///(app-pages-browser)/./node_modules/next/dist/client/components/redirect-boundary.js:82:11)
    at NotFoundErrorBoundary (webpack-internal:///(app-pages-browser)/./node_modules/next/dist/client/components/not-found-boundary.js:76:9)
    at NotFoundBoundary (webpack-internal:///(app-pages-browser)/./node_modules/next/dist/client/components/not-found-boundary.js:84:11)
    at LoadingBoundary (webpack-internal:///(app-pages-browser)/./node_modules/next/dist/client/components/layout-router.js:349:11)
    at ErrorBoundary (webpack-internal:///(app-pages-browser)/./node_modules/next/dist/client/components/error-boundary.js:160:11)
    at InnerScrollAndFocusHandler (webpack-internal:///(app-pages-browser)/./node_modules/next/dist/client/components/layout-router.js:153:9)
    at ScrollAndFocusHandler (webpack-internal:///(app-pages-browser)/./node_modules/next/dist/client/components/layout-router.js:228:11)
    at RenderFromTemplateContext (webpack-internal:///(app-pages-browser)/./node_modules/next/dist/client/components/render-from-template-context.js:16:44)
    at OuterLayoutRouter (webpack-internal:///(app-pages-browser)/./node_modules/next/dist/client/components/layout-router.js:370:11)
    at div
    at main
    at div
    at SidebarProvider (webpack-internal:///(app-pages-browser)/./src/context/SidebarProvider.tsx:16:11)
    at ThemeProvider (webpack-internal:///(app-pages-browser)/./src/components/theme-provider.tsx:17:11)
    at DashboardLayout (webpack-internal:///(app-pages-browser)/./src/app/(dashboard)/layout.tsx:40:11)
    at InnerLayoutRouter (webpack-internal:///(app-pages-browser)/./node_modules/next/dist/client/components/layout-router.js:243:11)
    at RedirectErrorBoundary (webpack-internal:///(app-pages-browser)/./node_modules/next/dist/client/components/redirect-boundary.js:74:9)
    at RedirectBoundary (webpack-internal:///(app-pages-browser)/./node_modules/next/dist/client/components/redirect-boundary.js:82:11)
    at NotFoundErrorBoundary (webpack-internal:///(app-pages-browser)/./node_modules/next/dist/client/components/not-found-boundary.js:76:9)
    at NotFoundBoundary (webpack-internal:///(app-pages-browser)/./node_modules/next/dist/client/components/not-found-boundary.js:84:11)
    at LoadingBoundary (webpack-internal:///(app-pages-browser)/./node_modules/next/dist/client/components/layout-router.js:349:11)
    at ErrorBoundary (webpack-internal:///(app-pages-browser)/./node_modules/next/dist/client/components/error-boundary.js:160:11)
    at InnerScrollAndFocusHandler (webpack-internal:///(app-pages-browser)/./node_modules/next/dist/client/components/layout-router.js:153:9)
    at ScrollAndFocusHandler (webpack-internal:///(app-pages-browser)/./node_modules/next/dist/client/components/layout-router.js:228:11)
    at RenderFromTemplateContext (webpack-internal:///(app-pages-browser)/./node_modules/next/dist/client/components/render-from-template-context.js:16:44)
    at OuterLayoutRouter (webpack-internal:///(app-pages-browser)/./node_modules/next/dist/client/components/layout-router.js:370:11)
    at QueryClientProvider (webpack-internal:///(app-pages-browser)/./node_modules/@tanstack/react-query/build/modern/QueryClientProvider.js:27:11)
    at Providers (webpack-internal:///(app-pages-browser)/./src/components/providers/query-provider.tsx:16:11)
    at SessionProvider (webpack-internal:///(app-pages-browser)/./node_modules/next-auth/react/index.js:365:24)
    at SessionProvider (webpack-internal:///(app-pages-browser)/./src/components/auth/SessionProvider.tsx:12:11)
    at body
    at html
    at RootLayout (Server)
    at RedirectErrorBoundary (webpack-internal:///(app-pages-browser)/./node_modules/next/dist/client/components/redirect-boundary.js:74:9)
    at RedirectBoundary (webpack-internal:///(app-pages-browser)/./node_modules/next/dist/client/components/redirect-boundary.js:82:11)
    at NotFoundErrorBoundary (webpack-internal:///(app-pages-browser)/./node_modules/next/dist/client/components/not-found-boundary.js:76:9)
    at NotFoundBoundary (webpack-internal:///(app-pages-browser)/./node_modules/next/dist/client/components/not-found-boundary.js:84:11)
    at DevRootNotFoundBoundary (webpack-internal:///(app-pages-browser)/./node_modules/next/dist/client/components/dev-root-not-found-boundary.js:33:11)
    at ReactDevOverlay (webpack-internal:///(app-pages-browser)/./node_modules/next/dist/client/components/react-dev-overlay/app/ReactDevOverlay.js:87:9)
    at HotReload (webpack-internal:///(app-pages-browser)/./node_modules/next/dist/client/components/react-dev-overlay/app/hot-reloader-client.js:321:11)
    at Router (webpack-internal:///(app-pages-browser)/./node_modules/next/dist/client/components/app-router.js:207:11)
    at ErrorBoundaryHandler (webpack-internal:///(app-pages-browser)/./node_modules/next/dist/client/components/error-boundary.js:113:9)
    at ErrorBoundary (webpack-internal:///(app-pages-browser)/./node_modules/next/dist/client/components/error-boundary.js:160:11)
    at AppRouter (webpack-internal:///(app-pages-browser)/./node_modules/next/dist/client/components/app-router.js:585:13)
    at ServerRoot (webpack-internal:///(app-pages-browser)/./node_modules/next/dist/client/app-index.js:112:27)
    at Root (webpack-internal:///(app-pages-browser)/./node_modules/next/dist/client/app-index.js:117:11)

React will try to recreate this component tree from scratch using the error boundary you provided, ReactDevOverlay. @ webpack-internal:///(app-pages-browser)/./node_modules/next/dist/client/app-index.js:32
[ 2736817ms] [LOG] [Fast Refresh] rebuilding @ webpack-internal:///(app-pages-browser)/./node_modules/next/dist/client/components/react-dev-overlay/app/hot-reloader-client.js:186
[ 2738181ms] [LOG] [Auth] Utilisateur connecté détecté {userId: cmt3i6d290000qn8stnmxf460, role: admin, email: admin@nexaflow.com} @ webpack-internal:///(app-pages-browser)/./src/lib/procedures/client-auth.ts:15
[ 2738182ms] [LOG] [Auth] Utilisateur connecté détecté {userId: cmt3i6d290000qn8stnmxf460, role: admin, email: admin@nexaflow.com} @ webpack-internal:///(app-pages-browser)/./src/lib/procedures/client-auth.ts:15
[ 2738203ms] [LOG] [StructureBDD] render loading @ webpack-internal:///(app-pages-browser)/./src/app/(dashboard)/structure-bdd/page.tsx:1737
[ 2738204ms] [LOG] [StructureBDD] render loading @ webpack-internal:///(app-pages-browser)/./src/app/(dashboard)/structure-bdd/page.tsx:1737
[ 2738221ms] [LOG] [StructureBDD] mount @ webpack-internal:///(app-pages-browser)/./src/app/(dashboard)/structure-bdd/page.tsx:655
[ 2738224ms] [LOG] [StructureBDD] loadTrees start @ webpack-internal:///(app-pages-browser)/./src/app/(dashboard)/structure-bdd/page.tsx:524
[ 2738238ms] [LOG] [StructureBDD] mount @ webpack-internal:///(app-pages-browser)/./src/app/(dashboard)/structure-bdd/page.tsx:655
[ 2738239ms] [LOG] [StructureBDD] loadTrees start @ webpack-internal:///(app-pages-browser)/./src/app/(dashboard)/structure-bdd/page.tsx:524
[ 2738259ms] [LOG] [Auth] Utilisateur connecté détecté {userId: cmt3i6d290000qn8stnmxf460, role: admin, email: admin@nexaflow.com} @ webpack-internal:///(app-pages-browser)/./src/lib/procedures/client-auth.ts:15
[ 2738260ms] [LOG] [Auth] Utilisateur connecté détecté {userId: cmt3i6d290000qn8stnmxf460, role: admin, email: admin@nexaflow.com} @ webpack-internal:///(app-pages-browser)/./src/lib/procedures/client-auth.ts:15
[ 2738268ms] [LOG] [StructureBDD] render loading @ webpack-internal:///(app-pages-browser)/./src/app/(dashboard)/structure-bdd/page.tsx:1737
[ 2738268ms] [LOG] [StructureBDD] render loading @ webpack-internal:///(app-pages-browser)/./src/app/(dashboard)/structure-bdd/page.tsx:1737
[ 2738275ms] [LOG] [StructureBDD] mount @ webpack-internal:///(app-pages-browser)/./src/app/(dashboard)/structure-bdd/page.tsx:655
[ 2738277ms] [LOG] [StructureBDD] loadTrees start @ webpack-internal:///(app-pages-browser)/./src/app/(dashboard)/structure-bdd/page.tsx:524
[ 2738300ms] [LOG] [StructureBDD] mount @ webpack-internal:///(app-pages-browser)/./src/app/(dashboard)/structure-bdd/page.tsx:655
[ 2738304ms] [LOG] [StructureBDD] loadTrees start @ webpack-internal:///(app-pages-browser)/./src/app/(dashboard)/structure-bdd/page.tsx:524
[ 2738335ms] [WARNING] [Fast Refresh] performing full reload because your application had an unrecoverable error @ webpack-internal:///(app-pages-browser)/./node_modules/next/dist/client/components/react-dev-overlay/app/hot-reloader-client.js:114
[ 2738338ms] [LOG] [StructureBDD] local tree loaded {count: 0} @ webpack-internal:///(app-pages-browser)/./src/app/(dashboard)/structure-bdd/page.tsx:553
[ 2738339ms] [LOG] [StructureBDD] local tree loaded {count: 0} @ webpack-internal:///(app-pages-browser)/./src/app/(dashboard)/structure-bdd/page.tsx:553
[ 2738339ms] [LOG] [StructureBDD] local tree loaded {count: 0} @ webpack-internal:///(app-pages-browser)/./src/app/(dashboard)/structure-bdd/page.tsx:553
[ 2738339ms] [LOG] [StructureBDD] local tree loaded {count: 0} @ webpack-internal:///(app-pages-browser)/./src/app/(dashboard)/structure-bdd/page.tsx:553
[ 2738355ms] [LOG] [StructureBDD] render loading @ webpack-internal:///(app-pages-browser)/./src/app/(dashboard)/structure-bdd/page.tsx:1737
[ 2738355ms] [LOG] [StructureBDD] render loading @ webpack-internal:///(app-pages-browser)/./src/app/(dashboard)/structure-bdd/page.tsx:1737
[ 2738357ms] [LOG] [StructureBDD] vector docs loaded {count: 0} @ webpack-internal:///(app-pages-browser)/./src/app/(dashboard)/structure-bdd/page.tsx:577
[ 2738359ms] [LOG] [StructureBDD] vector docs loaded {count: 0} @ webpack-internal:///(app-pages-browser)/./src/app/(dashboard)/structure-bdd/page.tsx:577
[ 2738359ms] [LOG] [StructureBDD] vector docs loaded {count: 0} @ webpack-internal:///(app-pages-browser)/./src/app/(dashboard)/structure-bdd/page.tsx:577
[ 2738360ms] [LOG] [StructureBDD] vector docs loaded {count: 0} @ webpack-internal:///(app-pages-browser)/./src/app/(dashboard)/structure-bdd/page.tsx:577
[ 2738370ms] [LOG] [StructureBDD] vector tree loaded {count: 0} @ webpack-internal:///(app-pages-browser)/./src/app/(dashboard)/structure-bdd/page.tsx:591
[ 2738374ms] [LOG] [StructureBDD] render loading @ webpack-internal:///(app-pages-browser)/./src/app/(dashboard)/structure-bdd/page.tsx:1737
[ 2738374ms] [LOG] [StructureBDD] render loading @ webpack-internal:///(app-pages-browser)/./src/app/(dashboard)/structure-bdd/page.tsx:1737
[ 2738376ms] [LOG] [StructureBDD] vector tree loaded {count: 0} @ webpack-internal:///(app-pages-browser)/./src/app/(dashboard)/structure-bdd/page.tsx:591
[ 2738377ms] [LOG] [StructureBDD] vector tree loaded {count: 0} @ webpack-internal:///(app-pages-browser)/./src/app/(dashboard)/structure-bdd/page.tsx:591
[ 2738377ms] [LOG] [StructureBDD] vector tree loaded {count: 0} @ webpack-internal:///(app-pages-browser)/./src/app/(dashboard)/structure-bdd/page.tsx:591
[ 2738379ms] [LOG] [StructureBDD] render loading @ webpack-internal:///(app-pages-browser)/./src/app/(dashboard)/structure-bdd/page.tsx:1737
[ 2738379ms] [LOG] [StructureBDD] render loading @ webpack-internal:///(app-pages-browser)/./src/app/(dashboard)/structure-bdd/page.tsx:1737
[ 2738459ms] [LOG] [StructureBDD] render loading @ webpack-internal:///(app-pages-browser)/./src/app/(dashboard)/structure-bdd/page.tsx:1737
[ 2738459ms] [LOG] [StructureBDD] render loading @ webpack-internal:///(app-pages-browser)/./src/app/(dashboard)/structure-bdd/page.tsx:1737
[ 2744673ms] [LOG] [StructureBDD] /api/images/tree status 200 @ webpack-internal:///(app-pages-browser)/./src/app/(dashboard)/structure-bdd/page.tsx:618
[ 2744674ms] [LOG] [StructureBDD] image tree loaded {count: 0} @ webpack-internal:///(app-pages-browser)/./src/app/(dashboard)/structure-bdd/page.tsx:623
[ 2744784ms] [LOG] [StructureBDD] /api/tree status 200 @ webpack-internal:///(app-pages-browser)/./src/app/(dashboard)/structure-bdd/page.tsx:532
[ 2744787ms] [LOG] [StructureBDD] web tree loaded {count: 6} @ webpack-internal:///(app-pages-browser)/./src/app/(dashboard)/structure-bdd/page.tsx:540
[ 2747528ms] [INFO] %cDownload the React DevTools for a better development experience: https://reactjs.org/link/react-devtools font-weight:bold @ webpack-internal:///(app-pages-browser)/./node_modules/next/dist/compiled/react-dom/cjs/react-dom.development.js:38559
[ 2747875ms] [LOG] [Auth] Utilisateur connecté détecté {userId: cmt3i6d290000qn8stnmxf460, role: admin, email: admin@nexaflow.com} @ webpack-internal:///(app-pages-browser)/./src/lib/procedures/client-auth.ts:15
[ 2747876ms] [LOG] [Auth] Utilisateur connecté détecté {userId: cmt3i6d290000qn8stnmxf460, role: admin, email: admin@nexaflow.com} @ webpack-internal:///(app-pages-browser)/./src/lib/procedures/client-auth.ts:15
[ 2747908ms] [LOG] [StructureBDD] render loading @ webpack-internal:///(app-pages-browser)/./src/app/(dashboard)/structure-bdd/page.tsx:1737
[ 2747909ms] [LOG] [StructureBDD] render loading @ webpack-internal:///(app-pages-browser)/./src/app/(dashboard)/structure-bdd/page.tsx:1737
[ 2747930ms] [LOG] [StructureBDD] mount @ webpack-internal:///(app-pages-browser)/./src/app/(dashboard)/structure-bdd/page.tsx:655
[ 2747932ms] [LOG] [StructureBDD] loadTrees start @ webpack-internal:///(app-pages-browser)/./src/app/(dashboard)/structure-bdd/page.tsx:524
[ 2747953ms] [LOG] [StructureBDD] mount @ webpack-internal:///(app-pages-browser)/./src/app/(dashboard)/structure-bdd/page.tsx:655
[ 2747955ms] [LOG] [StructureBDD] loadTrees start @ webpack-internal:///(app-pages-browser)/./src/app/(dashboard)/structure-bdd/page.tsx:524
[ 2747981ms] [LOG] [Auth] Utilisateur connecté détecté {userId: cmt3i6d290000qn8stnmxf460, role: admin, email: admin@nexaflow.com} @ webpack-internal:///(app-pages-browser)/./src/lib/procedures/client-auth.ts:15
[ 2747982ms] [LOG] [Auth] Utilisateur connecté détecté {userId: cmt3i6d290000qn8stnmxf460, role: admin, email: admin@nexaflow.com} @ webpack-internal:///(app-pages-browser)/./src/lib/procedures/client-auth.ts:15
[ 2747991ms] [LOG] [StructureBDD] render loading @ webpack-internal:///(app-pages-browser)/./src/app/(dashboard)/structure-bdd/page.tsx:1737
[ 2747991ms] [LOG] [StructureBDD] render loading @ webpack-internal:///(app-pages-browser)/./src/app/(dashboard)/structure-bdd/page.tsx:1737
[ 2747998ms] [LOG] [StructureBDD] mount @ webpack-internal:///(app-pages-browser)/./src/app/(dashboard)/structure-bdd/page.tsx:655
[ 2748000ms] [LOG] [StructureBDD] loadTrees start @ webpack-internal:///(app-pages-browser)/./src/app/(dashboard)/structure-bdd/page.tsx:524
[ 2748006ms] [LOG] [StructureBDD] mount @ webpack-internal:///(app-pages-browser)/./src/app/(dashboard)/structure-bdd/page.tsx:655
[ 2748007ms] [LOG] [StructureBDD] loadTrees start @ webpack-internal:///(app-pages-browser)/./src/app/(dashboard)/structure-bdd/page.tsx:524
[ 2748922ms] [WARNING] [SQLite] OPFS SAH Pool indisponible, repli sur IndexedDB (SqlJsDb). Error: Missing required OPFS APIs.
    at sqlite3.installOpfsSAHPoolVfs (webpack-internal:///(app-pages-browser)/./node_modules/@sqlite.org/sqlite-wasm/dist/index.mjs:15637:284)
    at openPersistentDatabase (webpack-internal:///(app-pages-browser)/./src/lib/client-engine/sqlite.ts:24:44)
    at eval (webpack-internal:///(app-pages-browser)/./src/lib/client-engine/sqlite.ts:51:20) @ webpack-internal:///(app-pages-browser)/./src/lib/client-engine/sqlite.ts:30
[ 2748922ms] [WARNING] [SQLite] Aucun stockage OPFS persistant disponible : repli sur localStorage (les données survivront au rechargement dans la limite de stockage du navigateur). @ webpack-internal:///(app-pages-browser)/./src/lib/client-engine/sqlite.ts:34
[ 2749009ms] [LOG] [SQLite] Base de données locale initialisée @ webpack-internal:///(app-pages-browser)/./src/lib/client-engine/sqlite.ts:52
[ 2749038ms] [LOG] [VectorStore] Base de données vectorielle IndexedDB initialisée @ webpack-internal:///(app-pages-browser)/./src/lib/client-engine/vector-store.ts:92
[ 2749039ms] [LOG] [VectorStore] Base de données vectorielle IndexedDB initialisée @ webpack-internal:///(app-pages-browser)/./src/lib/client-engine/vector-store.ts:92
[ 2749039ms] [LOG] [VectorStore] Base de données vectorielle IndexedDB initialisée @ webpack-internal:///(app-pages-browser)/./src/lib/client-engine/vector-store.ts:92
[ 2749039ms] [LOG] [VectorStore] Base de données vectorielle IndexedDB initialisée @ webpack-internal:///(app-pages-browser)/./src/lib/client-engine/vector-store.ts:92
[ 2749040ms] [LOG] [JsonStore] Base de données JSON IndexedDB initialisée @ webpack-internal:///(app-pages-browser)/./src/lib/client-engine/json-store.ts:50
[ 2749040ms] [LOG] [JsonStore] Base de données JSON IndexedDB initialisée @ webpack-internal:///(app-pages-browser)/./src/lib/client-engine/json-store.ts:50
[ 2749040ms] [LOG] [JsonStore] Base de données JSON IndexedDB initialisée @ webpack-internal:///(app-pages-browser)/./src/lib/client-engine/json-store.ts:50
[ 2749040ms] [LOG] [JsonStore] Base de données JSON IndexedDB initialisée @ webpack-internal:///(app-pages-browser)/./src/lib/client-engine/json-store.ts:50
[ 2749041ms] [LOG] [ClientEngine] Initialisation terminée: {sqlite: true, vectorStore: true, jsonStore: true} @ webpack-internal:///(app-pages-browser)/./src/lib/client-engine/index.ts:77
[ 2749041ms] [LOG] [ClientEngine] Initialisation terminée: {sqlite: true, vectorStore: true, jsonStore: true} @ webpack-internal:///(app-pages-browser)/./src/lib/client-engine/index.ts:77
[ 2749041ms] [LOG] [ClientEngine] Initialisation terminée: {sqlite: true, vectorStore: true, jsonStore: true} @ webpack-internal:///(app-pages-browser)/./src/lib/client-engine/index.ts:77
[ 2749041ms] [LOG] [ClientEngine] Initialisation terminée: {sqlite: true, vectorStore: true, jsonStore: true} @ webpack-internal:///(app-pages-browser)/./src/lib/client-engine/index.ts:77
[ 2749061ms] [LOG] [StructureBDD] local tree loaded {count: 0} @ webpack-internal:///(app-pages-browser)/./src/app/(dashboard)/structure-bdd/page.tsx:553
[ 2749062ms] [LOG] [StructureBDD] local tree loaded {count: 0} @ webpack-internal:///(app-pages-browser)/./src/app/(dashboard)/structure-bdd/page.tsx:553
[ 2749062ms] [LOG] [StructureBDD] local tree loaded {count: 0} @ webpack-internal:///(app-pages-browser)/./src/app/(dashboard)/structure-bdd/page.tsx:553
[ 2749062ms] [LOG] [StructureBDD] local tree loaded {count: 0} @ webpack-internal:///(app-pages-browser)/./src/app/(dashboard)/structure-bdd/page.tsx:553
[ 2749063ms] [LOG] [StructureBDD] vector docs loaded {count: 0} @ webpack-internal:///(app-pages-browser)/./src/app/(dashboard)/structure-bdd/page.tsx:577
[ 2749063ms] [LOG] [StructureBDD] vector docs loaded {count: 0} @ webpack-internal:///(app-pages-browser)/./src/app/(dashboard)/structure-bdd/page.tsx:577
[ 2749064ms] [LOG] [StructureBDD] vector docs loaded {count: 0} @ webpack-internal:///(app-pages-browser)/./src/app/(dashboard)/structure-bdd/page.tsx:577
[ 2749065ms] [LOG] [StructureBDD] vector docs loaded {count: 0} @ webpack-internal:///(app-pages-browser)/./src/app/(dashboard)/structure-bdd/page.tsx:577
[ 2749066ms] [LOG] [StructureBDD] render loading @ webpack-internal:///(app-pages-browser)/./src/app/(dashboard)/structure-bdd/page.tsx:1737
[ 2749067ms] [LOG] [StructureBDD] render loading @ webpack-internal:///(app-pages-browser)/./src/app/(dashboard)/structure-bdd/page.tsx:1737
[ 2749068ms] [LOG] [StructureBDD] vector tree loaded {count: 0} @ webpack-internal:///(app-pages-browser)/./src/app/(dashboard)/structure-bdd/page.tsx:591
[ 2749069ms] [LOG] [StructureBDD] vector tree loaded {count: 0} @ webpack-internal:///(app-pages-browser)/./src/app/(dashboard)/structure-bdd/page.tsx:591
[ 2749070ms] [LOG] [StructureBDD] vector tree loaded {count: 0} @ webpack-internal:///(app-pages-browser)/./src/app/(dashboard)/structure-bdd/page.tsx:591
[ 2749070ms] [LOG] [StructureBDD] vector tree loaded {count: 0} @ webpack-internal:///(app-pages-browser)/./src/app/(dashboard)/structure-bdd/page.tsx:591
[ 2749071ms] [LOG] [StructureBDD] render loading @ webpack-internal:///(app-pages-browser)/./src/app/(dashboard)/structure-bdd/page.tsx:1737
[ 2749072ms] [LOG] [StructureBDD] render loading @ webpack-internal:///(app-pages-browser)/./src/app/(dashboard)/structure-bdd/page.tsx:1737
[ 2750497ms] [LOG] [StructureBDD] /api/images/tree status 200 @ webpack-internal:///(app-pages-browser)/./src/app/(dashboard)/structure-bdd/page.tsx:618
[ 2750498ms] [LOG] [StructureBDD] image tree loaded {count: 0} @ webpack-internal:///(app-pages-browser)/./src/app/(dashboard)/structure-bdd/page.tsx:623
[ 2750730ms] [LOG] [StructureBDD] /api/tree status 200 @ webpack-internal:///(app-pages-browser)/./src/app/(dashboard)/structure-bdd/page.tsx:532
[ 2750733ms] [LOG] [StructureBDD] web tree loaded {count: 6} @ webpack-internal:///(app-pages-browser)/./src/app/(dashboard)/structure-bdd/page.tsx:540
[ 2751202ms] [LOG] [StructureBDD] /api/tree status 200 @ webpack-internal:///(app-pages-browser)/./src/app/(dashboard)/structure-bdd/page.tsx:532
[ 2751204ms] [LOG] [StructureBDD] web tree loaded {count: 6} @ webpack-internal:///(app-pages-browser)/./src/app/(dashboard)/structure-bdd/page.tsx:540
[ 2751285ms] [LOG] [StructureBDD] /api/images/tree status 200 @ webpack-internal:///(app-pages-browser)/./src/app/(dashboard)/structure-bdd/page.tsx:618
[ 2751286ms] [LOG] [StructureBDD] image tree loaded {count: 0} @ webpack-internal:///(app-pages-browser)/./src/app/(dashboard)/structure-bdd/page.tsx:623
[ 2751766ms] [LOG] [StructureBDD] /api/tree status 200 @ webpack-internal:///(app-pages-browser)/./src/app/(dashboard)/structure-bdd/page.tsx:532
[ 2751770ms] [LOG] [StructureBDD] web tree loaded {count: 6} @ webpack-internal:///(app-pages-browser)/./src/app/(dashboard)/structure-bdd/page.tsx:540
[ 2751772ms] [LOG] [StructureBDD] render loading @ webpack-internal:///(app-pages-browser)/./src/app/(dashboard)/structure-bdd/page.tsx:1737
[ 2751773ms] [LOG] [StructureBDD] render loading @ webpack-internal:///(app-pages-browser)/./src/app/(dashboard)/structure-bdd/page.tsx:1737
[ 2751815ms] [LOG] [StructureBDD] /api/images/tree status 200 @ webpack-internal:///(app-pages-browser)/./src/app/(dashboard)/structure-bdd/page.tsx:618
[ 2751817ms] [LOG] [StructureBDD] image tree loaded {count: 0} @ webpack-internal:///(app-pages-browser)/./src/app/(dashboard)/structure-bdd/page.tsx:623
[ 2751821ms] [LOG] [StructureBDD] render loading @ webpack-internal:///(app-pages-browser)/./src/app/(dashboard)/structure-bdd/page.tsx:1737
[ 2751822ms] [LOG] [StructureBDD] render loading @ webpack-internal:///(app-pages-browser)/./src/app/(dashboard)/structure-bdd/page.tsx:1737
[ 2752429ms] [LOG] [StructureBDD] /api/tree status 200 @ webpack-internal:///(app-pages-browser)/./src/app/(dashboard)/structure-bdd/page.tsx:532
[ 2752431ms] [LOG] [StructureBDD] web tree loaded {count: 6} @ webpack-internal:///(app-pages-browser)/./src/app/(dashboard)/structure-bdd/page.tsx:540
[ 2752432ms] [LOG] [StructureBDD] render loading @ webpack-internal:///(app-pages-browser)/./src/app/(dashboard)/structure-bdd/page.tsx:1737
[ 2752433ms] [LOG] [StructureBDD] render loading @ webpack-internal:///(app-pages-browser)/./src/app/(dashboard)/structure-bdd/page.tsx:1737
[ 2752479ms] [LOG] [StructureBDD] /api/images/tree status 200 @ webpack-internal:///(app-pages-browser)/./src/app/(dashboard)/structure-bdd/page.tsx:618
[ 2752480ms] [LOG] [StructureBDD] image tree loaded {count: 0} @ webpack-internal:///(app-pages-browser)/./src/app/(dashboard)/structure-bdd/page.tsx:623
[ 2752482ms] [LOG] [StructureBDD] render loading @ webpack-internal:///(app-pages-browser)/./src/app/(dashboard)/structure-bdd/page.tsx:1737
[ 2752482ms] [LOG] [StructureBDD] render loading @ webpack-internal:///(app-pages-browser)/./src/app/(dashboard)/structure-bdd/page.tsx:1737
[ 2752490ms] [LOG] [StructureBDD] render result {web: 6, local: 0, vector: 0, images: 0, webError: false} @ webpack-internal:///(app-pages-browser)/./src/app/(dashboard)/structure-bdd/page.tsx:1754
[ 2752493ms] [LOG] [StructureBDD] render result {web: 6, local: 0, vector: 0, images: 0, webError: false} @ webpack-internal:///(app-pages-browser)/./src/app/(dashboard)/structure-bdd/page.tsx:1754
[ 2752528ms] [ERROR] Warning: Cannot update a component (`%s`) while rendering a different component (`%s`). To locate the bad setState() call inside `%s`, follow the stack trace as described in https://reactjs.org/link/setstate-in-render%s HotReload TreeNodeItem TreeNodeItem 
    at TreeNodeItem (webpack-internal:///(app-pages-browser)/./src/app/(dashboard)/structure-bdd/page.tsx:105:11)
    at div
    at div
    at _c (webpack-internal:///(app-pages-browser)/./src/components/ui/card.tsx:19:11)
    at div
    at section
    at StructureBDDPage (webpack-internal:///(app-pages-browser)/./src/app/(dashboard)/structure-bdd/page.tsx:432:82)
    at ClientPageRoot (webpack-internal:///(app-pages-browser)/./node_modules/next/dist/client/components/client-page.js:14:11)
    at InnerLayoutRouter (webpack-internal:///(app-pages-browser)/./node_modules/next/dist/client/components/layout-router.js:243:11)
    at RedirectErrorBoundary (webpack-internal:///(app-pages-browser)/./node_modules/next/dist/client/components/redirect-boundary.js:74:9)
    at RedirectBoundary (webpack-internal:///(app-pages-browser)/./node_modules/next/dist/client/components/redirect-boundary.js:82:11)
    at NotFoundBoundary (webpack-internal:///(app-pages-browser)/./node_modules/next/dist/client/components/not-found-boundary.js:84:11)
    at LoadingBoundary (webpack-internal:///(app-pages-browser)/./node_modules/next/dist/client/components/layout-router.js:349:11)
    at ErrorBoundary (webpack-internal:///(app-pages-browser)/./node_modules/next/dist/client/components/error-boundary.js:160:11)
    at InnerScrollAndFocusHandler (webpack-internal:///(app-pages-browser)/./node_modules/next/dist/client/components/layout-router.js:153:9)
    at ScrollAndFocusHandler (webpack-internal:///(app-pages-browser)/./node_modules/next/dist/client/components/layout-router.js:228:11)
    at RenderFromTemplateContext (webpack-internal:///(app-pages-browser)/./node_modules/next/dist/client/components/render-from-template-context.js:16:44)
    at OuterLayoutRouter (webpack-internal:///(app-pages-browser)/./node_modules/next/dist/client/components/layout-router.js:370:11)
    at InnerLayoutRouter (webpack-internal:///(app-pages-browser)/./node_modules/next/dist/client/components/layout-router.js:243:11)
    at RedirectErrorBoundary (webpack-internal:///(app-pages-browser)/./node_modules/next/dist/client/components/redirect-boundary.js:74:9)
    at RedirectBoundary (webpack-internal:///(app-pages-browser)/./node_modules/next/dist/client/components/redirect-boundary.js:82:11)
    at NotFoundErrorBoundary (webpack-internal:///(app-pages-browser)/./node_modules/next/dist/client/components/not-found-boundary.js:76:9)
    at NotFoundBoundary (webpack-internal:///(app-pages-browser)/./node_modules/next/dist/client/components/not-found-boundary.js:84:11)
    at LoadingBoundary (webpack-internal:///(app-pages-browser)/./node_modules/next/dist/client/components/layout-router.js:349:11)
    at ErrorBoundary (webpack-internal:///(app-pages-browser)/./node_modules/next/dist/client/components/error-boundary.js:160:11)
    at InnerScrollAndFocusHandler (webpack-internal:///(app-pages-browser)/./node_modules/next/dist/client/components/layout-router.js:153:9)
    at ScrollAndFocusHandler (webpack-internal:///(app-pages-browser)/./node_modules/next/dist/client/components/layout-router.js:228:11)
    at RenderFromTemplateContext (webpack-internal:///(app-pages-browser)/./node_modules/next/dist/client/components/render-from-template-context.js:16:44)
    at OuterLayoutRouter (webpack-internal:///(app-pages-browser)/./node_modules/next/dist/client/components/layout-router.js:370:11)
    at div
    at main
    at div
    at SidebarProvider (webpack-internal:///(app-pages-browser)/./src/context/SidebarProvider.tsx:16:11)
    at ThemeProvider (webpack-internal:///(app-pages-browser)/./src/components/theme-provider.tsx:17:11)
    at DashboardLayout (webpack-internal:///(app-pages-browser)/./src/app/(dashboard)/layout.tsx:40:11)
    at InnerLayoutRouter (webpack-internal:///(app-pages-browser)/./node_modules/next/dist/client/components/layout-router.js:243:11)
    at RedirectErrorBoundary (webpack-internal:///(app-pages-browser)/./node_modules/next/dist/client/components/redirect-boundary.js:74:9)
    at RedirectBoundary (webpack-internal:///(app-pages-browser)/./node_modules/next/dist/client/components/redirect-boundary.js:82:11)
    at NotFoundErrorBoundary (webpack-internal:///(app-pages-browser)/./node_modules/next/dist/client/components/not-found-boundary.js:76:9)
    at NotFoundBoundary (webpack-internal:///(app-pages-browser)/./node_modules/next/dist/client/components/not-found-boundary.js:84:11)
    at LoadingBoundary (webpack-internal:///(app-pages-browser)/./node_modules/next/dist/client/components/layout-router.js:349:11)
    at ErrorBoundary (webpack-internal:///(app-pages-browser)/./node_modules/next/dist/client/components/error-boundary.js:160:11)
    at InnerScrollAndFocusHandler (webpack-internal:///(app-pages-browser)/./node_modules/next/dist/client/components/layout-router.js:153:9)
    at ScrollAndFocusHandler (webpack-internal:///(app-pages-browser)/./node_modules/next/dist/client/components/layout-router.js:228:11)
    at RenderFromTemplateContext (webpack-internal:///(app-pages-browser)/./node_modules/next/dist/client/components/render-from-template-context.js:16:44)
    at OuterLayoutRouter (webpack-internal:///(app-pages-browser)/./node_modules/next/dist/client/components/layout-router.js:370:11)
    at QueryClientProvider (webpack-internal:///(app-pages-browser)/./node_modules/@tanstack/react-query/build/modern/QueryClientProvider.js:27:11)
    at Providers (webpack-internal:///(app-pages-browser)/./src/components/providers/query-provider.tsx:16:11)
    at SessionProvider (webpack-internal:///(app-pages-browser)/./node_modules/next-auth/react/index.js:365:24)
    at SessionProvider (webpack-internal:///(app-pages-browser)/./src/components/auth/SessionProvider.tsx:12:11)
    at body
    at html
    at RootLayout (Server)
    at RedirectErrorBoundary (webpack-internal:///(app-pages-browser)/./node_modules/next/dist/client/components/redirect-boundary.js:74:9)
    at RedirectBoundary (webpack-internal:///(app-pages-browser)/./node_modules/next/dist/client/components/redirect-boundary.js:82:11)
    at NotFoundErrorBoundary (webpack-internal:///(app-pages-browser)/./node_modules/next/dist/client/components/not-found-boundary.js:76:9)
    at NotFoundBoundary (webpack-internal:///(app-pages-browser)/./node_modules/next/dist/client/components/not-found-boundary.js:84:11)
    at DevRootNotFoundBoundary (webpack-internal:///(app-pages-browser)/./node_modules/next/dist/client/components/dev-root-not-found-boundary.js:33:11)
    at ReactDevOverlay (webpack-internal:///(app-pages-browser)/./node_modules/next/dist/client/components/react-dev-overlay/app/ReactDevOverlay.js:87:9)
    at HotReload (webpack-internal:///(app-pages-browser)/./node_modules/next/dist/client/components/react-dev-overlay/app/hot-reloader-client.js:321:11)
    at Router (webpack-internal:///(app-pages-browser)/./node_modules/next/dist/client/components/app-router.js:207:11)
    at ErrorBoundaryHandler (webpack-internal:///(app-pages-browser)/./node_modules/next/dist/client/components/error-boundary.js:113:9)
    at ErrorBoundary (webpack-internal:///(app-pages-browser)/./node_modules/next/dist/client/components/error-boundary.js:160:11)
    at AppRouter (webpack-internal:///(app-pages-browser)/./node_modules/next/dist/client/components/app-router.js:585:13)
    at ServerRoot (webpack-internal:///(app-pages-browser)/./node_modules/next/dist/client/app-index.js:112:27)
    at Root (webpack-internal:///(app-pages-browser)/./node_modules/next/dist/client/app-index.js:117:11) @ webpack-internal:///(app-pages-browser)/./node_modules/next/dist/client/app-index.js:32
[ 2752531ms] ReferenceError: highlightText is not defined
    at TreeNodeItem (webpack-internal:///(app-pages-browser)/./src/app/(dashboard)/structure-bdd/page.tsx:191:35)
    at renderWithHooks (webpack-internal:///(app-pages-browser)/./node_modules/next/dist/compiled/react-dom/cjs/react-dom.development.js:11121:18)
    at updateFunctionComponent (webpack-internal:///(app-pages-browser)/./node_modules/next/dist/compiled/react-dom/cjs/react-dom.development.js:16290:20)
    at updateSimpleMemoComponent (webpack-internal:///(app-pages-browser)/./node_modules/next/dist/compiled/react-dom/cjs/react-dom.development.js:15999:10)
    at updateMemoComponent (webpack-internal:///(app-pages-browser)/./node_modules/next/dist/compiled/react-dom/cjs/react-dom.development.js:15900:14)
    at beginWork$1 (webpack-internal:///(app-pages-browser)/./node_modules/next/dist/compiled/react-dom/cjs/react-dom.development.js:18547:16)
    at HTMLUnknownElement.callCallback (webpack-internal:///(app-pages-browser)/./node_modules/next/dist/compiled/react-dom/cjs/react-dom.development.js:20565:14)
    at Object.invokeGuardedCallbackImpl (webpack-internal:///(app-pages-browser)/./node_modules/next/dist/compiled/react-dom/cjs/react-dom.development.js:20614:16)
    at invokeGuardedCallback (webpack-internal:///(app-pages-browser)/./node_modules/next/dist/compiled/react-dom/cjs/react-dom.development.js:20689:29)
    at beginWork (webpack-internal:///(app-pages-browser)/./node_modules/next/dist/compiled/react-dom/cjs/react-dom.development.js:26949:7)
    at performUnitOfWork (webpack-internal:///(app-pages-browser)/./node_modules/next/dist/compiled/react-dom/cjs/react-dom.development.js:25748:12)
    at workLoopSync (webpack-internal:///(app-pages-browser)/./node_modules/next/dist/compiled/react-dom/cjs/react-dom.development.js:25464:5)
    at renderRootSync (webpack-internal:///(app-pages-browser)/./node_modules/next/dist/compiled/react-dom/cjs/react-dom.development.js:25419:7)
    at performConcurrentWorkOnRoot (webpack-internal:///(app-pages-browser)/./node_modules/next/dist/compiled/react-dom/cjs/react-dom.development.js:24504:74)
    at workLoop (webpack-internal:///(app-pages-browser)/./node_modules/next/dist/compiled/scheduler/cjs/scheduler.development.js:256:34)
    at flushWork (webpack-internal:///(app-pages-browser)/./node_modules/next/dist/compiled/scheduler/cjs/scheduler.development.js:225:14)
    at MessagePort.performWorkUntilDeadline (webpack-internal:///(app-pages-browser)/./node_modules/next/dist/compiled/scheduler/cjs/scheduler.development.js:534:21)
[ 2752535ms] ReferenceError: highlightText is not defined
    at TreeNodeItem (webpack-internal:///(app-pages-browser)/./src/app/(dashboard)/structure-bdd/page.tsx:191:35)
    at renderWithHooks (webpack-internal:///(app-pages-browser)/./node_modules/next/dist/compiled/react-dom/cjs/react-dom.development.js:11121:18)
    at updateFunctionComponent (webpack-internal:///(app-pages-browser)/./node_modules/next/dist/compiled/react-dom/cjs/react-dom.development.js:16290:20)
    at updateSimpleMemoComponent (webpack-internal:///(app-pages-browser)/./node_modules/next/dist/compiled/react-dom/cjs/react-dom.development.js:15999:10)
    at updateMemoComponent (webpack-internal:///(app-pages-browser)/./node_modules/next/dist/compiled/react-dom/cjs/react-dom.development.js:15900:14)
    at beginWork$1 (webpack-internal:///(app-pages-browser)/./node_modules/next/dist/compiled/react-dom/cjs/react-dom.development.js:18547:16)
    at beginWork (webpack-internal:///(app-pages-browser)/./node_modules/next/dist/compiled/react-dom/cjs/react-dom.development.js:26927:14)
    at performUnitOfWork (webpack-internal:///(app-pages-browser)/./node_modules/next/dist/compiled/react-dom/cjs/react-dom.development.js:25748:12)
    at workLoopSync (webpack-internal:///(app-pages-browser)/./node_modules/next/dist/compiled/react-dom/cjs/react-dom.development.js:25464:5)
    at renderRootSync (webpack-internal:///(app-pages-browser)/./node_modules/next/dist/compiled/react-dom/cjs/react-dom.development.js:25419:7)
    at performConcurrentWorkOnRoot (webpack-internal:///(app-pages-browser)/./node_modules/next/dist/compiled/react-dom/cjs/react-dom.development.js:24504:74)
    at workLoop (webpack-internal:///(app-pages-browser)/./node_modules/next/dist/compiled/scheduler/cjs/scheduler.development.js:256:34)
    at flushWork (webpack-internal:///(app-pages-browser)/./node_modules/next/dist/compiled/scheduler/cjs/scheduler.development.js:225:14)
    at MessagePort.performWorkUntilDeadline (webpack-internal:///(app-pages-browser)/./node_modules/next/dist/compiled/scheduler/cjs/scheduler.development.js:534:21)
[ 2752535ms] ReferenceError: highlightText is not defined
    at TreeNodeItem (webpack-internal:///(app-pages-browser)/./src/app/(dashboard)/structure-bdd/page.tsx:191:35)
    at renderWithHooks (webpack-internal:///(app-pages-browser)/./node_modules/next/dist/compiled/react-dom/cjs/react-dom.development.js:11121:18)
    at updateFunctionComponent (webpack-internal:///(app-pages-browser)/./node_modules/next/dist/compiled/react-dom/cjs/react-dom.development.js:16290:20)
    at updateSimpleMemoComponent (webpack-internal:///(app-pages-browser)/./node_modules/next/dist/compiled/react-dom/cjs/react-dom.development.js:15999:10)
    at updateMemoComponent (webpack-internal:///(app-pages-browser)/./node_modules/next/dist/compiled/react-dom/cjs/react-dom.development.js:15900:14)
    at beginWork$1 (webpack-internal:///(app-pages-browser)/./node_modules/next/dist/compiled/react-dom/cjs/react-dom.development.js:18547:16)
    at beginWork (webpack-internal:///(app-pages-browser)/./node_modules/next/dist/compiled/react-dom/cjs/react-dom.development.js:26927:14)
    at performUnitOfWork (webpack-internal:///(app-pages-browser)/./node_modules/next/dist/compiled/react-dom/cjs/react-dom.development.js:25748:12)
    at workLoopSync (webpack-internal:///(app-pages-browser)/./node_modules/next/dist/compiled/react-dom/cjs/react-dom.development.js:25464:5)
    at renderRootSync (webpack-internal:///(app-pages-browser)/./node_modules/next/dist/compiled/react-dom/cjs/react-dom.development.js:25419:7)
    at performConcurrentWorkOnRoot (webpack-internal:///(app-pages-browser)/./node_modules/next/dist/compiled/react-dom/cjs/react-dom.development.js:24504:74)
    at workLoop (webpack-internal:///(app-pages-browser)/./node_modules/next/dist/compiled/scheduler/cjs/scheduler.development.js:256:34)
    at flushWork (webpack-internal:///(app-pages-browser)/./node_modules/next/dist/compiled/scheduler/cjs/scheduler.development.js:225:14)
    at MessagePort.performWorkUntilDeadline (webpack-internal:///(app-pages-browser)/./node_modules/next/dist/compiled/scheduler/cjs/scheduler.development.js:534:21)
[ 2752536ms] ReferenceError: highlightText is not defined
    at TreeNodeItem (webpack-internal:///(app-pages-browser)/./src/app/(dashboard)/structure-bdd/page.tsx:191:35)
    at renderWithHooks (webpack-internal:///(app-pages-browser)/./node_modules/next/dist/compiled/react-dom/cjs/react-dom.development.js:11121:18)
    at updateFunctionComponent (webpack-internal:///(app-pages-browser)/./node_modules/next/dist/compiled/react-dom/cjs/react-dom.development.js:16290:20)
    at updateSimpleMemoComponent (webpack-internal:///(app-pages-browser)/./node_modules/next/dist/compiled/react-dom/cjs/react-dom.development.js:15999:10)
    at updateMemoComponent (webpack-internal:///(app-pages-browser)/./node_modules/next/dist/compiled/react-dom/cjs/react-dom.development.js:15900:14)
    at beginWork$1 (webpack-internal:///(app-pages-browser)/./node_modules/next/dist/compiled/react-dom/cjs/react-dom.development.js:18547:16)
    at beginWork (webpack-internal:///(app-pages-browser)/./node_modules/next/dist/compiled/react-dom/cjs/react-dom.development.js:26927:14)
    at performUnitOfWork (webpack-internal:///(app-pages-browser)/./node_modules/next/dist/compiled/react-dom/cjs/react-dom.development.js:25748:12)
    at workLoopSync (webpack-internal:///(app-pages-browser)/./node_modules/next/dist/compiled/react-dom/cjs/react-dom.development.js:25464:5)
    at renderRootSync (webpack-internal:///(app-pages-browser)/./node_modules/next/dist/compiled/react-dom/cjs/react-dom.development.js:25419:7)
    at performConcurrentWorkOnRoot (webpack-internal:///(app-pages-browser)/./node_modules/next/dist/compiled/react-dom/cjs/react-dom.development.js:24504:74)
    at workLoop (webpack-internal:///(app-pages-browser)/./node_modules/next/dist/compiled/scheduler/cjs/scheduler.development.js:256:34)
    at flushWork (webpack-internal:///(app-pages-browser)/./node_modules/next/dist/compiled/scheduler/cjs/scheduler.development.js:225:14)
    at MessagePort.performWorkUntilDeadline (webpack-internal:///(app-pages-browser)/./node_modules/next/dist/compiled/scheduler/cjs/scheduler.development.js:534:21)
[ 2752537ms] ReferenceError: highlightText is not defined
    at TreeNodeItem (webpack-internal:///(app-pages-browser)/./src/app/(dashboard)/structure-bdd/page.tsx:191:35)
    at renderWithHooks (webpack-internal:///(app-pages-browser)/./node_modules/next/dist/compiled/react-dom/cjs/react-dom.development.js:11121:18)
    at updateFunctionComponent (webpack-internal:///(app-pages-browser)/./node_modules/next/dist/compiled/react-dom/cjs/react-dom.development.js:16290:20)
    at updateSimpleMemoComponent (webpack-internal:///(app-pages-browser)/./node_modules/next/dist/compiled/react-dom/cjs/react-dom.development.js:15999:10)
    at updateMemoComponent (webpack-internal:///(app-pages-browser)/./node_modules/next/dist/compiled/react-dom/cjs/react-dom.development.js:15900:14)
    at beginWork$1 (webpack-internal:///(app-pages-browser)/./node_modules/next/dist/compiled/react-dom/cjs/react-dom.development.js:18547:16)
    at beginWork (webpack-internal:///(app-pages-browser)/./node_modules/next/dist/compiled/react-dom/cjs/react-dom.development.js:26927:14)
    at performUnitOfWork (webpack-internal:///(app-pages-browser)/./node_modules/next/dist/compiled/react-dom/cjs/react-dom.development.js:25748:12)
    at workLoopSync (webpack-internal:///(app-pages-browser)/./node_modules/next/dist/compiled/react-dom/cjs/react-dom.development.js:25464:5)
    at renderRootSync (webpack-internal:///(app-pages-browser)/./node_modules/next/dist/compiled/react-dom/cjs/react-dom.development.js:25419:7)
    at performConcurrentWorkOnRoot (webpack-internal:///(app-pages-browser)/./node_modules/next/dist/compiled/react-dom/cjs/react-dom.development.js:24504:74)
    at workLoop (webpack-internal:///(app-pages-browser)/./node_modules/next/dist/compiled/scheduler/cjs/scheduler.development.js:256:34)
    at flushWork (webpack-internal:///(app-pages-browser)/./node_modules/next/dist/compiled/scheduler/cjs/scheduler.development.js:225:14)
    at MessagePort.performWorkUntilDeadline (webpack-internal:///(app-pages-browser)/./node_modules/next/dist/compiled/scheduler/cjs/scheduler.development.js:534:21)
[ 2752539ms] ReferenceError: highlightText is not defined
    at TreeNodeItem (webpack-internal:///(app-pages-browser)/./src/app/(dashboard)/structure-bdd/page.tsx:191:35)
    at renderWithHooks (webpack-internal:///(app-pages-browser)/./node_modules/next/dist/compiled/react-dom/cjs/react-dom.development.js:11121:18)
    at updateFunctionComponent (webpack-internal:///(app-pages-browser)/./node_modules/next/dist/compiled/react-dom/cjs/react-dom.development.js:16290:20)
    at updateSimpleMemoComponent (webpack-internal:///(app-pages-browser)/./node_modules/next/dist/compiled/react-dom/cjs/react-dom.development.js:15999:10)
    at updateMemoComponent (webpack-internal:///(app-pages-browser)/./node_modules/next/dist/compiled/react-dom/cjs/react-dom.development.js:15900:14)
    at beginWork$1 (webpack-internal:///(app-pages-browser)/./node_modules/next/dist/compiled/react-dom/cjs/react-dom.development.js:18547:16)
    at beginWork (webpack-internal:///(app-pages-browser)/./node_modules/next/dist/compiled/react-dom/cjs/react-dom.development.js:26927:14)
    at performUnitOfWork (webpack-internal:///(app-pages-browser)/./node_modules/next/dist/compiled/react-dom/cjs/react-dom.development.js:25748:12)
    at workLoopSync (webpack-internal:///(app-pages-browser)/./node_modules/next/dist/compiled/react-dom/cjs/react-dom.development.js:25464:5)
    at renderRootSync (webpack-internal:///(app-pages-browser)/./node_modules/next/dist/compiled/react-dom/cjs/react-dom.development.js:25419:7)
    at performConcurrentWorkOnRoot (webpack-internal:///(app-pages-browser)/./node_modules/next/dist/compiled/react-dom/cjs/react-dom.development.js:24504:74)
    at workLoop (webpack-internal:///(app-pages-browser)/./node_modules/next/dist/compiled/scheduler/cjs/scheduler.development.js:256:34)
    at flushWork (webpack-internal:///(app-pages-browser)/./node_modules/next/dist/compiled/scheduler/cjs/scheduler.development.js:225:14)
    at MessagePort.performWorkUntilDeadline (webpack-internal:///(app-pages-browser)/./node_modules/next/dist/compiled/scheduler/cjs/scheduler.development.js:534:21)
[ 2752540ms] ReferenceError: highlightText is not defined
    at TreeNodeItem (webpack-internal:///(app-pages-browser)/./src/app/(dashboard)/structure-bdd/page.tsx:191:35)
    at renderWithHooks (webpack-internal:///(app-pages-browser)/./node_modules/next/dist/compiled/react-dom/cjs/react-dom.development.js:11121:18)
    at updateFunctionComponent (webpack-internal:///(app-pages-browser)/./node_modules/next/dist/compiled/react-dom/cjs/react-dom.development.js:16290:20)
    at updateSimpleMemoComponent (webpack-internal:///(app-pages-browser)/./node_modules/next/dist/compiled/react-dom/cjs/react-dom.development.js:15999:10)
    at updateMemoComponent (webpack-internal:///(app-pages-browser)/./node_modules/next/dist/compiled/react-dom/cjs/react-dom.development.js:15900:14)
    at beginWork$1 (webpack-internal:///(app-pages-browser)/./node_modules/next/dist/compiled/react-dom/cjs/react-dom.development.js:18547:16)
    at beginWork (webpack-internal:///(app-pages-browser)/./node_modules/next/dist/compiled/react-dom/cjs/react-dom.development.js:26927:14)
    at performUnitOfWork (webpack-internal:///(app-pages-browser)/./node_modules/next/dist/compiled/react-dom/cjs/react-dom.development.js:25748:12)
    at workLoopSync (webpack-internal:///(app-pages-browser)/./node_modules/next/dist/compiled/react-dom/cjs/react-dom.development.js:25464:5)
    at renderRootSync (webpack-internal:///(app-pages-browser)/./node_modules/next/dist/compiled/react-dom/cjs/react-dom.development.js:25419:7)
    at performConcurrentWorkOnRoot (webpack-internal:///(app-pages-browser)/./node_modules/next/dist/compiled/react-dom/cjs/react-dom.development.js:24504:74)
    at workLoop (webpack-internal:///(app-pages-browser)/./node_modules/next/dist/compiled/scheduler/cjs/scheduler.development.js:256:34)
    at flushWork (webpack-internal:///(app-pages-browser)/./node_modules/next/dist/compiled/scheduler/cjs/scheduler.development.js:225:14)
    at MessagePort.performWorkUntilDeadline (webpack-internal:///(app-pages-browser)/./node_modules/next/dist/compiled/scheduler/cjs/scheduler.development.js:534:21)
[ 2752540ms] ReferenceError: highlightText is not defined
    at TreeNodeItem (webpack-internal:///(app-pages-browser)/./src/app/(dashboard)/structure-bdd/page.tsx:191:35)
    at renderWithHooks (webpack-internal:///(app-pages-browser)/./node_modules/next/dist/compiled/react-dom/cjs/react-dom.development.js:11121:18)
    at updateFunctionComponent (webpack-internal:///(app-pages-browser)/./node_modules/next/dist/compiled/react-dom/cjs/react-dom.development.js:16290:20)
    at updateSimpleMemoComponent (webpack-internal:///(app-pages-browser)/./node_modules/next/dist/compiled/react-dom/cjs/react-dom.development.js:15999:10)
    at updateMemoComponent (webpack-internal:///(app-pages-browser)/./node_modules/next/dist/compiled/react-dom/cjs/react-dom.development.js:15900:14)
    at beginWork$1 (webpack-internal:///(app-pages-browser)/./node_modules/next/dist/compiled/react-dom/cjs/react-dom.development.js:18547:16)
    at beginWork (webpack-internal:///(app-pages-browser)/./node_modules/next/dist/compiled/react-dom/cjs/react-dom.development.js:26927:14)
    at performUnitOfWork (webpack-internal:///(app-pages-browser)/./node_modules/next/dist/compiled/react-dom/cjs/react-dom.development.js:25748:12)
    at workLoopSync (webpack-internal:///(app-pages-browser)/./node_modules/next/dist/compiled/react-dom/cjs/react-dom.development.js:25464:5)
    at renderRootSync (webpack-internal:///(app-pages-browser)/./node_modules/next/dist/compiled/react-dom/cjs/react-dom.development.js:25419:7)
    at performConcurrentWorkOnRoot (webpack-internal:///(app-pages-browser)/./node_modules/next/dist/compiled/react-dom/cjs/react-dom.development.js:24504:74)
    at workLoop (webpack-internal:///(app-pages-browser)/./node_modules/next/dist/compiled/scheduler/cjs/scheduler.development.js:256:34)
    at flushWork (webpack-internal:///(app-pages-browser)/./node_modules/next/dist/compiled/scheduler/cjs/scheduler.development.js:225:14)
    at MessagePort.performWorkUntilDeadline (webpack-internal:///(app-pages-browser)/./node_modules/next/dist/compiled/scheduler/cjs/scheduler.development.js:534:21)
[ 2752542ms] [LOG] [StructureBDD] render result {web: 6, local: 0, vector: 0, images: 0, webError: false} @ webpack-internal:///(app-pages-browser)/./src/app/(dashboard)/structure-bdd/page.tsx:1754
[ 2752544ms] [LOG] [StructureBDD] render result {web: 6, local: 0, vector: 0, images: 0, webError: false} @ webpack-internal:///(app-pages-browser)/./src/app/(dashboard)/structure-bdd/page.tsx:1754
[ 2752555ms] ReferenceError: highlightText is not defined
    at TreeNodeItem (webpack-internal:///(app-pages-browser)/./src/app/(dashboard)/structure-bdd/page.tsx:191:35)
    at renderWithHooks (webpack-internal:///(app-pages-browser)/./node_modules/next/dist/compiled/react-dom/cjs/react-dom.development.js:11121:18)
    at updateFunctionComponent (webpack-internal:///(app-pages-browser)/./node_modules/next/dist/compiled/react-dom/cjs/react-dom.development.js:16290:20)
    at updateSimpleMemoComponent (webpack-internal:///(app-pages-browser)/./node_modules/next/dist/compiled/react-dom/cjs/react-dom.development.js:15999:10)
    at updateMemoComponent (webpack-internal:///(app-pages-browser)/./node_modules/next/dist/compiled/react-dom/cjs/react-dom.development.js:15900:14)
    at beginWork$1 (webpack-internal:///(app-pages-browser)/./node_modules/next/dist/compiled/react-dom/cjs/react-dom.development.js:18547:16)
    at HTMLUnknownElement.callCallback (webpack-internal:///(app-pages-browser)/./node_modules/next/dist/compiled/react-dom/cjs/react-dom.development.js:20565:14)
    at Object.invokeGuardedCallbackImpl (webpack-internal:///(app-pages-browser)/./node_modules/next/dist/compiled/react-dom/cjs/react-dom.development.js:20614:16)
    at invokeGuardedCallback (webpack-internal:///(app-pages-browser)/./node_modules/next/dist/compiled/react-dom/cjs/react-dom.development.js:20689:29)
    at beginWork (webpack-internal:///(app-pages-browser)/./node_modules/next/dist/compiled/react-dom/cjs/react-dom.development.js:26949:7)
    at performUnitOfWork (webpack-internal:///(app-pages-browser)/./node_modules/next/dist/compiled/react-dom/cjs/react-dom.development.js:25748:12)
    at workLoopSync (webpack-internal:///(app-pages-browser)/./node_modules/next/dist/compiled/react-dom/cjs/react-dom.development.js:25464:5)
    at renderRootSync (webpack-internal:///(app-pages-browser)/./node_modules/next/dist/compiled/react-dom/cjs/react-dom.development.js:25419:7)
    at recoverFromConcurrentError (webpack-internal:///(app-pages-browser)/./node_modules/next/dist/compiled/react-dom/cjs/react-dom.development.js:24597:20)
    at performConcurrentWorkOnRoot (webpack-internal:///(app-pages-browser)/./node_modules/next/dist/compiled/react-dom/cjs/react-dom.development.js:24542:26)
    at workLoop (webpack-internal:///(app-pages-browser)/./node_modules/next/dist/compiled/scheduler/cjs/scheduler.development.js:256:34)
    at flushWork (webpack-internal:///(app-pages-browser)/./node_modules/next/dist/compiled/scheduler/cjs/scheduler.development.js:225:14)
    at MessagePort.performWorkUntilDeadline (webpack-internal:///(app-pages-browser)/./node_modules/next/dist/compiled/scheduler/cjs/scheduler.development.js:534:21)
[ 2752555ms] ReferenceError: highlightText is not defined
    at TreeNodeItem (webpack-internal:///(app-pages-browser)/./src/app/(dashboard)/structure-bdd/page.tsx:191:35)
    at renderWithHooks (webpack-internal:///(app-pages-browser)/./node_modules/next/dist/compiled/react-dom/cjs/react-dom.development.js:11121:18)
    at updateFunctionComponent (webpack-internal:///(app-pages-browser)/./node_modules/next/dist/compiled/react-dom/cjs/react-dom.development.js:16290:20)
    at updateSimpleMemoComponent (webpack-internal:///(app-pages-browser)/./node_modules/next/dist/compiled/react-dom/cjs/react-dom.development.js:15999:10)
    at updateMemoComponent (webpack-internal:///(app-pages-browser)/./node_modules/next/dist/compiled/react-dom/cjs/react-dom.development.js:15900:14)
    at beginWork$1 (webpack-internal:///(app-pages-browser)/./node_modules/next/dist/compiled/react-dom/cjs/react-dom.development.js:18547:16)
    at beginWork (webpack-internal:///(app-pages-browser)/./node_modules/next/dist/compiled/react-dom/cjs/react-dom.development.js:26927:14)
    at performUnitOfWork (webpack-internal:///(app-pages-browser)/./node_modules/next/dist/compiled/react-dom/cjs/react-dom.development.js:25748:12)
    at workLoopSync (webpack-internal:///(app-pages-browser)/./node_modules/next/dist/compiled/react-dom/cjs/react-dom.development.js:25464:5)
    at renderRootSync (webpack-internal:///(app-pages-browser)/./node_modules/next/dist/compiled/react-dom/cjs/react-dom.development.js:25419:7)
    at recoverFromConcurrentError (webpack-internal:///(app-pages-browser)/./node_modules/next/dist/compiled/react-dom/cjs/react-dom.development.js:24597:20)
    at performConcurrentWorkOnRoot (webpack-internal:///(app-pages-browser)/./node_modules/next/dist/compiled/react-dom/cjs/react-dom.development.js:24542:26)
    at workLoop (webpack-internal:///(app-pages-browser)/./node_modules/next/dist/compiled/scheduler/cjs/scheduler.development.js:256:34)
    at flushWork (webpack-internal:///(app-pages-browser)/./node_modules/next/dist/compiled/scheduler/cjs/scheduler.development.js:225:14)
    at MessagePort.performWorkUntilDeadline (webpack-internal:///(app-pages-browser)/./node_modules/next/dist/compiled/scheduler/cjs/scheduler.development.js:534:21)
[ 2752556ms] ReferenceError: highlightText is not defined
    at TreeNodeItem (webpack-internal:///(app-pages-browser)/./src/app/(dashboard)/structure-bdd/page.tsx:191:35)
    at renderWithHooks (webpack-internal:///(app-pages-browser)/./node_modules/next/dist/compiled/react-dom/cjs/react-dom.development.js:11121:18)
    at updateFunctionComponent (webpack-internal:///(app-pages-browser)/./node_modules/next/dist/compiled/react-dom/cjs/react-dom.development.js:16290:20)
    at updateSimpleMemoComponent (webpack-internal:///(app-pages-browser)/./node_modules/next/dist/compiled/react-dom/cjs/react-dom.development.js:15999:10)
    at updateMemoComponent (webpack-internal:///(app-pages-browser)/./node_modules/next/dist/compiled/react-dom/cjs/react-dom.development.js:15900:14)
    at beginWork$1 (webpack-internal:///(app-pages-browser)/./node_modules/next/dist/compiled/react-dom/cjs/react-dom.development.js:18547:16)
    at beginWork (webpack-internal:///(app-pages-browser)/./node_modules/next/dist/compiled/react-dom/cjs/react-dom.development.js:26927:14)
    at performUnitOfWork (webpack-internal:///(app-pages-browser)/./node_modules/next/dist/compiled/react-dom/cjs/react-dom.development.js:25748:12)
    at workLoopSync (webpack-internal:///(app-pages-browser)/./node_modules/next/dist/compiled/react-dom/cjs/react-dom.development.js:25464:5)
    at renderRootSync (webpack-internal:///(app-pages-browser)/./node_modules/next/dist/compiled/react-dom/cjs/react-dom.development.js:25419:7)
    at recoverFromConcurrentError (webpack-internal:///(app-pages-browser)/./node_modules/next/dist/compiled/react-dom/cjs/react-dom.development.js:24597:20)
    at performConcurrentWorkOnRoot (webpack-internal:///(app-pages-browser)/./node_modules/next/dist/compiled/react-dom/cjs/react-dom.development.js:24542:26)
    at workLoop (webpack-internal:///(app-pages-browser)/./node_modules/next/dist/compiled/scheduler/cjs/scheduler.development.js:256:34)
    at flushWork (webpack-internal:///(app-pages-browser)/./node_modules/next/dist/compiled/scheduler/cjs/scheduler.development.js:225:14)
    at MessagePort.performWorkUntilDeadline (webpack-internal:///(app-pages-browser)/./node_modules/next/dist/compiled/scheduler/cjs/scheduler.development.js:534:21)
[ 2752557ms] ReferenceError: highlightText is not defined
    at TreeNodeItem (webpack-internal:///(app-pages-browser)/./src/app/(dashboard)/structure-bdd/page.tsx:191:35)
    at renderWithHooks (webpack-internal:///(app-pages-browser)/./node_modules/next/dist/compiled/react-dom/cjs/react-dom.development.js:11121:18)
    at updateFunctionComponent (webpack-internal:///(app-pages-browser)/./node_modules/next/dist/compiled/react-dom/cjs/react-dom.development.js:16290:20)
    at updateSimpleMemoComponent (webpack-internal:///(app-pages-browser)/./node_modules/next/dist/compiled/react-dom/cjs/react-dom.development.js:15999:10)
    at updateMemoComponent (webpack-internal:///(app-pages-browser)/./node_modules/next/dist/compiled/react-dom/cjs/react-dom.development.js:15900:14)
    at beginWork$1 (webpack-internal:///(app-pages-browser)/./node_modules/next/dist/compiled/react-dom/cjs/react-dom.development.js:18547:16)
    at beginWork (webpack-internal:///(app-pages-browser)/./node_modules/next/dist/compiled/react-dom/cjs/react-dom.development.js:26927:14)
    at performUnitOfWork (webpack-internal:///(app-pages-browser)/./node_modules/next/dist/compiled/react-dom/cjs/react-dom.development.js:25748:12)
    at workLoopSync (webpack-internal:///(app-pages-browser)/./node_modules/next/dist/compiled/react-dom/cjs/react-dom.development.js:25464:5)
    at renderRootSync (webpack-internal:///(app-pages-browser)/./node_modules/next/dist/compiled/react-dom/cjs/react-dom.development.js:25419:7)
    at recoverFromConcurrentError (webpack-internal:///(app-pages-browser)/./node_modules/next/dist/compiled/react-dom/cjs/react-dom.development.js:24597:20)
    at performConcurrentWorkOnRoot (webpack-internal:///(app-pages-browser)/./node_modules/next/dist/compiled/react-dom/cjs/react-dom.development.js:24542:26)
    at workLoop (webpack-internal:///(app-pages-browser)/./node_modules/next/dist/compiled/scheduler/cjs/scheduler.development.js:256:34)
    at flushWork (webpack-internal:///(app-pages-browser)/./node_modules/next/dist/compiled/scheduler/cjs/scheduler.development.js:225:14)
    at MessagePort.performWorkUntilDeadline (webpack-internal:///(app-pages-browser)/./node_modules/next/dist/compiled/scheduler/cjs/scheduler.development.js:534:21)
[ 2752558ms] ReferenceError: highlightText is not defined
    at TreeNodeItem (webpack-internal:///(app-pages-browser)/./src/app/(dashboard)/structure-bdd/page.tsx:191:35)
    at renderWithHooks (webpack-internal:///(app-pages-browser)/./node_modules/next/dist/compiled/react-dom/cjs/react-dom.development.js:11121:18)
    at updateFunctionComponent (webpack-internal:///(app-pages-browser)/./node_modules/next/dist/compiled/react-dom/cjs/react-dom.development.js:16290:20)
    at updateSimpleMemoComponent (webpack-internal:///(app-pages-browser)/./node_modules/next/dist/compiled/react-dom/cjs/react-dom.development.js:15999:10)
    at updateMemoComponent (webpack-internal:///(app-pages-browser)/./node_modules/next/dist/compiled/react-dom/cjs/react-dom.development.js:15900:14)
    at beginWork$1 (webpack-internal:///(app-pages-browser)/./node_modules/next/dist/compiled/react-dom/cjs/react-dom.development.js:18547:16)
    at beginWork (webpack-internal:///(app-pages-browser)/./node_modules/next/dist/compiled/react-dom/cjs/react-dom.development.js:26927:14)
    at performUnitOfWork (webpack-internal:///(app-pages-browser)/./node_modules/next/dist/compiled/react-dom/cjs/react-dom.development.js:25748:12)
    at workLoopSync (webpack-internal:///(app-pages-browser)/./node_modules/next/dist/compiled/react-dom/cjs/react-dom.development.js:25464:5)
    at renderRootSync (webpack-internal:///(app-pages-browser)/./node_modules/next/dist/compiled/react-dom/cjs/react-dom.development.js:25419:7)
    at recoverFromConcurrentError (webpack-internal:///(app-pages-browser)/./node_modules/next/dist/compiled/react-dom/cjs/react-dom.development.js:24597:20)
    at performConcurrentWorkOnRoot (webpack-internal:///(app-pages-browser)/./node_modules/next/dist/compiled/react-dom/cjs/react-dom.development.js:24542:26)
    at workLoop (webpack-internal:///(app-pages-browser)/./node_modules/next/dist/compiled/scheduler/cjs/scheduler.development.js:256:34)
    at flushWork (webpack-internal:///(app-pages-browser)/./node_modules/next/dist/compiled/scheduler/cjs/scheduler.development.js:225:14)
    at MessagePort.performWorkUntilDeadline (webpack-internal:///(app-pages-browser)/./node_modules/next/dist/compiled/scheduler/cjs/scheduler.development.js:534:21)
[ 2752559ms] ReferenceError: highlightText is not defined
    at TreeNodeItem (webpack-internal:///(app-pages-browser)/./src/app/(dashboard)/structure-bdd/page.tsx:191:35)
    at renderWithHooks (webpack-internal:///(app-pages-browser)/./node_modules/next/dist/compiled/react-dom/cjs/react-dom.development.js:11121:18)
    at updateFunctionComponent (webpack-internal:///(app-pages-browser)/./node_modules/next/dist/compiled/react-dom/cjs/react-dom.development.js:16290:20)
    at updateSimpleMemoComponent (webpack-internal:///(app-pages-browser)/./node_modules/next/dist/compiled/react-dom/cjs/react-dom.development.js:15999:10)
    at updateMemoComponent (webpack-internal:///(app-pages-browser)/./node_modules/next/dist/compiled/react-dom/cjs/react-dom.development.js:15900:14)
    at beginWork$1 (webpack-internal:///(app-pages-browser)/./node_modules/next/dist/compiled/react-dom/cjs/react-dom.development.js:18547:16)
    at beginWork (webpack-internal:///(app-pages-browser)/./node_modules/next/dist/compiled/react-dom/cjs/react-dom.development.js:26927:14)
    at performUnitOfWork (webpack-internal:///(app-pages-browser)/./node_modules/next/dist/compiled/react-dom/cjs/react-dom.development.js:25748:12)
    at workLoopSync (webpack-internal:///(app-pages-browser)/./node_modules/next/dist/compiled/react-dom/cjs/react-dom.development.js:25464:5)
    at renderRootSync (webpack-internal:///(app-pages-browser)/./node_modules/next/dist/compiled/react-dom/cjs/react-dom.development.js:25419:7)
    at recoverFromConcurrentError (webpack-internal:///(app-pages-browser)/./node_modules/next/dist/compiled/react-dom/cjs/react-dom.development.js:24597:20)
    at performConcurrentWorkOnRoot (webpack-internal:///(app-pages-browser)/./node_modules/next/dist/compiled/react-dom/cjs/react-dom.development.js:24542:26)
    at workLoop (webpack-internal:///(app-pages-browser)/./node_modules/next/dist/compiled/scheduler/cjs/scheduler.development.js:256:34)
    at flushWork (webpack-internal:///(app-pages-browser)/./node_modules/next/dist/compiled/scheduler/cjs/scheduler.development.js:225:14)
    at MessagePort.performWorkUntilDeadline (webpack-internal:///(app-pages-browser)/./node_modules/next/dist/compiled/scheduler/cjs/scheduler.development.js:534:21)
[ 2752560ms] ReferenceError: highlightText is not defined
    at TreeNodeItem (webpack-internal:///(app-pages-browser)/./src/app/(dashboard)/structure-bdd/page.tsx:191:35)
    at renderWithHooks (webpack-internal:///(app-pages-browser)/./node_modules/next/dist/compiled/react-dom/cjs/react-dom.development.js:11121:18)
    at updateFunctionComponent (webpack-internal:///(app-pages-browser)/./node_modules/next/dist/compiled/react-dom/cjs/react-dom.development.js:16290:20)
    at updateSimpleMemoComponent (webpack-internal:///(app-pages-browser)/./node_modules/next/dist/compiled/react-dom/cjs/react-dom.development.js:15999:10)
    at updateMemoComponent (webpack-internal:///(app-pages-browser)/./node_modules/next/dist/compiled/react-dom/cjs/react-dom.development.js:15900:14)
    at beginWork$1 (webpack-internal:///(app-pages-browser)/./node_modules/next/dist/compiled/react-dom/cjs/react-dom.development.js:18547:16)
    at beginWork (webpack-internal:///(app-pages-browser)/./node_modules/next/dist/compiled/react-dom/cjs/react-dom.development.js:26927:14)
    at performUnitOfWork (webpack-internal:///(app-pages-browser)/./node_modules/next/dist/compiled/react-dom/cjs/react-dom.development.js:25748:12)
    at workLoopSync (webpack-internal:///(app-pages-browser)/./node_modules/next/dist/compiled/react-dom/cjs/react-dom.development.js:25464:5)
    at renderRootSync (webpack-internal:///(app-pages-browser)/./node_modules/next/dist/compiled/react-dom/cjs/react-dom.development.js:25419:7)
    at recoverFromConcurrentError (webpack-internal:///(app-pages-browser)/./node_modules/next/dist/compiled/react-dom/cjs/react-dom.development.js:24597:20)
    at performConcurrentWorkOnRoot (webpack-internal:///(app-pages-browser)/./node_modules/next/dist/compiled/react-dom/cjs/react-dom.development.js:24542:26)
    at workLoop (webpack-internal:///(app-pages-browser)/./node_modules/next/dist/compiled/scheduler/cjs/scheduler.development.js:256:34)
    at flushWork (webpack-internal:///(app-pages-browser)/./node_modules/next/dist/compiled/scheduler/cjs/scheduler.development.js:225:14)
    at MessagePort.performWorkUntilDeadline (webpack-internal:///(app-pages-browser)/./node_modules/next/dist/compiled/scheduler/cjs/scheduler.development.js:534:21)
[ 2752562ms] ReferenceError: highlightText is not defined
    at TreeNodeItem (webpack-internal:///(app-pages-browser)/./src/app/(dashboard)/structure-bdd/page.tsx:191:35)
    at renderWithHooks (webpack-internal:///(app-pages-browser)/./node_modules/next/dist/compiled/react-dom/cjs/react-dom.development.js:11121:18)
    at updateFunctionComponent (webpack-internal:///(app-pages-browser)/./node_modules/next/dist/compiled/react-dom/cjs/react-dom.development.js:16290:20)
    at updateSimpleMemoComponent (webpack-internal:///(app-pages-browser)/./node_modules/next/dist/compiled/react-dom/cjs/react-dom.development.js:15999:10)
    at updateMemoComponent (webpack-internal:///(app-pages-browser)/./node_modules/next/dist/compiled/react-dom/cjs/react-dom.development.js:15900:14)
    at beginWork$1 (webpack-internal:///(app-pages-browser)/./node_modules/next/dist/compiled/react-dom/cjs/react-dom.development.js:18547:16)
    at beginWork (webpack-internal:///(app-pages-browser)/./node_modules/next/dist/compiled/react-dom/cjs/react-dom.development.js:26927:14)
    at performUnitOfWork (webpack-internal:///(app-pages-browser)/./node_modules/next/dist/compiled/react-dom/cjs/react-dom.development.js:25748:12)
    at workLoopSync (webpack-internal:///(app-pages-browser)/./node_modules/next/dist/compiled/react-dom/cjs/react-dom.development.js:25464:5)
    at renderRootSync (webpack-internal:///(app-pages-browser)/./node_modules/next/dist/compiled/react-dom/cjs/react-dom.development.js:25419:7)
    at recoverFromConcurrentError (webpack-internal:///(app-pages-browser)/./node_modules/next/dist/compiled/react-dom/cjs/react-dom.development.js:24597:20)
    at performConcurrentWorkOnRoot (webpack-internal:///(app-pages-browser)/./node_modules/next/dist/compiled/react-dom/cjs/react-dom.development.js:24542:26)
    at workLoop (webpack-internal:///(app-pages-browser)/./node_modules/next/dist/compiled/scheduler/cjs/scheduler.development.js:256:34)
    at flushWork (webpack-internal:///(app-pages-browser)/./node_modules/next/dist/compiled/scheduler/cjs/scheduler.development.js:225:14)
    at MessagePort.performWorkUntilDeadline (webpack-internal:///(app-pages-browser)/./node_modules/next/dist/compiled/scheduler/cjs/scheduler.development.js:534:21)
[ 2752568ms] [ERROR] The above error occurred in the <NotFoundErrorBoundary> component:

    at TreeNodeItem (webpack-internal:///(app-pages-browser)/./src/app/(dashboard)/structure-bdd/page.tsx:105:11)
    at div
    at div
    at _c (webpack-internal:///(app-pages-browser)/./src/components/ui/card.tsx:19:11)
    at div
    at section
    at StructureBDDPage (webpack-internal:///(app-pages-browser)/./src/app/(dashboard)/structure-bdd/page.tsx:432:82)
    at ClientPageRoot (webpack-internal:///(app-pages-browser)/./node_modules/next/dist/client/components/client-page.js:14:11)
    at InnerLayoutRouter (webpack-internal:///(app-pages-browser)/./node_modules/next/dist/client/components/layout-router.js:243:11)
    at RedirectErrorBoundary (webpack-internal:///(app-pages-browser)/./node_modules/next/dist/client/components/redirect-boundary.js:74:9)
    at RedirectBoundary (webpack-internal:///(app-pages-browser)/./node_modules/next/dist/client/components/redirect-boundary.js:82:11)
    at NotFoundBoundary (webpack-internal:///(app-pages-browser)/./node_modules/next/dist/client/components/not-found-boundary.js:84:11)
    at LoadingBoundary (webpack-internal:///(app-pages-browser)/./node_modules/next/dist/client/components/layout-router.js:349:11)
    at ErrorBoundary (webpack-internal:///(app-pages-browser)/./node_modules/next/dist/client/components/error-boundary.js:160:11)
    at InnerScrollAndFocusHandler (webpack-internal:///(app-pages-browser)/./node_modules/next/dist/client/components/layout-router.js:153:9)
    at ScrollAndFocusHandler (webpack-internal:///(app-pages-browser)/./node_modules/next/dist/client/components/layout-router.js:228:11)
    at RenderFromTemplateContext (webpack-internal:///(app-pages-browser)/./node_modules/next/dist/client/components/render-from-template-context.js:16:44)
    at OuterLayoutRouter (webpack-internal:///(app-pages-browser)/./node_modules/next/dist/client/components/layout-router.js:370:11)
    at InnerLayoutRouter (webpack-internal:///(app-pages-browser)/./node_modules/next/dist/client/components/layout-router.js:243:11)
    at RedirectErrorBoundary (webpack-internal:///(app-pages-browser)/./node_modules/next/dist/client/components/redirect-boundary.js:74:9)
    at RedirectBoundary (webpack-internal:///(app-pages-browser)/./node_modules/next/dist/client/components/redirect-boundary.js:82:11)
    at NotFoundErrorBoundary (webpack-internal:///(app-pages-browser)/./node_modules/next/dist/client/components/not-found-boundary.js:76:9)
    at NotFoundBoundary (webpack-internal:///(app-pages-browser)/./node_modules/next/dist/client/components/not-found-boundary.js:84:11)
    at LoadingBoundary (webpack-internal:///(app-pages-browser)/./node_modules/next/dist/client/components/layout-router.js:349:11)
    at ErrorBoundary (webpack-internal:///(app-pages-browser)/./node_modules/next/dist/client/components/error-boundary.js:160:11)
    at InnerScrollAndFocusHandler (webpack-internal:///(app-pages-browser)/./node_modules/next/dist/client/components/layout-router.js:153:9)
    at ScrollAndFocusHandler (webpack-internal:///(app-pages-browser)/./node_modules/next/dist/client/components/layout-router.js:228:11)
    at RenderFromTemplateContext (webpack-internal:///(app-pages-browser)/./node_modules/next/dist/client/components/render-from-template-context.js:16:44)
    at OuterLayoutRouter (webpack-internal:///(app-pages-browser)/./node_modules/next/dist/client/components/layout-router.js:370:11)
    at div
    at main
    at div
    at SidebarProvider (webpack-internal:///(app-pages-browser)/./src/context/SidebarProvider.tsx:16:11)
    at ThemeProvider (webpack-internal:///(app-pages-browser)/./src/components/theme-provider.tsx:17:11)
    at DashboardLayout (webpack-internal:///(app-pages-browser)/./src/app/(dashboard)/layout.tsx:40:11)
    at InnerLayoutRouter (webpack-internal:///(app-pages-browser)/./node_modules/next/dist/client/components/layout-router.js:243:11)
    at RedirectErrorBoundary (webpack-internal:///(app-pages-browser)/./node_modules/next/dist/client/components/redirect-boundary.js:74:9)
    at RedirectBoundary (webpack-internal:///(app-pages-browser)/./node_modules/next/dist/client/components/redirect-boundary.js:82:11)
    at NotFoundErrorBoundary (webpack-internal:///(app-pages-browser)/./node_modules/next/dist/client/components/not-found-boundary.js:76:9)
    at NotFoundBoundary (webpack-internal:///(app-pages-browser)/./node_modules/next/dist/client/components/not-found-boundary.js:84:11)
    at LoadingBoundary (webpack-internal:///(app-pages-browser)/./node_modules/next/dist/client/components/layout-router.js:349:11)
    at ErrorBoundary (webpack-internal:///(app-pages-browser)/./node_modules/next/dist/client/components/error-boundary.js:160:11)
    at InnerScrollAndFocusHandler (webpack-internal:///(app-pages-browser)/./node_modules/next/dist/client/components/layout-router.js:153:9)
    at ScrollAndFocusHandler (webpack-internal:///(app-pages-browser)/./node_modules/next/dist/client/components/layout-router.js:228:11)
    at RenderFromTemplateContext (webpack-internal:///(app-pages-browser)/./node_modules/next/dist/client/components/render-from-template-context.js:16:44)
    at OuterLayoutRouter (webpack-internal:///(app-pages-browser)/./node_modules/next/dist/client/components/layout-router.js:370:11)
    at QueryClientProvider (webpack-internal:///(app-pages-browser)/./node_modules/@tanstack/react-query/build/modern/QueryClientProvider.js:27:11)
    at Providers (webpack-internal:///(app-pages-browser)/./src/components/providers/query-provider.tsx:16:11)
    at SessionProvider (webpack-internal:///(app-pages-browser)/./node_modules/next-auth/react/index.js:365:24)
    at SessionProvider (webpack-internal:///(app-pages-browser)/./src/components/auth/SessionProvider.tsx:12:11)
    at body
    at html
    at RootLayout (Server)
    at RedirectErrorBoundary (webpack-internal:///(app-pages-browser)/./node_modules/next/dist/client/components/redirect-boundary.js:74:9)
    at RedirectBoundary (webpack-internal:///(app-pages-browser)/./node_modules/next/dist/client/components/redirect-boundary.js:82:11)
    at NotFoundErrorBoundary (webpack-internal:///(app-pages-browser)/./node_modules/next/dist/client/components/not-found-boundary.js:76:9)
    at NotFoundBoundary (webpack-internal:///(app-pages-browser)/./node_modules/next/dist/client/components/not-found-boundary.js:84:11)
    at DevRootNotFoundBoundary (webpack-internal:///(app-pages-browser)/./node_modules/next/dist/client/components/dev-root-not-found-boundary.js:33:11)
    at ReactDevOverlay (webpack-internal:///(app-pages-browser)/./node_modules/next/dist/client/components/react-dev-overlay/app/ReactDevOverlay.js:87:9)
    at HotReload (webpack-internal:///(app-pages-browser)/./node_modules/next/dist/client/components/react-dev-overlay/app/hot-reloader-client.js:321:11)
    at Router (webpack-internal:///(app-pages-browser)/./node_modules/next/dist/client/components/app-router.js:207:11)
    at ErrorBoundaryHandler (webpack-internal:///(app-pages-browser)/./node_modules/next/dist/client/components/error-boundary.js:113:9)
    at ErrorBoundary (webpack-internal:///(app-pages-browser)/./node_modules/next/dist/client/components/error-boundary.js:160:11)
    at AppRouter (webpack-internal:///(app-pages-browser)/./node_modules/next/dist/client/components/app-router.js:585:13)
    at ServerRoot (webpack-internal:///(app-pages-browser)/./node_modules/next/dist/client/app-index.js:112:27)
    at Root (webpack-internal:///(app-pages-browser)/./node_modules/next/dist/client/app-index.js:117:11)

React will try to recreate this component tree from scratch using the error boundary you provided, ReactDevOverlay. @ webpack-internal:///(app-pages-browser)/./node_modules/next/dist/client/app-index.js:32
[ 2755963ms] [LOG] [Fast Refresh] rebuilding @ webpack-internal:///(app-pages-browser)/./node_modules/next/dist/client/components/react-dev-overlay/app/hot-reloader-client.js:186
[ 2757394ms] [WARNING] [Fast Refresh] performing full reload because your application had an unrecoverable error @ webpack-internal:///(app-pages-browser)/./node_modules/next/dist/client/components/react-dev-overlay/app/hot-reloader-client.js:114
[ 2761820ms] [INFO] %cDownload the React DevTools for a better development experience: https://reactjs.org/link/react-devtools font-weight:bold @ webpack-internal:///(app-pages-browser)/./node_modules/next/dist/compiled/react-dom/cjs/react-dom.development.js:38559
[ 2762065ms] [LOG] [Auth] Utilisateur connecté détecté {userId: cmt3i6d290000qn8stnmxf460, role: admin, email: admin@nexaflow.com} @ webpack-internal:///(app-pages-browser)/./src/lib/procedures/client-auth.ts:15
[ 2762066ms] [LOG] [Auth] Utilisateur connecté détecté {userId: cmt3i6d290000qn8stnmxf460, role: admin, email: admin@nexaflow.com} @ webpack-internal:///(app-pages-browser)/./src/lib/procedures/client-auth.ts:15
[ 2762091ms] [LOG] [StructureBDD] render loading @ webpack-internal:///(app-pages-browser)/./src/app/(dashboard)/structure-bdd/page.tsx:1746
[ 2762091ms] [LOG] [StructureBDD] render loading @ webpack-internal:///(app-pages-browser)/./src/app/(dashboard)/structure-bdd/page.tsx:1746
[ 2762108ms] [LOG] [StructureBDD] mount @ webpack-internal:///(app-pages-browser)/./src/app/(dashboard)/structure-bdd/page.tsx:664
[ 2762109ms] [LOG] [StructureBDD] loadTrees start @ webpack-internal:///(app-pages-browser)/./src/app/(dashboard)/structure-bdd/page.tsx:533
[ 2762126ms] [LOG] [StructureBDD] mount @ webpack-internal:///(app-pages-browser)/./src/app/(dashboard)/structure-bdd/page.tsx:664
[ 2762128ms] [LOG] [StructureBDD] loadTrees start @ webpack-internal:///(app-pages-browser)/./src/app/(dashboard)/structure-bdd/page.tsx:533
[ 2762153ms] [LOG] [Auth] Utilisateur connecté détecté {userId: cmt3i6d290000qn8stnmxf460, role: admin, email: admin@nexaflow.com} @ webpack-internal:///(app-pages-browser)/./src/lib/procedures/client-auth.ts:15
[ 2762154ms] [LOG] [Auth] Utilisateur connecté détecté {userId: cmt3i6d290000qn8stnmxf460, role: admin, email: admin@nexaflow.com} @ webpack-internal:///(app-pages-browser)/./src/lib/procedures/client-auth.ts:15
[ 2762162ms] [LOG] [StructureBDD] render loading @ webpack-internal:///(app-pages-browser)/./src/app/(dashboard)/structure-bdd/page.tsx:1746
[ 2762163ms] [LOG] [StructureBDD] render loading @ webpack-internal:///(app-pages-browser)/./src/app/(dashboard)/structure-bdd/page.tsx:1746
[ 2762172ms] [LOG] [StructureBDD] mount @ webpack-internal:///(app-pages-browser)/./src/app/(dashboard)/structure-bdd/page.tsx:664
[ 2762173ms] [LOG] [StructureBDD] loadTrees start @ webpack-internal:///(app-pages-browser)/./src/app/(dashboard)/structure-bdd/page.tsx:533
[ 2762179ms] [LOG] [StructureBDD] mount @ webpack-internal:///(app-pages-browser)/./src/app/(dashboard)/structure-bdd/page.tsx:664
[ 2762180ms] [LOG] [StructureBDD] loadTrees start @ webpack-internal:///(app-pages-browser)/./src/app/(dashboard)/structure-bdd/page.tsx:533
[ 2762716ms] [LOG] [StructureBDD] /api/images/tree status 200 @ webpack-internal:///(app-pages-browser)/./src/app/(dashboard)/structure-bdd/page.tsx:627
[ 2762718ms] [LOG] [StructureBDD] image tree loaded {count: 0} @ webpack-internal:///(app-pages-browser)/./src/app/(dashboard)/structure-bdd/page.tsx:632
[ 2762787ms] [LOG] [StructureBDD] /api/tree status 200 @ webpack-internal:///(app-pages-browser)/./src/app/(dashboard)/structure-bdd/page.tsx:541
[ 2762789ms] [LOG] [StructureBDD] web tree loaded {count: 6} @ webpack-internal:///(app-pages-browser)/./src/app/(dashboard)/structure-bdd/page.tsx:549
[ 2763330ms] [LOG] [StructureBDD] /api/images/tree status 200 @ webpack-internal:///(app-pages-browser)/./src/app/(dashboard)/structure-bdd/page.tsx:627
[ 2763334ms] [LOG] [StructureBDD] image tree loaded {count: 0} @ webpack-internal:///(app-pages-browser)/./src/app/(dashboard)/structure-bdd/page.tsx:632
[ 2763401ms] [LOG] [StructureBDD] /api/tree status 200 @ webpack-internal:///(app-pages-browser)/./src/app/(dashboard)/structure-bdd/page.tsx:541
[ 2763405ms] [LOG] [StructureBDD] web tree loaded {count: 6} @ webpack-internal:///(app-pages-browser)/./src/app/(dashboard)/structure-bdd/page.tsx:549
[ 2763598ms] [WARNING] [SQLite] OPFS SAH Pool indisponible, repli sur IndexedDB (SqlJsDb). Error: Missing required OPFS APIs.
    at sqlite3.installOpfsSAHPoolVfs (webpack-internal:///(app-pages-browser)/./node_modules/@sqlite.org/sqlite-wasm/dist/index.mjs:15637:284)
    at openPersistentDatabase (webpack-internal:///(app-pages-browser)/./src/lib/client-engine/sqlite.ts:24:44)
    at eval (webpack-internal:///(app-pages-browser)/./src/lib/client-engine/sqlite.ts:51:20) @ webpack-internal:///(app-pages-browser)/./src/lib/client-engine/sqlite.ts:30
[ 2763599ms] [WARNING] [SQLite] Aucun stockage OPFS persistant disponible : repli sur localStorage (les données survivront au rechargement dans la limite de stockage du navigateur). @ webpack-internal:///(app-pages-browser)/./src/lib/client-engine/sqlite.ts:34
[ 2763690ms] [LOG] [SQLite] Base de données locale initialisée @ webpack-internal:///(app-pages-browser)/./src/lib/client-engine/sqlite.ts:52
[ 2763718ms] [LOG] [VectorStore] Base de données vectorielle IndexedDB initialisée @ webpack-internal:///(app-pages-browser)/./src/lib/client-engine/vector-store.ts:92
[ 2763718ms] [LOG] [VectorStore] Base de données vectorielle IndexedDB initialisée @ webpack-internal:///(app-pages-browser)/./src/lib/client-engine/vector-store.ts:92
[ 2763718ms] [LOG] [VectorStore] Base de données vectorielle IndexedDB initialisée @ webpack-internal:///(app-pages-browser)/./src/lib/client-engine/vector-store.ts:92
[ 2763718ms] [LOG] [VectorStore] Base de données vectorielle IndexedDB initialisée @ webpack-internal:///(app-pages-browser)/./src/lib/client-engine/vector-store.ts:92
[ 2763719ms] [LOG] [JsonStore] Base de données JSON IndexedDB initialisée @ webpack-internal:///(app-pages-browser)/./src/lib/client-engine/json-store.ts:50
[ 2763719ms] [LOG] [JsonStore] Base de données JSON IndexedDB initialisée @ webpack-internal:///(app-pages-browser)/./src/lib/client-engine/json-store.ts:50
[ 2763719ms] [LOG] [JsonStore] Base de données JSON IndexedDB initialisée @ webpack-internal:///(app-pages-browser)/./src/lib/client-engine/json-store.ts:50
[ 2763719ms] [LOG] [JsonStore] Base de données JSON IndexedDB initialisée @ webpack-internal:///(app-pages-browser)/./src/lib/client-engine/json-store.ts:50
[ 2763719ms] [LOG] [ClientEngine] Initialisation terminée: {sqlite: true, vectorStore: true, jsonStore: true} @ webpack-internal:///(app-pages-browser)/./src/lib/client-engine/index.ts:77
[ 2763720ms] [LOG] [ClientEngine] Initialisation terminée: {sqlite: true, vectorStore: true, jsonStore: true} @ webpack-internal:///(app-pages-browser)/./src/lib/client-engine/index.ts:77
[ 2763720ms] [LOG] [ClientEngine] Initialisation terminée: {sqlite: true, vectorStore: true, jsonStore: true} @ webpack-internal:///(app-pages-browser)/./src/lib/client-engine/index.ts:77
[ 2763720ms] [LOG] [ClientEngine] Initialisation terminée: {sqlite: true, vectorStore: true, jsonStore: true} @ webpack-internal:///(app-pages-browser)/./src/lib/client-engine/index.ts:77
[ 2763739ms] [LOG] [StructureBDD] local tree loaded {count: 0} @ webpack-internal:///(app-pages-browser)/./src/app/(dashboard)/structure-bdd/page.tsx:562
[ 2763740ms] [LOG] [StructureBDD] local tree loaded {count: 0} @ webpack-internal:///(app-pages-browser)/./src/app/(dashboard)/structure-bdd/page.tsx:562
[ 2763740ms] [LOG] [StructureBDD] local tree loaded {count: 0} @ webpack-internal:///(app-pages-browser)/./src/app/(dashboard)/structure-bdd/page.tsx:562
[ 2763740ms] [LOG] [StructureBDD] local tree loaded {count: 0} @ webpack-internal:///(app-pages-browser)/./src/app/(dashboard)/structure-bdd/page.tsx:562
[ 2763741ms] [LOG] [StructureBDD] vector docs loaded {count: 0} @ webpack-internal:///(app-pages-browser)/./src/app/(dashboard)/structure-bdd/page.tsx:586
[ 2763742ms] [LOG] [StructureBDD] vector docs loaded {count: 0} @ webpack-internal:///(app-pages-browser)/./src/app/(dashboard)/structure-bdd/page.tsx:586
[ 2763742ms] [LOG] [StructureBDD] vector docs loaded {count: 0} @ webpack-internal:///(app-pages-browser)/./src/app/(dashboard)/structure-bdd/page.tsx:586
[ 2763742ms] [LOG] [StructureBDD] vector docs loaded {count: 0} @ webpack-internal:///(app-pages-browser)/./src/app/(dashboard)/structure-bdd/page.tsx:586
[ 2763744ms] [LOG] [StructureBDD] render loading @ webpack-internal:///(app-pages-browser)/./src/app/(dashboard)/structure-bdd/page.tsx:1746
[ 2763745ms] [LOG] [StructureBDD] render loading @ webpack-internal:///(app-pages-browser)/./src/app/(dashboard)/structure-bdd/page.tsx:1746
[ 2763746ms] [LOG] [StructureBDD] vector tree loaded {count: 0} @ webpack-internal:///(app-pages-browser)/./src/app/(dashboard)/structure-bdd/page.tsx:600
[ 2763749ms] [LOG] [StructureBDD] vector tree loaded {count: 0} @ webpack-internal:///(app-pages-browser)/./src/app/(dashboard)/structure-bdd/page.tsx:600
[ 2763751ms] [LOG] [StructureBDD] vector tree loaded {count: 0} @ webpack-internal:///(app-pages-browser)/./src/app/(dashboard)/structure-bdd/page.tsx:600
[ 2763751ms] [LOG] [StructureBDD] vector tree loaded {count: 0} @ webpack-internal:///(app-pages-browser)/./src/app/(dashboard)/structure-bdd/page.tsx:600
[ 2763753ms] [LOG] [StructureBDD] render loading @ webpack-internal:///(app-pages-browser)/./src/app/(dashboard)/structure-bdd/page.tsx:1746
[ 2763754ms] [LOG] [StructureBDD] render loading @ webpack-internal:///(app-pages-browser)/./src/app/(dashboard)/structure-bdd/page.tsx:1746
[ 2763866ms] [LOG] [StructureBDD] /api/images/tree status 200 @ webpack-internal:///(app-pages-browser)/./src/app/(dashboard)/structure-bdd/page.tsx:627
[ 2763868ms] [LOG] [StructureBDD] image tree loaded {count: 0} @ webpack-internal:///(app-pages-browser)/./src/app/(dashboard)/structure-bdd/page.tsx:632
[ 2763869ms] [LOG] [StructureBDD] render loading @ webpack-internal:///(app-pages-browser)/./src/app/(dashboard)/structure-bdd/page.tsx:1746
[ 2763870ms] [LOG] [StructureBDD] render loading @ webpack-internal:///(app-pages-browser)/./src/app/(dashboard)/structure-bdd/page.tsx:1746
[ 2763902ms] [LOG] [StructureBDD] /api/tree status 200 @ webpack-internal:///(app-pages-browser)/./src/app/(dashboard)/structure-bdd/page.tsx:541
[ 2763905ms] [LOG] [StructureBDD] web tree loaded {count: 6} @ webpack-internal:///(app-pages-browser)/./src/app/(dashboard)/structure-bdd/page.tsx:549
[ 2763910ms] [LOG] [StructureBDD] render loading @ webpack-internal:///(app-pages-browser)/./src/app/(dashboard)/structure-bdd/page.tsx:1746
[ 2763911ms] [LOG] [StructureBDD] render loading @ webpack-internal:///(app-pages-browser)/./src/app/(dashboard)/structure-bdd/page.tsx:1746
[ 2764455ms] [LOG] [StructureBDD] /api/tree status 200 @ webpack-internal:///(app-pages-browser)/./src/app/(dashboard)/structure-bdd/page.tsx:541
[ 2764457ms] [LOG] [StructureBDD] web tree loaded {count: 6} @ webpack-internal:///(app-pages-browser)/./src/app/(dashboard)/structure-bdd/page.tsx:549
[ 2764459ms] [LOG] [StructureBDD] render loading @ webpack-internal:///(app-pages-browser)/./src/app/(dashboard)/structure-bdd/page.tsx:1746
[ 2764459ms] [LOG] [StructureBDD] render loading @ webpack-internal:///(app-pages-browser)/./src/app/(dashboard)/structure-bdd/page.tsx:1746
[ 2764491ms] [LOG] [StructureBDD] /api/images/tree status 200 @ webpack-internal:///(app-pages-browser)/./src/app/(dashboard)/structure-bdd/page.tsx:627
[ 2764492ms] [LOG] [StructureBDD] image tree loaded {count: 0} @ webpack-internal:///(app-pages-browser)/./src/app/(dashboard)/structure-bdd/page.tsx:632
[ 2764495ms] [LOG] [StructureBDD] render loading @ webpack-internal:///(app-pages-browser)/./src/app/(dashboard)/structure-bdd/page.tsx:1746
[ 2764496ms] [LOG] [StructureBDD] render loading @ webpack-internal:///(app-pages-browser)/./src/app/(dashboard)/structure-bdd/page.tsx:1746
[ 2764696ms] [LOG] [StructureBDD] render result {web: 6, local: 0, vector: 0, images: 0, webError: false} @ webpack-internal:///(app-pages-browser)/./src/app/(dashboard)/structure-bdd/page.tsx:1763
[ 2764697ms] [LOG] [StructureBDD] render result {web: 6, local: 0, vector: 0, images: 0, webError: false} @ webpack-internal:///(app-pages-browser)/./src/app/(dashboard)/structure-bdd/page.tsx:1763
[ 2764734ms] [ERROR] Warning: Cannot update a component (`%s`) while rendering a different component (`%s`). To locate the bad setState() call inside `%s`, follow the stack trace as described in https://reactjs.org/link/setstate-in-render%s HotReload TreeNodeItem TreeNodeItem 
    at TreeNodeItem (webpack-internal:///(app-pages-browser)/./src/app/(dashboard)/structure-bdd/page.tsx:107:11)
    at div
    at div
    at _c (webpack-internal:///(app-pages-browser)/./src/components/ui/card.tsx:19:11)
    at div
    at section
    at StructureBDDPage (webpack-internal:///(app-pages-browser)/./src/app/(dashboard)/structure-bdd/page.tsx:441:82)
    at ClientPageRoot (webpack-internal:///(app-pages-browser)/./node_modules/next/dist/client/components/client-page.js:14:11)
    at InnerLayoutRouter (webpack-internal:///(app-pages-browser)/./node_modules/next/dist/client/components/layout-router.js:243:11)
    at RedirectErrorBoundary (webpack-internal:///(app-pages-browser)/./node_modules/next/dist/client/components/redirect-boundary.js:74:9)
    at RedirectBoundary (webpack-internal:///(app-pages-browser)/./node_modules/next/dist/client/components/redirect-boundary.js:82:11)
    at NotFoundBoundary (webpack-internal:///(app-pages-browser)/./node_modules/next/dist/client/components/not-found-boundary.js:84:11)
    at LoadingBoundary (webpack-internal:///(app-pages-browser)/./node_modules/next/dist/client/components/layout-router.js:349:11)
    at ErrorBoundary (webpack-internal:///(app-pages-browser)/./node_modules/next/dist/client/components/error-boundary.js:160:11)
    at InnerScrollAndFocusHandler (webpack-internal:///(app-pages-browser)/./node_modules/next/dist/client/components/layout-router.js:153:9)
    at ScrollAndFocusHandler (webpack-internal:///(app-pages-browser)/./node_modules/next/dist/client/components/layout-router.js:228:11)
    at RenderFromTemplateContext (webpack-internal:///(app-pages-browser)/./node_modules/next/dist/client/components/render-from-template-context.js:16:44)
    at OuterLayoutRouter (webpack-internal:///(app-pages-browser)/./node_modules/next/dist/client/components/layout-router.js:370:11)
    at InnerLayoutRouter (webpack-internal:///(app-pages-browser)/./node_modules/next/dist/client/components/layout-router.js:243:11)
    at RedirectErrorBoundary (webpack-internal:///(app-pages-browser)/./node_modules/next/dist/client/components/redirect-boundary.js:74:9)
    at RedirectBoundary (webpack-internal:///(app-pages-browser)/./node_modules/next/dist/client/components/redirect-boundary.js:82:11)
    at NotFoundErrorBoundary (webpack-internal:///(app-pages-browser)/./node_modules/next/dist/client/components/not-found-boundary.js:76:9)
    at NotFoundBoundary (webpack-internal:///(app-pages-browser)/./node_modules/next/dist/client/components/not-found-boundary.js:84:11)
    at LoadingBoundary (webpack-internal:///(app-pages-browser)/./node_modules/next/dist/client/components/layout-router.js:349:11)
    at ErrorBoundary (webpack-internal:///(app-pages-browser)/./node_modules/next/dist/client/components/error-boundary.js:160:11)
    at InnerScrollAndFocusHandler (webpack-internal:///(app-pages-browser)/./node_modules/next/dist/client/components/layout-router.js:153:9)
    at ScrollAndFocusHandler (webpack-internal:///(app-pages-browser)/./node_modules/next/dist/client/components/layout-router.js:228:11)
    at RenderFromTemplateContext (webpack-internal:///(app-pages-browser)/./node_modules/next/dist/client/components/render-from-template-context.js:16:44)
    at OuterLayoutRouter (webpack-internal:///(app-pages-browser)/./node_modules/next/dist/client/components/layout-router.js:370:11)
    at div
    at main
    at div
    at SidebarProvider (webpack-internal:///(app-pages-browser)/./src/context/SidebarProvider.tsx:16:11)
    at ThemeProvider (webpack-internal:///(app-pages-browser)/./src/components/theme-provider.tsx:17:11)
    at DashboardLayout (webpack-internal:///(app-pages-browser)/./src/app/(dashboard)/layout.tsx:40:11)
    at InnerLayoutRouter (webpack-internal:///(app-pages-browser)/./node_modules/next/dist/client/components/layout-router.js:243:11)
    at RedirectErrorBoundary (webpack-internal:///(app-pages-browser)/./node_modules/next/dist/client/components/redirect-boundary.js:74:9)
    at RedirectBoundary (webpack-internal:///(app-pages-browser)/./node_modules/next/dist/client/components/redirect-boundary.js:82:11)
    at NotFoundErrorBoundary (webpack-internal:///(app-pages-browser)/./node_modules/next/dist/client/components/not-found-boundary.js:76:9)
    at NotFoundBoundary (webpack-internal:///(app-pages-browser)/./node_modules/next/dist/client/components/not-found-boundary.js:84:11)
    at LoadingBoundary (webpack-internal:///(app-pages-browser)/./node_modules/next/dist/client/components/layout-router.js:349:11)
    at ErrorBoundary (webpack-internal:///(app-pages-browser)/./node_modules/next/dist/client/components/error-boundary.js:160:11)
    at InnerScrollAndFocusHandler (webpack-internal:///(app-pages-browser)/./node_modules/next/dist/client/components/layout-router.js:153:9)
    at ScrollAndFocusHandler (webpack-internal:///(app-pages-browser)/./node_modules/next/dist/client/components/layout-router.js:228:11)
    at RenderFromTemplateContext (webpack-internal:///(app-pages-browser)/./node_modules/next/dist/client/components/render-from-template-context.js:16:44)
    at OuterLayoutRouter (webpack-internal:///(app-pages-browser)/./node_modules/next/dist/client/components/layout-router.js:370:11)
    at QueryClientProvider (webpack-internal:///(app-pages-browser)/./node_modules/@tanstack/react-query/build/modern/QueryClientProvider.js:27:11)
    at Providers (webpack-internal:///(app-pages-browser)/./src/components/providers/query-provider.tsx:16:11)
    at SessionProvider (webpack-internal:///(app-pages-browser)/./node_modules/next-auth/react/index.js:365:24)
    at SessionProvider (webpack-internal:///(app-pages-browser)/./src/components/auth/SessionProvider.tsx:12:11)
    at body
    at html
    at RootLayout (Server)
    at RedirectErrorBoundary (webpack-internal:///(app-pages-browser)/./node_modules/next/dist/client/components/redirect-boundary.js:74:9)
    at RedirectBoundary (webpack-internal:///(app-pages-browser)/./node_modules/next/dist/client/components/redirect-boundary.js:82:11)
    at NotFoundErrorBoundary (webpack-internal:///(app-pages-browser)/./node_modules/next/dist/client/components/not-found-boundary.js:76:9)
    at NotFoundBoundary (webpack-internal:///(app-pages-browser)/./node_modules/next/dist/client/components/not-found-boundary.js:84:11)
    at DevRootNotFoundBoundary (webpack-internal:///(app-pages-browser)/./node_modules/next/dist/client/components/dev-root-not-found-boundary.js:33:11)
    at ReactDevOverlay (webpack-internal:///(app-pages-browser)/./node_modules/next/dist/client/components/react-dev-overlay/app/ReactDevOverlay.js:87:9)
    at HotReload (webpack-internal:///(app-pages-browser)/./node_modules/next/dist/client/components/react-dev-overlay/app/hot-reloader-client.js:321:11)
    at Router (webpack-internal:///(app-pages-browser)/./node_modules/next/dist/client/components/app-router.js:207:11)
    at ErrorBoundaryHandler (webpack-internal:///(app-pages-browser)/./node_modules/next/dist/client/components/error-boundary.js:113:9)
    at ErrorBoundary (webpack-internal:///(app-pages-browser)/./node_modules/next/dist/client/components/error-boundary.js:160:11)
    at AppRouter (webpack-internal:///(app-pages-browser)/./node_modules/next/dist/client/components/app-router.js:585:13)
    at ServerRoot (webpack-internal:///(app-pages-browser)/./node_modules/next/dist/client/app-index.js:112:27)
    at Root (webpack-internal:///(app-pages-browser)/./node_modules/next/dist/client/app-index.js:117:11) @ webpack-internal:///(app-pages-browser)/./node_modules/next/dist/client/app-index.js:32
[ 2764737ms] ReferenceError: searchQuery is not defined
    at TreeNodeItem (webpack-internal:///(app-pages-browser)/./src/app/(dashboard)/structure-bdd/page.tsx:196:40)
    at renderWithHooks (webpack-internal:///(app-pages-browser)/./node_modules/next/dist/compiled/react-dom/cjs/react-dom.development.js:11121:18)
    at updateFunctionComponent (webpack-internal:///(app-pages-browser)/./node_modules/next/dist/compiled/react-dom/cjs/react-dom.development.js:16290:20)
    at updateSimpleMemoComponent (webpack-internal:///(app-pages-browser)/./node_modules/next/dist/compiled/react-dom/cjs/react-dom.development.js:15999:10)
    at updateMemoComponent (webpack-internal:///(app-pages-browser)/./node_modules/next/dist/compiled/react-dom/cjs/react-dom.development.js:15900:14)
    at beginWork$1 (webpack-internal:///(app-pages-browser)/./node_modules/next/dist/compiled/react-dom/cjs/react-dom.development.js:18547:16)
    at HTMLUnknownElement.callCallback (webpack-internal:///(app-pages-browser)/./node_modules/next/dist/compiled/react-dom/cjs/react-dom.development.js:20565:14)
    at Object.invokeGuardedCallbackImpl (webpack-internal:///(app-pages-browser)/./node_modules/next/dist/compiled/react-dom/cjs/react-dom.development.js:20614:16)
    at invokeGuardedCallback (webpack-internal:///(app-pages-browser)/./node_modules/next/dist/compiled/react-dom/cjs/react-dom.development.js:20689:29)
    at beginWork (webpack-internal:///(app-pages-browser)/./node_modules/next/dist/compiled/react-dom/cjs/react-dom.development.js:26949:7)
    at performUnitOfWork (webpack-internal:///(app-pages-browser)/./node_modules/next/dist/compiled/react-dom/cjs/react-dom.development.js:25748:12)
    at workLoopSync (webpack-internal:///(app-pages-browser)/./node_modules/next/dist/compiled/react-dom/cjs/react-dom.development.js:25464:5)
    at renderRootSync (webpack-internal:///(app-pages-browser)/./node_modules/next/dist/compiled/react-dom/cjs/react-dom.development.js:25419:7)
    at performConcurrentWorkOnRoot (webpack-internal:///(app-pages-browser)/./node_modules/next/dist/compiled/react-dom/cjs/react-dom.development.js:24504:74)
    at workLoop (webpack-internal:///(app-pages-browser)/./node_modules/next/dist/compiled/scheduler/cjs/scheduler.development.js:256:34)
    at flushWork (webpack-internal:///(app-pages-browser)/./node_modules/next/dist/compiled/scheduler/cjs/scheduler.development.js:225:14)
    at MessagePort.performWorkUntilDeadline (webpack-internal:///(app-pages-browser)/./node_modules/next/dist/compiled/scheduler/cjs/scheduler.development.js:534:21)
[ 2764740ms] ReferenceError: searchQuery is not defined
    at TreeNodeItem (webpack-internal:///(app-pages-browser)/./src/app/(dashboard)/structure-bdd/page.tsx:196:40)
    at renderWithHooks (webpack-internal:///(app-pages-browser)/./node_modules/next/dist/compiled/react-dom/cjs/react-dom.development.js:11121:18)
    at updateFunctionComponent (webpack-internal:///(app-pages-browser)/./node_modules/next/dist/compiled/react-dom/cjs/react-dom.development.js:16290:20)
    at updateSimpleMemoComponent (webpack-internal:///(app-pages-browser)/./node_modules/next/dist/compiled/react-dom/cjs/react-dom.development.js:15999:10)
    at updateMemoComponent (webpack-internal:///(app-pages-browser)/./node_modules/next/dist/compiled/react-dom/cjs/react-dom.development.js:15900:14)
    at beginWork$1 (webpack-internal:///(app-pages-browser)/./node_modules/next/dist/compiled/react-dom/cjs/react-dom.development.js:18547:16)
    at beginWork (webpack-internal:///(app-pages-browser)/./node_modules/next/dist/compiled/react-dom/cjs/react-dom.development.js:26927:14)
    at performUnitOfWork (webpack-internal:///(app-pages-browser)/./node_modules/next/dist/compiled/react-dom/cjs/react-dom.development.js:25748:12)
    at workLoopSync (webpack-internal:///(app-pages-browser)/./node_modules/next/dist/compiled/react-dom/cjs/react-dom.development.js:25464:5)
    at renderRootSync (webpack-internal:///(app-pages-browser)/./node_modules/next/dist/compiled/react-dom/cjs/react-dom.development.js:25419:7)
    at performConcurrentWorkOnRoot (webpack-internal:///(app-pages-browser)/./node_modules/next/dist/compiled/react-dom/cjs/react-dom.development.js:24504:74)
    at workLoop (webpack-internal:///(app-pages-browser)/./node_modules/next/dist/compiled/scheduler/cjs/scheduler.development.js:256:34)
    at flushWork (webpack-internal:///(app-pages-browser)/./node_modules/next/dist/compiled/scheduler/cjs/scheduler.development.js:225:14)
    at MessagePort.performWorkUntilDeadline (webpack-internal:///(app-pages-browser)/./node_modules/next/dist/compiled/scheduler/cjs/scheduler.development.js:534:21)
[ 2764743ms] ReferenceError: searchQuery is not defined
    at TreeNodeItem (webpack-internal:///(app-pages-browser)/./src/app/(dashboard)/structure-bdd/page.tsx:196:40)
    at renderWithHooks (webpack-internal:///(app-pages-browser)/./node_modules/next/dist/compiled/react-dom/cjs/react-dom.development.js:11121:18)
    at updateFunctionComponent (webpack-internal:///(app-pages-browser)/./node_modules/next/dist/compiled/react-dom/cjs/react-dom.development.js:16290:20)
    at updateSimpleMemoComponent (webpack-internal:///(app-pages-browser)/./node_modules/next/dist/compiled/react-dom/cjs/react-dom.development.js:15999:10)
    at updateMemoComponent (webpack-internal:///(app-pages-browser)/./node_modules/next/dist/compiled/react-dom/cjs/react-dom.development.js:15900:14)
    at beginWork$1 (webpack-internal:///(app-pages-browser)/./node_modules/next/dist/compiled/react-dom/cjs/react-dom.development.js:18547:16)
    at beginWork (webpack-internal:///(app-pages-browser)/./node_modules/next/dist/compiled/react-dom/cjs/react-dom.development.js:26927:14)
    at performUnitOfWork (webpack-internal:///(app-pages-browser)/./node_modules/next/dist/compiled/react-dom/cjs/react-dom.development.js:25748:12)
    at workLoopSync (webpack-internal:///(app-pages-browser)/./node_modules/next/dist/compiled/react-dom/cjs/react-dom.development.js:25464:5)
    at renderRootSync (webpack-internal:///(app-pages-browser)/./node_modules/next/dist/compiled/react-dom/cjs/react-dom.development.js:25419:7)
    at performConcurrentWorkOnRoot (webpack-internal:///(app-pages-browser)/./node_modules/next/dist/compiled/react-dom/cjs/react-dom.development.js:24504:74)
    at workLoop (webpack-internal:///(app-pages-browser)/./node_modules/next/dist/compiled/scheduler/cjs/scheduler.development.js:256:34)
    at flushWork (webpack-internal:///(app-pages-browser)/./node_modules/next/dist/compiled/scheduler/cjs/scheduler.development.js:225:14)
    at MessagePort.performWorkUntilDeadline (webpack-internal:///(app-pages-browser)/./node_modules/next/dist/compiled/scheduler/cjs/scheduler.development.js:534:21)
[ 2764745ms] ReferenceError: searchQuery is not defined
    at TreeNodeItem (webpack-internal:///(app-pages-browser)/./src/app/(dashboard)/structure-bdd/page.tsx:196:40)
    at renderWithHooks (webpack-internal:///(app-pages-browser)/./node_modules/next/dist/compiled/react-dom/cjs/react-dom.development.js:11121:18)
    at updateFunctionComponent (webpack-internal:///(app-pages-browser)/./node_modules/next/dist/compiled/react-dom/cjs/react-dom.development.js:16290:20)
    at updateSimpleMemoComponent (webpack-internal:///(app-pages-browser)/./node_modules/next/dist/compiled/react-dom/cjs/react-dom.development.js:15999:10)
    at updateMemoComponent (webpack-internal:///(app-pages-browser)/./node_modules/next/dist/compiled/react-dom/cjs/react-dom.development.js:15900:14)
    at beginWork$1 (webpack-internal:///(app-pages-browser)/./node_modules/next/dist/compiled/react-dom/cjs/react-dom.development.js:18547:16)
    at beginWork (webpack-internal:///(app-pages-browser)/./node_modules/next/dist/compiled/react-dom/cjs/react-dom.development.js:26927:14)
    at performUnitOfWork (webpack-internal:///(app-pages-browser)/./node_modules/next/dist/compiled/react-dom/cjs/react-dom.development.js:25748:12)
    at workLoopSync (webpack-internal:///(app-pages-browser)/./node_modules/next/dist/compiled/react-dom/cjs/react-dom.development.js:25464:5)
    at renderRootSync (webpack-internal:///(app-pages-browser)/./node_modules/next/dist/compiled/react-dom/cjs/react-dom.development.js:25419:7)
    at performConcurrentWorkOnRoot (webpack-internal:///(app-pages-browser)/./node_modules/next/dist/compiled/react-dom/cjs/react-dom.development.js:24504:74)
    at workLoop (webpack-internal:///(app-pages-browser)/./node_modules/next/dist/compiled/scheduler/cjs/scheduler.development.js:256:34)
    at flushWork (webpack-internal:///(app-pages-browser)/./node_modules/next/dist/compiled/scheduler/cjs/scheduler.development.js:225:14)
    at MessagePort.performWorkUntilDeadline (webpack-internal:///(app-pages-browser)/./node_modules/next/dist/compiled/scheduler/cjs/scheduler.development.js:534:21)
[ 2764745ms] ReferenceError: searchQuery is not defined
    at TreeNodeItem (webpack-internal:///(app-pages-browser)/./src/app/(dashboard)/structure-bdd/page.tsx:196:40)
    at renderWithHooks (webpack-internal:///(app-pages-browser)/./node_modules/next/dist/compiled/react-dom/cjs/react-dom.development.js:11121:18)
    at updateFunctionComponent (webpack-internal:///(app-pages-browser)/./node_modules/next/dist/compiled/react-dom/cjs/react-dom.development.js:16290:20)
    at updateSimpleMemoComponent (webpack-internal:///(app-pages-browser)/./node_modules/next/dist/compiled/react-dom/cjs/react-dom.development.js:15999:10)
    at updateMemoComponent (webpack-internal:///(app-pages-browser)/./node_modules/next/dist/compiled/react-dom/cjs/react-dom.development.js:15900:14)
    at beginWork$1 (webpack-internal:///(app-pages-browser)/./node_modules/next/dist/compiled/react-dom/cjs/react-dom.development.js:18547:16)
    at beginWork (webpack-internal:///(app-pages-browser)/./node_modules/next/dist/compiled/react-dom/cjs/react-dom.development.js:26927:14)
    at performUnitOfWork (webpack-internal:///(app-pages-browser)/./node_modules/next/dist/compiled/react-dom/cjs/react-dom.development.js:25748:12)
    at workLoopSync (webpack-internal:///(app-pages-browser)/./node_modules/next/dist/compiled/react-dom/cjs/react-dom.development.js:25464:5)
    at renderRootSync (webpack-internal:///(app-pages-browser)/./node_modules/next/dist/compiled/react-dom/cjs/react-dom.development.js:25419:7)
    at performConcurrentWorkOnRoot (webpack-internal:///(app-pages-browser)/./node_modules/next/dist/compiled/react-dom/cjs/react-dom.development.js:24504:74)
    at workLoop (webpack-internal:///(app-pages-browser)/./node_modules/next/dist/compiled/scheduler/cjs/scheduler.development.js:256:34)
    at flushWork (webpack-internal:///(app-pages-browser)/./node_modules/next/dist/compiled/scheduler/cjs/scheduler.development.js:225:14)
    at MessagePort.performWorkUntilDeadline (webpack-internal:///(app-pages-browser)/./node_modules/next/dist/compiled/scheduler/cjs/scheduler.development.js:534:21)
[ 2764746ms] ReferenceError: searchQuery is not defined
    at TreeNodeItem (webpack-internal:///(app-pages-browser)/./src/app/(dashboard)/structure-bdd/page.tsx:196:40)
    at renderWithHooks (webpack-internal:///(app-pages-browser)/./node_modules/next/dist/compiled/react-dom/cjs/react-dom.development.js:11121:18)
    at updateFunctionComponent (webpack-internal:///(app-pages-browser)/./node_modules/next/dist/compiled/react-dom/cjs/react-dom.development.js:16290:20)
    at updateSimpleMemoComponent (webpack-internal:///(app-pages-browser)/./node_modules/next/dist/compiled/react-dom/cjs/react-dom.development.js:15999:10)
    at updateMemoComponent (webpack-internal:///(app-pages-browser)/./node_modules/next/dist/compiled/react-dom/cjs/react-dom.development.js:15900:14)
    at beginWork$1 (webpack-internal:///(app-pages-browser)/./node_modules/next/dist/compiled/react-dom/cjs/react-dom.development.js:18547:16)
    at beginWork (webpack-internal:///(app-pages-browser)/./node_modules/next/dist/compiled/react-dom/cjs/react-dom.development.js:26927:14)
    at performUnitOfWork (webpack-internal:///(app-pages-browser)/./node_modules/next/dist/compiled/react-dom/cjs/react-dom.development.js:25748:12)
    at workLoopSync (webpack-internal:///(app-pages-browser)/./node_modules/next/dist/compiled/react-dom/cjs/react-dom.development.js:25464:5)
    at renderRootSync (webpack-internal:///(app-pages-browser)/./node_modules/next/dist/compiled/react-dom/cjs/react-dom.development.js:25419:7)
    at performConcurrentWorkOnRoot (webpack-internal:///(app-pages-browser)/./node_modules/next/dist/compiled/react-dom/cjs/react-dom.development.js:24504:74)
    at workLoop (webpack-internal:///(app-pages-browser)/./node_modules/next/dist/compiled/scheduler/cjs/scheduler.development.js:256:34)
    at flushWork (webpack-internal:///(app-pages-browser)/./node_modules/next/dist/compiled/scheduler/cjs/scheduler.development.js:225:14)
    at MessagePort.performWorkUntilDeadline (webpack-internal:///(app-pages-browser)/./node_modules/next/dist/compiled/scheduler/cjs/scheduler.development.js:534:21)
[ 2764749ms] ReferenceError: searchQuery is not defined
    at TreeNodeItem (webpack-internal:///(app-pages-browser)/./src/app/(dashboard)/structure-bdd/page.tsx:196:40)
    at renderWithHooks (webpack-internal:///(app-pages-browser)/./node_modules/next/dist/compiled/react-dom/cjs/react-dom.development.js:11121:18)
    at updateFunctionComponent (webpack-internal:///(app-pages-browser)/./node_modules/next/dist/compiled/react-dom/cjs/react-dom.development.js:16290:20)
    at updateSimpleMemoComponent (webpack-internal:///(app-pages-browser)/./node_modules/next/dist/compiled/react-dom/cjs/react-dom.development.js:15999:10)
    at updateMemoComponent (webpack-internal:///(app-pages-browser)/./node_modules/next/dist/compiled/react-dom/cjs/react-dom.development.js:15900:14)
    at beginWork$1 (webpack-internal:///(app-pages-browser)/./node_modules/next/dist/compiled/react-dom/cjs/react-dom.development.js:18547:16)
    at beginWork (webpack-internal:///(app-pages-browser)/./node_modules/next/dist/compiled/react-dom/cjs/react-dom.development.js:26927:14)
    at performUnitOfWork (webpack-internal:///(app-pages-browser)/./node_modules/next/dist/compiled/react-dom/cjs/react-dom.development.js:25748:12)
    at workLoopSync (webpack-internal:///(app-pages-browser)/./node_modules/next/dist/compiled/react-dom/cjs/react-dom.development.js:25464:5)
    at renderRootSync (webpack-internal:///(app-pages-browser)/./node_modules/next/dist/compiled/react-dom/cjs/react-dom.development.js:25419:7)
    at performConcurrentWorkOnRoot (webpack-internal:///(app-pages-browser)/./node_modules/next/dist/compiled/react-dom/cjs/react-dom.development.js:24504:74)
    at workLoop (webpack-internal:///(app-pages-browser)/./node_modules/next/dist/compiled/scheduler/cjs/scheduler.development.js:256:34)
    at flushWork (webpack-internal:///(app-pages-browser)/./node_modules/next/dist/compiled/scheduler/cjs/scheduler.development.js:225:14)
    at MessagePort.performWorkUntilDeadline (webpack-internal:///(app-pages-browser)/./node_modules/next/dist/compiled/scheduler/cjs/scheduler.development.js:534:21)
[ 2764749ms] ReferenceError: searchQuery is not defined
    at TreeNodeItem (webpack-internal:///(app-pages-browser)/./src/app/(dashboard)/structure-bdd/page.tsx:196:40)
    at renderWithHooks (webpack-internal:///(app-pages-browser)/./node_modules/next/dist/compiled/react-dom/cjs/react-dom.development.js:11121:18)
    at updateFunctionComponent (webpack-internal:///(app-pages-browser)/./node_modules/next/dist/compiled/react-dom/cjs/react-dom.development.js:16290:20)
    at updateSimpleMemoComponent (webpack-internal:///(app-pages-browser)/./node_modules/next/dist/compiled/react-dom/cjs/react-dom.development.js:15999:10)
    at updateMemoComponent (webpack-internal:///(app-pages-browser)/./node_modules/next/dist/compiled/react-dom/cjs/react-dom.development.js:15900:14)
    at beginWork$1 (webpack-internal:///(app-pages-browser)/./node_modules/next/dist/compiled/react-dom/cjs/react-dom.development.js:18547:16)
    at beginWork (webpack-internal:///(app-pages-browser)/./node_modules/next/dist/compiled/react-dom/cjs/react-dom.development.js:26927:14)
    at performUnitOfWork (webpack-internal:///(app-pages-browser)/./node_modules/next/dist/compiled/react-dom/cjs/react-dom.development.js:25748:12)
    at workLoopSync (webpack-internal:///(app-pages-browser)/./node_modules/next/dist/compiled/react-dom/cjs/react-dom.development.js:25464:5)
    at renderRootSync (webpack-internal:///(app-pages-browser)/./node_modules/next/dist/compiled/react-dom/cjs/react-dom.development.js:25419:7)
    at performConcurrentWorkOnRoot (webpack-internal:///(app-pages-browser)/./node_modules/next/dist/compiled/react-dom/cjs/react-dom.development.js:24504:74)
    at workLoop (webpack-internal:///(app-pages-browser)/./node_modules/next/dist/compiled/scheduler/cjs/scheduler.development.js:256:34)
    at flushWork (webpack-internal:///(app-pages-browser)/./node_modules/next/dist/compiled/scheduler/cjs/scheduler.development.js:225:14)
    at MessagePort.performWorkUntilDeadline (webpack-internal:///(app-pages-browser)/./node_modules/next/dist/compiled/scheduler/cjs/scheduler.development.js:534:21)
[ 2764752ms] [LOG] [StructureBDD] render result {web: 6, local: 0, vector: 0, images: 0, webError: false} @ webpack-internal:///(app-pages-browser)/./src/app/(dashboard)/structure-bdd/page.tsx:1763
[ 2764753ms] [LOG] [StructureBDD] render result {web: 6, local: 0, vector: 0, images: 0, webError: false} @ webpack-internal:///(app-pages-browser)/./src/app/(dashboard)/structure-bdd/page.tsx:1763
[ 2764762ms] ReferenceError: searchQuery is not defined
    at TreeNodeItem (webpack-internal:///(app-pages-browser)/./src/app/(dashboard)/structure-bdd/page.tsx:196:40)
    at renderWithHooks (webpack-internal:///(app-pages-browser)/./node_modules/next/dist/compiled/react-dom/cjs/react-dom.development.js:11121:18)
    at updateFunctionComponent (webpack-internal:///(app-pages-browser)/./node_modules/next/dist/compiled/react-dom/cjs/react-dom.development.js:16290:20)
    at updateSimpleMemoComponent (webpack-internal:///(app-pages-browser)/./node_modules/next/dist/compiled/react-dom/cjs/react-dom.development.js:15999:10)
    at updateMemoComponent (webpack-internal:///(app-pages-browser)/./node_modules/next/dist/compiled/react-dom/cjs/react-dom.development.js:15900:14)
    at beginWork$1 (webpack-internal:///(app-pages-browser)/./node_modules/next/dist/compiled/react-dom/cjs/react-dom.development.js:18547:16)
    at HTMLUnknownElement.callCallback (webpack-internal:///(app-pages-browser)/./node_modules/next/dist/compiled/react-dom/cjs/react-dom.development.js:20565:14)
    at Object.invokeGuardedCallbackImpl (webpack-internal:///(app-pages-browser)/./node_modules/next/dist/compiled/react-dom/cjs/react-dom.development.js:20614:16)
    at invokeGuardedCallback (webpack-internal:///(app-pages-browser)/./node_modules/next/dist/compiled/react-dom/cjs/react-dom.development.js:20689:29)
    at beginWork (webpack-internal:///(app-pages-browser)/./node_modules/next/dist/compiled/react-dom/cjs/react-dom.development.js:26949:7)
    at performUnitOfWork (webpack-internal:///(app-pages-browser)/./node_modules/next/dist/compiled/react-dom/cjs/react-dom.development.js:25748:12)
    at workLoopSync (webpack-internal:///(app-pages-browser)/./node_modules/next/dist/compiled/react-dom/cjs/react-dom.development.js:25464:5)
    at renderRootSync (webpack-internal:///(app-pages-browser)/./node_modules/next/dist/compiled/react-dom/cjs/react-dom.development.js:25419:7)
    at recoverFromConcurrentError (webpack-internal:///(app-pages-browser)/./node_modules/next/dist/compiled/react-dom/cjs/react-dom.development.js:24597:20)
    at performConcurrentWorkOnRoot (webpack-internal:///(app-pages-browser)/./node_modules/next/dist/compiled/react-dom/cjs/react-dom.development.js:24542:26)
    at workLoop (webpack-internal:///(app-pages-browser)/./node_modules/next/dist/compiled/scheduler/cjs/scheduler.development.js:256:34)
    at flushWork (webpack-internal:///(app-pages-browser)/./node_modules/next/dist/compiled/scheduler/cjs/scheduler.development.js:225:14)
    at MessagePort.performWorkUntilDeadline (webpack-internal:///(app-pages-browser)/./node_modules/next/dist/compiled/scheduler/cjs/scheduler.development.js:534:21)
[ 2764768ms] ReferenceError: searchQuery is not defined
    at TreeNodeItem (webpack-internal:///(app-pages-browser)/./src/app/(dashboard)/structure-bdd/page.tsx:196:40)
    at renderWithHooks (webpack-internal:///(app-pages-browser)/./node_modules/next/dist/compiled/react-dom/cjs/react-dom.development.js:11121:18)
    at updateFunctionComponent (webpack-internal:///(app-pages-browser)/./node_modules/next/dist/compiled/react-dom/cjs/react-dom.development.js:16290:20)
    at updateSimpleMemoComponent (webpack-internal:///(app-pages-browser)/./node_modules/next/dist/compiled/react-dom/cjs/react-dom.development.js:15999:10)
    at updateMemoComponent (webpack-internal:///(app-pages-browser)/./node_modules/next/dist/compiled/react-dom/cjs/react-dom.development.js:15900:14)
    at beginWork$1 (webpack-internal:///(app-pages-browser)/./node_modules/next/dist/compiled/react-dom/cjs/react-dom.development.js:18547:16)
    at beginWork (webpack-internal:///(app-pages-browser)/./node_modules/next/dist/compiled/react-dom/cjs/react-dom.development.js:26927:14)
    at performUnitOfWork (webpack-internal:///(app-pages-browser)/./node_modules/next/dist/compiled/react-dom/cjs/react-dom.development.js:25748:12)
    at workLoopSync (webpack-internal:///(app-pages-browser)/./node_modules/next/dist/compiled/react-dom/cjs/react-dom.development.js:25464:5)
    at renderRootSync (webpack-internal:///(app-pages-browser)/./node_modules/next/dist/compiled/react-dom/cjs/react-dom.development.js:25419:7)
    at recoverFromConcurrentError (webpack-internal:///(app-pages-browser)/./node_modules/next/dist/compiled/react-dom/cjs/react-dom.development.js:24597:20)
    at performConcurrentWorkOnRoot (webpack-internal:///(app-pages-browser)/./node_modules/next/dist/compiled/react-dom/cjs/react-dom.development.js:24542:26)
    at workLoop (webpack-internal:///(app-pages-browser)/./node_modules/next/dist/compiled/scheduler/cjs/scheduler.development.js:256:34)
    at flushWork (webpack-internal:///(app-pages-browser)/./node_modules/next/dist/compiled/scheduler/cjs/scheduler.development.js:225:14)
    at MessagePort.performWorkUntilDeadline (webpack-internal:///(app-pages-browser)/./node_modules/next/dist/compiled/scheduler/cjs/scheduler.development.js:534:21)
[ 2764770ms] ReferenceError: searchQuery is not defined
    at TreeNodeItem (webpack-internal:///(app-pages-browser)/./src/app/(dashboard)/structure-bdd/page.tsx:196:40)
    at renderWithHooks (webpack-internal:///(app-pages-browser)/./node_modules/next/dist/compiled/react-dom/cjs/react-dom.development.js:11121:18)
    at updateFunctionComponent (webpack-internal:///(app-pages-browser)/./node_modules/next/dist/compiled/react-dom/cjs/react-dom.development.js:16290:20)
    at updateSimpleMemoComponent (webpack-internal:///(app-pages-browser)/./node_modules/next/dist/compiled/react-dom/cjs/react-dom.development.js:15999:10)
    at updateMemoComponent (webpack-internal:///(app-pages-browser)/./node_modules/next/dist/compiled/react-dom/cjs/react-dom.development.js:15900:14)
    at beginWork$1 (webpack-internal:///(app-pages-browser)/./node_modules/next/dist/compiled/react-dom/cjs/react-dom.development.js:18547:16)
    at beginWork (webpack-internal:///(app-pages-browser)/./node_modules/next/dist/compiled/react-dom/cjs/react-dom.development.js:26927:14)
    at performUnitOfWork (webpack-internal:///(app-pages-browser)/./node_modules/next/dist/compiled/react-dom/cjs/react-dom.development.js:25748:12)
    at workLoopSync (webpack-internal:///(app-pages-browser)/./node_modules/next/dist/compiled/react-dom/cjs/react-dom.development.js:25464:5)
    at renderRootSync (webpack-internal:///(app-pages-browser)/./node_modules/next/dist/compiled/react-dom/cjs/react-dom.development.js:25419:7)
    at recoverFromConcurrentError (webpack-internal:///(app-pages-browser)/./node_modules/next/dist/compiled/react-dom/cjs/react-dom.development.js:24597:20)
    at performConcurrentWorkOnRoot (webpack-internal:///(app-pages-browser)/./node_modules/next/dist/compiled/react-dom/cjs/react-dom.development.js:24542:26)
    at workLoop (webpack-internal:///(app-pages-browser)/./node_modules/next/dist/compiled/scheduler/cjs/scheduler.development.js:256:34)
    at flushWork (webpack-internal:///(app-pages-browser)/./node_modules/next/dist/compiled/scheduler/cjs/scheduler.development.js:225:14)
    at MessagePort.performWorkUntilDeadline (webpack-internal:///(app-pages-browser)/./node_modules/next/dist/compiled/scheduler/cjs/scheduler.development.js:534:21)
[ 2764770ms] ReferenceError: searchQuery is not defined
    at TreeNodeItem (webpack-internal:///(app-pages-browser)/./src/app/(dashboard)/structure-bdd/page.tsx:196:40)
    at renderWithHooks (webpack-internal:///(app-pages-browser)/./node_modules/next/dist/compiled/react-dom/cjs/react-dom.development.js:11121:18)
    at updateFunctionComponent (webpack-internal:///(app-pages-browser)/./node_modules/next/dist/compiled/react-dom/cjs/react-dom.development.js:16290:20)
    at updateSimpleMemoComponent (webpack-internal:///(app-pages-browser)/./node_modules/next/dist/compiled/react-dom/cjs/react-dom.development.js:15999:10)
    at updateMemoComponent (webpack-internal:///(app-pages-browser)/./node_modules/next/dist/compiled/react-dom/cjs/react-dom.development.js:15900:14)
    at beginWork$1 (webpack-internal:///(app-pages-browser)/./node_modules/next/dist/compiled/react-dom/cjs/react-dom.development.js:18547:16)
    at beginWork (webpack-internal:///(app-pages-browser)/./node_modules/next/dist/compiled/react-dom/cjs/react-dom.development.js:26927:14)
    at performUnitOfWork (webpack-internal:///(app-pages-browser)/./node_modules/next/dist/compiled/react-dom/cjs/react-dom.development.js:25748:12)
    at workLoopSync (webpack-internal:///(app-pages-browser)/./node_modules/next/dist/compiled/react-dom/cjs/react-dom.development.js:25464:5)
    at renderRootSync (webpack-internal:///(app-pages-browser)/./node_modules/next/dist/compiled/react-dom/cjs/react-dom.development.js:25419:7)
    at recoverFromConcurrentError (webpack-internal:///(app-pages-browser)/./node_modules/next/dist/compiled/react-dom/cjs/react-dom.development.js:24597:20)
    at performConcurrentWorkOnRoot (webpack-internal:///(app-pages-browser)/./node_modules/next/dist/compiled/react-dom/cjs/react-dom.development.js:24542:26)
    at workLoop (webpack-internal:///(app-pages-browser)/./node_modules/next/dist/compiled/scheduler/cjs/scheduler.development.js:256:34)
    at flushWork (webpack-internal:///(app-pages-browser)/./node_modules/next/dist/compiled/scheduler/cjs/scheduler.development.js:225:14)
    at MessagePort.performWorkUntilDeadline (webpack-internal:///(app-pages-browser)/./node_modules/next/dist/compiled/scheduler/cjs/scheduler.development.js:534:21)
[ 2764770ms] ReferenceError: searchQuery is not defined
    at TreeNodeItem (webpack-internal:///(app-pages-browser)/./src/app/(dashboard)/structure-bdd/page.tsx:196:40)
    at renderWithHooks (webpack-internal:///(app-pages-browser)/./node_modules/next/dist/compiled/react-dom/cjs/react-dom.development.js:11121:18)
    at updateFunctionComponent (webpack-internal:///(app-pages-browser)/./node_modules/next/dist/compiled/react-dom/cjs/react-dom.development.js:16290:20)
    at updateSimpleMemoComponent (webpack-internal:///(app-pages-browser)/./node_modules/next/dist/compiled/react-dom/cjs/react-dom.development.js:15999:10)
    at updateMemoComponent (webpack-internal:///(app-pages-browser)/./node_modules/next/dist/compiled/react-dom/cjs/react-dom.development.js:15900:14)
    at beginWork$1 (webpack-internal:///(app-pages-browser)/./node_modules/next/dist/compiled/react-dom/cjs/react-dom.development.js:18547:16)
    at beginWork (webpack-internal:///(app-pages-browser)/./node_modules/next/dist/compiled/react-dom/cjs/react-dom.development.js:26927:14)
    at performUnitOfWork (webpack-internal:///(app-pages-browser)/./node_modules/next/dist/compiled/react-dom/cjs/react-dom.development.js:25748:12)
    at workLoopSync (webpack-internal:///(app-pages-browser)/./node_modules/next/dist/compiled/react-dom/cjs/react-dom.development.js:25464:5)
    at renderRootSync (webpack-internal:///(app-pages-browser)/./node_modules/next/dist/compiled/react-dom/cjs/react-dom.development.js:25419:7)
    at recoverFromConcurrentError (webpack-internal:///(app-pages-browser)/./node_modules/next/dist/compiled/react-dom/cjs/react-dom.development.js:24597:20)
    at performConcurrentWorkOnRoot (webpack-internal:///(app-pages-browser)/./node_modules/next/dist/compiled/react-dom/cjs/react-dom.development.js:24542:26)
    at workLoop (webpack-internal:///(app-pages-browser)/./node_modules/next/dist/compiled/scheduler/cjs/scheduler.development.js:256:34)
    at flushWork (webpack-internal:///(app-pages-browser)/./node_modules/next/dist/compiled/scheduler/cjs/scheduler.development.js:225:14)
    at MessagePort.performWorkUntilDeadline (webpack-internal:///(app-pages-browser)/./node_modules/next/dist/compiled/scheduler/cjs/scheduler.development.js:534:21)
[ 2764771ms] ReferenceError: searchQuery is not defined
    at TreeNodeItem (webpack-internal:///(app-pages-browser)/./src/app/(dashboard)/structure-bdd/page.tsx:196:40)
    at renderWithHooks (webpack-internal:///(app-pages-browser)/./node_modules/next/dist/compiled/react-dom/cjs/react-dom.development.js:11121:18)
    at updateFunctionComponent (webpack-internal:///(app-pages-browser)/./node_modules/next/dist/compiled/react-dom/cjs/react-dom.development.js:16290:20)
    at updateSimpleMemoComponent (webpack-internal:///(app-pages-browser)/./node_modules/next/dist/compiled/react-dom/cjs/react-dom.development.js:15999:10)
    at updateMemoComponent (webpack-internal:///(app-pages-browser)/./node_modules/next/dist/compiled/react-dom/cjs/react-dom.development.js:15900:14)
    at beginWork$1 (webpack-internal:///(app-pages-browser)/./node_modules/next/dist/compiled/react-dom/cjs/react-dom.development.js:18547:16)
    at beginWork (webpack-internal:///(app-pages-browser)/./node_modules/next/dist/compiled/react-dom/cjs/react-dom.development.js:26927:14)
    at performUnitOfWork (webpack-internal:///(app-pages-browser)/./node_modules/next/dist/compiled/react-dom/cjs/react-dom.development.js:25748:12)
    at workLoopSync (webpack-internal:///(app-pages-browser)/./node_modules/next/dist/compiled/react-dom/cjs/react-dom.development.js:25464:5)
    at renderRootSync (webpack-internal:///(app-pages-browser)/./node_modules/next/dist/compiled/react-dom/cjs/react-dom.development.js:25419:7)
    at recoverFromConcurrentError (webpack-internal:///(app-pages-browser)/./node_modules/next/dist/compiled/react-dom/cjs/react-dom.development.js:24597:20)
    at performConcurrentWorkOnRoot (webpack-internal:///(app-pages-browser)/./node_modules/next/dist/compiled/react-dom/cjs/react-dom.development.js:24542:26)
    at workLoop (webpack-internal:///(app-pages-browser)/./node_modules/next/dist/compiled/scheduler/cjs/scheduler.development.js:256:34)
    at flushWork (webpack-internal:///(app-pages-browser)/./node_modules/next/dist/compiled/scheduler/cjs/scheduler.development.js:225:14)
    at MessagePort.performWorkUntilDeadline (webpack-internal:///(app-pages-browser)/./node_modules/next/dist/compiled/scheduler/cjs/scheduler.development.js:534:21)
[ 2764771ms] ReferenceError: searchQuery is not defined
    at TreeNodeItem (webpack-internal:///(app-pages-browser)/./src/app/(dashboard)/structure-bdd/page.tsx:196:40)
    at renderWithHooks (webpack-internal:///(app-pages-browser)/./node_modules/next/dist/compiled/react-dom/cjs/react-dom.development.js:11121:18)
    at updateFunctionComponent (webpack-internal:///(app-pages-browser)/./node_modules/next/dist/compiled/react-dom/cjs/react-dom.development.js:16290:20)
    at updateSimpleMemoComponent (webpack-internal:///(app-pages-browser)/./node_modules/next/dist/compiled/react-dom/cjs/react-dom.development.js:15999:10)
    at updateMemoComponent (webpack-internal:///(app-pages-browser)/./node_modules/next/dist/compiled/react-dom/cjs/react-dom.development.js:15900:14)
    at beginWork$1 (webpack-internal:///(app-pages-browser)/./node_modules/next/dist/compiled/react-dom/cjs/react-dom.development.js:18547:16)
    at beginWork (webpack-internal:///(app-pages-browser)/./node_modules/next/dist/compiled/react-dom/cjs/react-dom.development.js:26927:14)
    at performUnitOfWork (webpack-internal:///(app-pages-browser)/./node_modules/next/dist/compiled/react-dom/cjs/react-dom.development.js:25748:12)
    at workLoopSync (webpack-internal:///(app-pages-browser)/./node_modules/next/dist/compiled/react-dom/cjs/react-dom.development.js:25464:5)
    at renderRootSync (webpack-internal:///(app-pages-browser)/./node_modules/next/dist/compiled/react-dom/cjs/react-dom.development.js:25419:7)
    at recoverFromConcurrentError (webpack-internal:///(app-pages-browser)/./node_modules/next/dist/compiled/react-dom/cjs/react-dom.development.js:24597:20)
    at performConcurrentWorkOnRoot (webpack-internal:///(app-pages-browser)/./node_modules/next/dist/compiled/react-dom/cjs/react-dom.development.js:24542:26)
    at workLoop (webpack-internal:///(app-pages-browser)/./node_modules/next/dist/compiled/scheduler/cjs/scheduler.development.js:256:34)
    at flushWork (webpack-internal:///(app-pages-browser)/./node_modules/next/dist/compiled/scheduler/cjs/scheduler.development.js:225:14)
    at MessagePort.performWorkUntilDeadline (webpack-internal:///(app-pages-browser)/./node_modules/next/dist/compiled/scheduler/cjs/scheduler.development.js:534:21)
[ 2764772ms] ReferenceError: searchQuery is not defined
    at TreeNodeItem (webpack-internal:///(app-pages-browser)/./src/app/(dashboard)/structure-bdd/page.tsx:196:40)
    at renderWithHooks (webpack-internal:///(app-pages-browser)/./node_modules/next/dist/compiled/react-dom/cjs/react-dom.development.js:11121:18)
    at updateFunctionComponent (webpack-internal:///(app-pages-browser)/./node_modules/next/dist/compiled/react-dom/cjs/react-dom.development.js:16290:20)
    at updateSimpleMemoComponent (webpack-internal:///(app-pages-browser)/./node_modules/next/dist/compiled/react-dom/cjs/react-dom.development.js:15999:10)
    at updateMemoComponent (webpack-internal:///(app-pages-browser)/./node_modules/next/dist/compiled/react-dom/cjs/react-dom.development.js:15900:14)
    at beginWork$1 (webpack-internal:///(app-pages-browser)/./node_modules/next/dist/compiled/react-dom/cjs/react-dom.development.js:18547:16)
    at beginWork (webpack-internal:///(app-pages-browser)/./node_modules/next/dist/compiled/react-dom/cjs/react-dom.development.js:26927:14)
    at performUnitOfWork (webpack-internal:///(app-pages-browser)/./node_modules/next/dist/compiled/react-dom/cjs/react-dom.development.js:25748:12)
    at workLoopSync (webpack-internal:///(app-pages-browser)/./node_modules/next/dist/compiled/react-dom/cjs/react-dom.development.js:25464:5)
    at renderRootSync (webpack-internal:///(app-pages-browser)/./node_modules/next/dist/compiled/react-dom/cjs/react-dom.development.js:25419:7)
    at recoverFromConcurrentError (webpack-internal:///(app-pages-browser)/./node_modules/next/dist/compiled/react-dom/cjs/react-dom.development.js:24597:20)
    at performConcurrentWorkOnRoot (webpack-internal:///(app-pages-browser)/./node_modules/next/dist/compiled/react-dom/cjs/react-dom.development.js:24542:26)
    at workLoop (webpack-internal:///(app-pages-browser)/./node_modules/next/dist/compiled/scheduler/cjs/scheduler.development.js:256:34)
    at flushWork (webpack-internal:///(app-pages-browser)/./node_modules/next/dist/compiled/scheduler/cjs/scheduler.development.js:225:14)
    at MessagePort.performWorkUntilDeadline (webpack-internal:///(app-pages-browser)/./node_modules/next/dist/compiled/scheduler/cjs/scheduler.development.js:534:21)
[ 2764777ms] [ERROR] The above error occurred in the <NotFoundErrorBoundary> component:

    at TreeNodeItem (webpack-internal:///(app-pages-browser)/./src/app/(dashboard)/structure-bdd/page.tsx:107:11)
    at div
    at div
    at _c (webpack-internal:///(app-pages-browser)/./src/components/ui/card.tsx:19:11)
    at div
    at section
    at StructureBDDPage (webpack-internal:///(app-pages-browser)/./src/app/(dashboard)/structure-bdd/page.tsx:441:82)
    at ClientPageRoot (webpack-internal:///(app-pages-browser)/./node_modules/next/dist/client/components/client-page.js:14:11)
    at InnerLayoutRouter (webpack-internal:///(app-pages-browser)/./node_modules/next/dist/client/components/layout-router.js:243:11)
    at RedirectErrorBoundary (webpack-internal:///(app-pages-browser)/./node_modules/next/dist/client/components/redirect-boundary.js:74:9)
    at RedirectBoundary (webpack-internal:///(app-pages-browser)/./node_modules/next/dist/client/components/redirect-boundary.js:82:11)
    at NotFoundBoundary (webpack-internal:///(app-pages-browser)/./node_modules/next/dist/client/components/not-found-boundary.js:84:11)
    at LoadingBoundary (webpack-internal:///(app-pages-browser)/./node_modules/next/dist/client/components/layout-router.js:349:11)
    at ErrorBoundary (webpack-internal:///(app-pages-browser)/./node_modules/next/dist/client/components/error-boundary.js:160:11)
    at InnerScrollAndFocusHandler (webpack-internal:///(app-pages-browser)/./node_modules/next/dist/client/components/layout-router.js:153:9)
    at ScrollAndFocusHandler (webpack-internal:///(app-pages-browser)/./node_modules/next/dist/client/components/layout-router.js:228:11)
    at RenderFromTemplateContext (webpack-internal:///(app-pages-browser)/./node_modules/next/dist/client/components/render-from-template-context.js:16:44)
    at OuterLayoutRouter (webpack-internal:///(app-pages-browser)/./node_modules/next/dist/client/components/layout-router.js:370:11)
    at InnerLayoutRouter (webpack-internal:///(app-pages-browser)/./node_modules/next/dist/client/components/layout-router.js:243:11)
    at RedirectErrorBoundary (webpack-internal:///(app-pages-browser)/./node_modules/next/dist/client/components/redirect-boundary.js:74:9)
    at RedirectBoundary (webpack-internal:///(app-pages-browser)/./node_modules/next/dist/client/components/redirect-boundary.js:82:11)
    at NotFoundErrorBoundary (webpack-internal:///(app-pages-browser)/./node_modules/next/dist/client/components/not-found-boundary.js:76:9)
    at NotFoundBoundary (webpack-internal:///(app-pages-browser)/./node_modules/next/dist/client/components/not-found-boundary.js:84:11)
    at LoadingBoundary (webpack-internal:///(app-pages-browser)/./node_modules/next/dist/client/components/layout-router.js:349:11)
    at ErrorBoundary (webpack-internal:///(app-pages-browser)/./node_modules/next/dist/client/components/error-boundary.js:160:11)
    at InnerScrollAndFocusHandler (webpack-internal:///(app-pages-browser)/./node_modules/next/dist/client/components/layout-router.js:153:9)
    at ScrollAndFocusHandler (webpack-internal:///(app-pages-browser)/./node_modules/next/dist/client/components/layout-router.js:228:11)
    at RenderFromTemplateContext (webpack-internal:///(app-pages-browser)/./node_modules/next/dist/client/components/render-from-template-context.js:16:44)
    at OuterLayoutRouter (webpack-internal:///(app-pages-browser)/./node_modules/next/dist/client/components/layout-router.js:370:11)
    at div
    at main
    at div
    at SidebarProvider (webpack-internal:///(app-pages-browser)/./src/context/SidebarProvider.tsx:16:11)
    at ThemeProvider (webpack-internal:///(app-pages-browser)/./src/components/theme-provider.tsx:17:11)
    at DashboardLayout (webpack-internal:///(app-pages-browser)/./src/app/(dashboard)/layout.tsx:40:11)
    at InnerLayoutRouter (webpack-internal:///(app-pages-browser)/./node_modules/next/dist/client/components/layout-router.js:243:11)
    at RedirectErrorBoundary (webpack-internal:///(app-pages-browser)/./node_modules/next/dist/client/components/redirect-boundary.js:74:9)
    at RedirectBoundary (webpack-internal:///(app-pages-browser)/./node_modules/next/dist/client/components/redirect-boundary.js:82:11)
    at NotFoundErrorBoundary (webpack-internal:///(app-pages-browser)/./node_modules/next/dist/client/components/not-found-boundary.js:76:9)
    at NotFoundBoundary (webpack-internal:///(app-pages-browser)/./node_modules/next/dist/client/components/not-found-boundary.js:84:11)
    at LoadingBoundary (webpack-internal:///(app-pages-browser)/./node_modules/next/dist/client/components/layout-router.js:349:11)
    at ErrorBoundary (webpack-internal:///(app-pages-browser)/./node_modules/next/dist/client/components/error-boundary.js:160:11)
    at InnerScrollAndFocusHandler (webpack-internal:///(app-pages-browser)/./node_modules/next/dist/client/components/layout-router.js:153:9)
    at ScrollAndFocusHandler (webpack-internal:///(app-pages-browser)/./node_modules/next/dist/client/components/layout-router.js:228:11)
    at RenderFromTemplateContext (webpack-internal:///(app-pages-browser)/./node_modules/next/dist/client/components/render-from-template-context.js:16:44)
    at OuterLayoutRouter (webpack-internal:///(app-pages-browser)/./node_modules/next/dist/client/components/layout-router.js:370:11)
    at QueryClientProvider (webpack-internal:///(app-pages-browser)/./node_modules/@tanstack/react-query/build/modern/QueryClientProvider.js:27:11)
    at Providers (webpack-internal:///(app-pages-browser)/./src/components/providers/query-provider.tsx:16:11)
    at SessionProvider (webpack-internal:///(app-pages-browser)/./node_modules/next-auth/react/index.js:365:24)
    at SessionProvider (webpack-internal:///(app-pages-browser)/./src/components/auth/SessionProvider.tsx:12:11)
    at body
    at html
    at RootLayout (Server)
    at RedirectErrorBoundary (webpack-internal:///(app-pages-browser)/./node_modules/next/dist/client/components/redirect-boundary.js:74:9)
    at RedirectBoundary (webpack-internal:///(app-pages-browser)/./node_modules/next/dist/client/components/redirect-boundary.js:82:11)
    at NotFoundErrorBoundary (webpack-internal:///(app-pages-browser)/./node_modules/next/dist/client/components/not-found-boundary.js:76:9)
    at NotFoundBoundary (webpack-internal:///(app-pages-browser)/./node_modules/next/dist/client/components/not-found-boundary.js:84:11)
    at DevRootNotFoundBoundary (webpack-internal:///(app-pages-browser)/./node_modules/next/dist/client/components/dev-root-not-found-boundary.js:33:11)
    at ReactDevOverlay (webpack-internal:///(app-pages-browser)/./node_modules/next/dist/client/components/react-dev-overlay/app/ReactDevOverlay.js:87:9)
    at HotReload (webpack-internal:///(app-pages-browser)/./node_modules/next/dist/client/components/react-dev-overlay/app/hot-reloader-client.js:321:11)
    at Router (webpack-internal:///(app-pages-browser)/./node_modules/next/dist/client/components/app-router.js:207:11)
    at ErrorBoundaryHandler (webpack-internal:///(app-pages-browser)/./node_modules/next/dist/client/components/error-boundary.js:113:9)
    at ErrorBoundary (webpack-internal:///(app-pages-browser)/./node_modules/next/dist/client/components/error-boundary.js:160:11)
    at AppRouter (webpack-internal:///(app-pages-browser)/./node_modules/next/dist/client/components/app-router.js:585:13)
    at ServerRoot (webpack-internal:///(app-pages-browser)/./node_modules/next/dist/client/app-index.js:112:27)
    at Root (webpack-internal:///(app-pages-browser)/./node_modules/next/dist/client/app-index.js:117:11)

React will try to recreate this component tree from scratch using the error boundary you provided, ReactDevOverlay. @ webpack-internal:///(app-pages-browser)/./node_modules/next/dist/client/app-index.js:32
[ 2838069ms] [LOG] [Fast Refresh] rebuilding @ webpack-internal:///(app-pages-browser)/./node_modules/next/dist/client/components/react-dev-overlay/app/hot-reloader-client.js:186
[ 2840084ms] [WARNING] [Fast Refresh] performing full reload because your application had an unrecoverable error @ webpack-internal:///(app-pages-browser)/./node_modules/next/dist/client/components/react-dev-overlay/app/hot-reloader-client.js:114
[ 2844350ms] [INFO] %cDownload the React DevTools for a better development experience: https://reactjs.org/link/react-devtools font-weight:bold @ webpack-internal:///(app-pages-browser)/./node_modules/next/dist/compiled/react-dom/cjs/react-dom.development.js:38559
[ 2844615ms] [LOG] [Auth] Utilisateur connecté détecté {userId: cmt3i6d290000qn8stnmxf460, role: admin, email: admin@nexaflow.com} @ webpack-internal:///(app-pages-browser)/./src/lib/procedures/client-auth.ts:15
[ 2844616ms] [LOG] [Auth] Utilisateur connecté détecté {userId: cmt3i6d290000qn8stnmxf460, role: admin, email: admin@nexaflow.com} @ webpack-internal:///(app-pages-browser)/./src/lib/procedures/client-auth.ts:15
[ 2844647ms] [LOG] [StructureBDD] render loading @ webpack-internal:///(app-pages-browser)/./src/app/(dashboard)/structure-bdd/page.tsx:1746
[ 2844648ms] [LOG] [StructureBDD] render loading @ webpack-internal:///(app-pages-browser)/./src/app/(dashboard)/structure-bdd/page.tsx:1746
[ 2844670ms] [LOG] [StructureBDD] mount @ webpack-internal:///(app-pages-browser)/./src/app/(dashboard)/structure-bdd/page.tsx:664
[ 2844673ms] [LOG] [StructureBDD] loadTrees start @ webpack-internal:///(app-pages-browser)/./src/app/(dashboard)/structure-bdd/page.tsx:533
[ 2844688ms] [LOG] [StructureBDD] mount @ webpack-internal:///(app-pages-browser)/./src/app/(dashboard)/structure-bdd/page.tsx:664
[ 2844690ms] [LOG] [StructureBDD] loadTrees start @ webpack-internal:///(app-pages-browser)/./src/app/(dashboard)/structure-bdd/page.tsx:533
[ 2844725ms] [LOG] [Auth] Utilisateur connecté détecté {userId: cmt3i6d290000qn8stnmxf460, role: admin, email: admin@nexaflow.com} @ webpack-internal:///(app-pages-browser)/./src/lib/procedures/client-auth.ts:15
[ 2844726ms] [LOG] [Auth] Utilisateur connecté détecté {userId: cmt3i6d290000qn8stnmxf460, role: admin, email: admin@nexaflow.com} @ webpack-internal:///(app-pages-browser)/./src/lib/procedures/client-auth.ts:15
[ 2844738ms] [LOG] [StructureBDD] render loading @ webpack-internal:///(app-pages-browser)/./src/app/(dashboard)/structure-bdd/page.tsx:1746
[ 2844739ms] [LOG] [StructureBDD] render loading @ webpack-internal:///(app-pages-browser)/./src/app/(dashboard)/structure-bdd/page.tsx:1746
[ 2844751ms] [LOG] [StructureBDD] mount @ webpack-internal:///(app-pages-browser)/./src/app/(dashboard)/structure-bdd/page.tsx:664
[ 2844753ms] [LOG] [StructureBDD] loadTrees start @ webpack-internal:///(app-pages-browser)/./src/app/(dashboard)/structure-bdd/page.tsx:533
[ 2844760ms] [LOG] [StructureBDD] mount @ webpack-internal:///(app-pages-browser)/./src/app/(dashboard)/structure-bdd/page.tsx:664
[ 2844761ms] [LOG] [StructureBDD] loadTrees start @ webpack-internal:///(app-pages-browser)/./src/app/(dashboard)/structure-bdd/page.tsx:533
[ 2845755ms] [WARNING] [SQLite] OPFS SAH Pool indisponible, repli sur IndexedDB (SqlJsDb). Error: Missing required OPFS APIs.
    at sqlite3.installOpfsSAHPoolVfs (webpack-internal:///(app-pages-browser)/./node_modules/@sqlite.org/sqlite-wasm/dist/index.mjs:15637:284)
    at openPersistentDatabase (webpack-internal:///(app-pages-browser)/./src/lib/client-engine/sqlite.ts:24:44)
    at eval (webpack-internal:///(app-pages-browser)/./src/lib/client-engine/sqlite.ts:51:20) @ webpack-internal:///(app-pages-browser)/./src/lib/client-engine/sqlite.ts:30
[ 2845755ms] [WARNING] [SQLite] Aucun stockage OPFS persistant disponible : repli sur localStorage (les données survivront au rechargement dans la limite de stockage du navigateur). @ webpack-internal:///(app-pages-browser)/./src/lib/client-engine/sqlite.ts:34
[ 2845884ms] [LOG] [SQLite] Base de données locale initialisée @ webpack-internal:///(app-pages-browser)/./src/lib/client-engine/sqlite.ts:52
[ 2845912ms] [LOG] [VectorStore] Base de données vectorielle IndexedDB initialisée @ webpack-internal:///(app-pages-browser)/./src/lib/client-engine/vector-store.ts:92
[ 2845913ms] [LOG] [VectorStore] Base de données vectorielle IndexedDB initialisée @ webpack-internal:///(app-pages-browser)/./src/lib/client-engine/vector-store.ts:92
[ 2845913ms] [LOG] [VectorStore] Base de données vectorielle IndexedDB initialisée @ webpack-internal:///(app-pages-browser)/./src/lib/client-engine/vector-store.ts:92
[ 2845913ms] [LOG] [VectorStore] Base de données vectorielle IndexedDB initialisée @ webpack-internal:///(app-pages-browser)/./src/lib/client-engine/vector-store.ts:92
[ 2845914ms] [LOG] [JsonStore] Base de données JSON IndexedDB initialisée @ webpack-internal:///(app-pages-browser)/./src/lib/client-engine/json-store.ts:50
[ 2845914ms] [LOG] [JsonStore] Base de données JSON IndexedDB initialisée @ webpack-internal:///(app-pages-browser)/./src/lib/client-engine/json-store.ts:50
[ 2845915ms] [LOG] [JsonStore] Base de données JSON IndexedDB initialisée @ webpack-internal:///(app-pages-browser)/./src/lib/client-engine/json-store.ts:50
[ 2845915ms] [LOG] [JsonStore] Base de données JSON IndexedDB initialisée @ webpack-internal:///(app-pages-browser)/./src/lib/client-engine/json-store.ts:50
[ 2845915ms] [LOG] [ClientEngine] Initialisation terminée: {sqlite: true, vectorStore: true, jsonStore: true} @ webpack-internal:///(app-pages-browser)/./src/lib/client-engine/index.ts:77
[ 2845915ms] [LOG] [ClientEngine] Initialisation terminée: {sqlite: true, vectorStore: true, jsonStore: true} @ webpack-internal:///(app-pages-browser)/./src/lib/client-engine/index.ts:77
[ 2845916ms] [LOG] [ClientEngine] Initialisation terminée: {sqlite: true, vectorStore: true, jsonStore: true} @ webpack-internal:///(app-pages-browser)/./src/lib/client-engine/index.ts:77
[ 2845916ms] [LOG] [ClientEngine] Initialisation terminée: {sqlite: true, vectorStore: true, jsonStore: true} @ webpack-internal:///(app-pages-browser)/./src/lib/client-engine/index.ts:77
[ 2845941ms] [LOG] [StructureBDD] local tree loaded {count: 0} @ webpack-internal:///(app-pages-browser)/./src/app/(dashboard)/structure-bdd/page.tsx:562
[ 2845942ms] [LOG] [StructureBDD] local tree loaded {count: 0} @ webpack-internal:///(app-pages-browser)/./src/app/(dashboard)/structure-bdd/page.tsx:562
[ 2845942ms] [LOG] [StructureBDD] local tree loaded {count: 0} @ webpack-internal:///(app-pages-browser)/./src/app/(dashboard)/structure-bdd/page.tsx:562
[ 2845942ms] [LOG] [StructureBDD] local tree loaded {count: 0} @ webpack-internal:///(app-pages-browser)/./src/app/(dashboard)/structure-bdd/page.tsx:562
[ 2845943ms] [LOG] [StructureBDD] vector docs loaded {count: 0} @ webpack-internal:///(app-pages-browser)/./src/app/(dashboard)/structure-bdd/page.tsx:586
[ 2845944ms] [LOG] [StructureBDD] vector docs loaded {count: 0} @ webpack-internal:///(app-pages-browser)/./src/app/(dashboard)/structure-bdd/page.tsx:586
[ 2845945ms] [LOG] [StructureBDD] vector docs loaded {count: 0} @ webpack-internal:///(app-pages-browser)/./src/app/(dashboard)/structure-bdd/page.tsx:586
[ 2845945ms] [LOG] [StructureBDD] vector docs loaded {count: 0} @ webpack-internal:///(app-pages-browser)/./src/app/(dashboard)/structure-bdd/page.tsx:586
[ 2845947ms] [LOG] [StructureBDD] render loading @ webpack-internal:///(app-pages-browser)/./src/app/(dashboard)/structure-bdd/page.tsx:1746
[ 2845948ms] [LOG] [StructureBDD] render loading @ webpack-internal:///(app-pages-browser)/./src/app/(dashboard)/structure-bdd/page.tsx:1746
[ 2845951ms] [LOG] [StructureBDD] vector tree loaded {count: 0} @ webpack-internal:///(app-pages-browser)/./src/app/(dashboard)/structure-bdd/page.tsx:600
[ 2845952ms] [LOG] [StructureBDD] vector tree loaded {count: 0} @ webpack-internal:///(app-pages-browser)/./src/app/(dashboard)/structure-bdd/page.tsx:600
[ 2845952ms] [LOG] [StructureBDD] vector tree loaded {count: 0} @ webpack-internal:///(app-pages-browser)/./src/app/(dashboard)/structure-bdd/page.tsx:600
[ 2845953ms] [LOG] [StructureBDD] vector tree loaded {count: 0} @ webpack-internal:///(app-pages-browser)/./src/app/(dashboard)/structure-bdd/page.tsx:600
[ 2845954ms] [LOG] [StructureBDD] render loading @ webpack-internal:///(app-pages-browser)/./src/app/(dashboard)/structure-bdd/page.tsx:1746
[ 2845954ms] [LOG] [StructureBDD] render loading @ webpack-internal:///(app-pages-browser)/./src/app/(dashboard)/structure-bdd/page.tsx:1746
[ 2846614ms] [LOG] [StructureBDD] /api/images/tree status 200 @ webpack-internal:///(app-pages-browser)/./src/app/(dashboard)/structure-bdd/page.tsx:627
[ 2846615ms] [LOG] [StructureBDD] image tree loaded {count: 0} @ webpack-internal:///(app-pages-browser)/./src/app/(dashboard)/structure-bdd/page.tsx:632
[ 2846856ms] [LOG] [StructureBDD] /api/tree status 200 @ webpack-internal:///(app-pages-browser)/./src/app/(dashboard)/structure-bdd/page.tsx:541
[ 2846860ms] [LOG] [StructureBDD] web tree loaded {count: 6} @ webpack-internal:///(app-pages-browser)/./src/app/(dashboard)/structure-bdd/page.tsx:549
[ 2849003ms] [LOG] [StructureBDD] /api/images/tree status 200 @ webpack-internal:///(app-pages-browser)/./src/app/(dashboard)/structure-bdd/page.tsx:627
[ 2849005ms] [LOG] [StructureBDD] image tree loaded {count: 0} @ webpack-internal:///(app-pages-browser)/./src/app/(dashboard)/structure-bdd/page.tsx:632
[ 2849070ms] [LOG] [StructureBDD] /api/tree status 200 @ webpack-internal:///(app-pages-browser)/./src/app/(dashboard)/structure-bdd/page.tsx:541
[ 2849074ms] [LOG] [StructureBDD] web tree loaded {count: 6} @ webpack-internal:///(app-pages-browser)/./src/app/(dashboard)/structure-bdd/page.tsx:549
[ 2849579ms] [LOG] [StructureBDD] /api/images/tree status 200 @ webpack-internal:///(app-pages-browser)/./src/app/(dashboard)/structure-bdd/page.tsx:627
[ 2849579ms] [LOG] [StructureBDD] image tree loaded {count: 0} @ webpack-internal:///(app-pages-browser)/./src/app/(dashboard)/structure-bdd/page.tsx:632
[ 2849581ms] [LOG] [StructureBDD] render loading @ webpack-internal:///(app-pages-browser)/./src/app/(dashboard)/structure-bdd/page.tsx:1746
[ 2849581ms] [LOG] [StructureBDD] render loading @ webpack-internal:///(app-pages-browser)/./src/app/(dashboard)/structure-bdd/page.tsx:1746
[ 2849600ms] [LOG] [StructureBDD] /api/tree status 200 @ webpack-internal:///(app-pages-browser)/./src/app/(dashboard)/structure-bdd/page.tsx:541
[ 2849602ms] [LOG] [StructureBDD] web tree loaded {count: 6} @ webpack-internal:///(app-pages-browser)/./src/app/(dashboard)/structure-bdd/page.tsx:549
[ 2849606ms] [LOG] [StructureBDD] render loading @ webpack-internal:///(app-pages-browser)/./src/app/(dashboard)/structure-bdd/page.tsx:1746
[ 2849607ms] [LOG] [StructureBDD] render loading @ webpack-internal:///(app-pages-browser)/./src/app/(dashboard)/structure-bdd/page.tsx:1746
[ 2850051ms] [LOG] [StructureBDD] /api/tree status 200 @ webpack-internal:///(app-pages-browser)/./src/app/(dashboard)/structure-bdd/page.tsx:541
[ 2850053ms] [LOG] [StructureBDD] web tree loaded {count: 6} @ webpack-internal:///(app-pages-browser)/./src/app/(dashboard)/structure-bdd/page.tsx:549
[ 2850055ms] [LOG] [StructureBDD] render loading @ webpack-internal:///(app-pages-browser)/./src/app/(dashboard)/structure-bdd/page.tsx:1746
[ 2850055ms] [LOG] [StructureBDD] render loading @ webpack-internal:///(app-pages-browser)/./src/app/(dashboard)/structure-bdd/page.tsx:1746
[ 2850130ms] [LOG] [StructureBDD] /api/images/tree status 200 @ webpack-internal:///(app-pages-browser)/./src/app/(dashboard)/structure-bdd/page.tsx:627
[ 2850131ms] [LOG] [StructureBDD] image tree loaded {count: 0} @ webpack-internal:///(app-pages-browser)/./src/app/(dashboard)/structure-bdd/page.tsx:632
[ 2850134ms] [LOG] [StructureBDD] render loading @ webpack-internal:///(app-pages-browser)/./src/app/(dashboard)/structure-bdd/page.tsx:1746
[ 2850134ms] [LOG] [StructureBDD] render loading @ webpack-internal:///(app-pages-browser)/./src/app/(dashboard)/structure-bdd/page.tsx:1746
[ 2850219ms] [LOG] [StructureBDD] render result {web: 6, local: 0, vector: 0, images: 0, webError: false} @ webpack-internal:///(app-pages-browser)/./src/app/(dashboard)/structure-bdd/page.tsx:1763
[ 2850221ms] [LOG] [StructureBDD] render result {web: 6, local: 0, vector: 0, images: 0, webError: false} @ webpack-internal:///(app-pages-browser)/./src/app/(dashboard)/structure-bdd/page.tsx:1763
[ 2850347ms] [LOG] [StructureBDD] render result {web: 6, local: 0, vector: 0, images: 0, webError: false} @ webpack-internal:///(app-pages-browser)/./src/app/(dashboard)/structure-bdd/page.tsx:1763
[ 2850348ms] [LOG] [StructureBDD] render result {web: 6, local: 0, vector: 0, images: 0, webError: false} @ webpack-internal:///(app-pages-browser)/./src/app/(dashboard)/structure-bdd/page.tsx:1763
[ 2882779ms] [LOG] [Fast Refresh] rebuilding @ webpack-internal:///(app-pages-browser)/./node_modules/next/dist/client/components/react-dev-overlay/app/hot-reloader-client.js:186
[ 2884403ms] [LOG] [StructureBDD] render result {web: 6, local: 0, vector: 0, images: 0, webError: false} @ webpack-internal:///(app-pages-browser)/./src/app/(dashboard)/structure-bdd/page.tsx:1764
[ 2884405ms] [LOG] [StructureBDD] render result {web: 6, local: 0, vector: 0, images: 0, webError: false} @ webpack-internal:///(app-pages-browser)/./src/app/(dashboard)/structure-bdd/page.tsx:1764
[ 2884440ms] [LOG] [StructureBDD] mount @ webpack-internal:///(app-pages-browser)/./src/app/(dashboard)/structure-bdd/page.tsx:665
[ 2884442ms] [LOG] [StructureBDD] loadTrees start @ webpack-internal:///(app-pages-browser)/./src/app/(dashboard)/structure-bdd/page.tsx:534
[ 2884459ms] [LOG] [Fast Refresh] done in 1681ms @ webpack-internal:///(app-pages-browser)/./node_modules/next/dist/client/components/react-dev-overlay/app/hot-reloader-client.js:43
[ 2884461ms] [LOG] [StructureBDD] local tree loaded {count: 0} @ webpack-internal:///(app-pages-browser)/./src/app/(dashboard)/structure-bdd/page.tsx:563
[ 2884463ms] [LOG] [StructureBDD] render loading @ webpack-internal:///(app-pages-browser)/./src/app/(dashboard)/structure-bdd/page.tsx:1747
[ 2884463ms] [LOG] [StructureBDD] render loading @ webpack-internal:///(app-pages-browser)/./src/app/(dashboard)/structure-bdd/page.tsx:1747
[ 2884476ms] [LOG] [StructureBDD] vector docs loaded {count: 0} @ webpack-internal:///(app-pages-browser)/./src/app/(dashboard)/structure-bdd/page.tsx:587
[ 2884490ms] [LOG] [StructureBDD] render loading @ webpack-internal:///(app-pages-browser)/./src/app/(dashboard)/structure-bdd/page.tsx:1747
[ 2884490ms] [LOG] [StructureBDD] render loading @ webpack-internal:///(app-pages-browser)/./src/app/(dashboard)/structure-bdd/page.tsx:1747
[ 2884491ms] [LOG] [StructureBDD] vector tree loaded {count: 0} @ webpack-internal:///(app-pages-browser)/./src/app/(dashboard)/structure-bdd/page.tsx:601
[ 2884493ms] [LOG] [StructureBDD] render loading @ webpack-internal:///(app-pages-browser)/./src/app/(dashboard)/structure-bdd/page.tsx:1747
[ 2884493ms] [LOG] [StructureBDD] render loading @ webpack-internal:///(app-pages-browser)/./src/app/(dashboard)/structure-bdd/page.tsx:1747
[ 2888402ms] [LOG] [StructureBDD] /api/images/tree status 200 @ webpack-internal:///(app-pages-browser)/./src/app/(dashboard)/structure-bdd/page.tsx:628
[ 2888403ms] [LOG] [StructureBDD] image tree loaded {count: 0} @ webpack-internal:///(app-pages-browser)/./src/app/(dashboard)/structure-bdd/page.tsx:633
[ 2888405ms] [LOG] [StructureBDD] render loading @ webpack-internal:///(app-pages-browser)/./src/app/(dashboard)/structure-bdd/page.tsx:1747
[ 2888405ms] [LOG] [StructureBDD] render loading @ webpack-internal:///(app-pages-browser)/./src/app/(dashboard)/structure-bdd/page.tsx:1747
[ 2888447ms] [LOG] [StructureBDD] /api/tree status 200 @ webpack-internal:///(app-pages-browser)/./src/app/(dashboard)/structure-bdd/page.tsx:542
[ 2888450ms] [LOG] [StructureBDD] web tree loaded {count: 6} @ webpack-internal:///(app-pages-browser)/./src/app/(dashboard)/structure-bdd/page.tsx:550
[ 2888453ms] [LOG] [StructureBDD] render loading @ webpack-internal:///(app-pages-browser)/./src/app/(dashboard)/structure-bdd/page.tsx:1747
[ 2888453ms] [LOG] [StructureBDD] render loading @ webpack-internal:///(app-pages-browser)/./src/app/(dashboard)/structure-bdd/page.tsx:1747
[ 2889168ms] [LOG] [StructureBDD] render loading @ webpack-internal:///(app-pages-browser)/./src/app/(dashboard)/structure-bdd/page.tsx:1747
[ 2889169ms] [LOG] [StructureBDD] render loading @ webpack-internal:///(app-pages-browser)/./src/app/(dashboard)/structure-bdd/page.tsx:1747
[ 2889669ms] [LOG] [StructureBDD] render result {web: 6, local: 0, vector: 0, images: 0, webError: false} @ webpack-internal:///(app-pages-browser)/./src/app/(dashboard)/structure-bdd/page.tsx:1764
[ 2889670ms] [LOG] [StructureBDD] render result {web: 6, local: 0, vector: 0, images: 0, webError: false} @ webpack-internal:///(app-pages-browser)/./src/app/(dashboard)/structure-bdd/page.tsx:1764
[ 2920992ms] [LOG] [Fast Refresh] rebuilding @ webpack-internal:///(app-pages-browser)/./node_modules/next/dist/client/components/react-dev-overlay/app/hot-reloader-client.js:186
[ 2922583ms] [LOG] [StructureBDD] render result {web: 6, local: 0, vector: 0, images: 0, webError: false} @ webpack-internal:///(app-pages-browser)/./src/app/(dashboard)/structure-bdd/page.tsx:1764
[ 2922585ms] [LOG] [StructureBDD] render result {web: 6, local: 0, vector: 0, images: 0, webError: false} @ webpack-internal:///(app-pages-browser)/./src/app/(dashboard)/structure-bdd/page.tsx:1764
[ 2922623ms] [LOG] [StructureBDD] mount @ webpack-internal:///(app-pages-browser)/./src/app/(dashboard)/structure-bdd/page.tsx:665
[ 2922625ms] [LOG] [StructureBDD] loadTrees start @ webpack-internal:///(app-pages-browser)/./src/app/(dashboard)/structure-bdd/page.tsx:534
[ 2922634ms] [LOG] [Fast Refresh] done in 1641ms @ webpack-internal:///(app-pages-browser)/./node_modules/next/dist/client/components/react-dev-overlay/app/hot-reloader-client.js:43
[ 2922636ms] [LOG] [StructureBDD] local tree loaded {count: 0} @ webpack-internal:///(app-pages-browser)/./src/app/(dashboard)/structure-bdd/page.tsx:563
[ 2922637ms] [LOG] [StructureBDD] render loading @ webpack-internal:///(app-pages-browser)/./src/app/(dashboard)/structure-bdd/page.tsx:1747
[ 2922638ms] [LOG] [StructureBDD] render loading @ webpack-internal:///(app-pages-browser)/./src/app/(dashboard)/structure-bdd/page.tsx:1747
[ 2922644ms] [LOG] [StructureBDD] vector docs loaded {count: 0} @ webpack-internal:///(app-pages-browser)/./src/app/(dashboard)/structure-bdd/page.tsx:587
[ 2922645ms] [LOG] [StructureBDD] render loading @ webpack-internal:///(app-pages-browser)/./src/app/(dashboard)/structure-bdd/page.tsx:1747
[ 2922645ms] [LOG] [StructureBDD] render loading @ webpack-internal:///(app-pages-browser)/./src/app/(dashboard)/structure-bdd/page.tsx:1747
[ 2922646ms] [LOG] [StructureBDD] vector tree loaded {count: 0} @ webpack-internal:///(app-pages-browser)/./src/app/(dashboard)/structure-bdd/page.tsx:601
[ 2922648ms] [LOG] [StructureBDD] render loading @ webpack-internal:///(app-pages-browser)/./src/app/(dashboard)/structure-bdd/page.tsx:1747
[ 2922649ms] [LOG] [StructureBDD] render loading @ webpack-internal:///(app-pages-browser)/./src/app/(dashboard)/structure-bdd/page.tsx:1747
[ 2925817ms] [LOG] [StructureBDD] /api/images/tree status 200 @ webpack-internal:///(app-pages-browser)/./src/app/(dashboard)/structure-bdd/page.tsx:628
[ 2925818ms] [LOG] [StructureBDD] image tree loaded {count: 0} @ webpack-internal:///(app-pages-browser)/./src/app/(dashboard)/structure-bdd/page.tsx:633
[ 2925820ms] [LOG] [StructureBDD] render loading @ webpack-internal:///(app-pages-browser)/./src/app/(dashboard)/structure-bdd/page.tsx:1747
[ 2925820ms] [LOG] [StructureBDD] render loading @ webpack-internal:///(app-pages-browser)/./src/app/(dashboard)/structure-bdd/page.tsx:1747
[ 2925882ms] [LOG] [StructureBDD] /api/tree status 200 @ webpack-internal:///(app-pages-browser)/./src/app/(dashboard)/structure-bdd/page.tsx:542
[ 2925885ms] [LOG] [StructureBDD] web tree loaded {count: 6} @ webpack-internal:///(app-pages-browser)/./src/app/(dashboard)/structure-bdd/page.tsx:550
[ 2925888ms] [LOG] [StructureBDD] render loading @ webpack-internal:///(app-pages-browser)/./src/app/(dashboard)/structure-bdd/page.tsx:1747
[ 2925889ms] [LOG] [StructureBDD] render loading @ webpack-internal:///(app-pages-browser)/./src/app/(dashboard)/structure-bdd/page.tsx:1747
[ 2926606ms] [LOG] [StructureBDD] render loading @ webpack-internal:///(app-pages-browser)/./src/app/(dashboard)/structure-bdd/page.tsx:1747
[ 2926607ms] [LOG] [StructureBDD] render loading @ webpack-internal:///(app-pages-browser)/./src/app/(dashboard)/structure-bdd/page.tsx:1747
[ 2927056ms] [LOG] [StructureBDD] render result {web: 6, local: 0, vector: 0, images: 0, webError: false} @ webpack-internal:///(app-pages-browser)/./src/app/(dashboard)/structure-bdd/page.tsx:1764
[ 2927058ms] [LOG] [StructureBDD] render result {web: 6, local: 0, vector: 0, images: 0, webError: false} @ webpack-internal:///(app-pages-browser)/./src/app/(dashboard)/structure-bdd/page.tsx:1764
